action_type,activity_comment,activity_id,activity_properties,assay_chembl_id,assay_description,assay_type,assay_variant_accession,assay_variant_mutation,bao_endpoint,bao_format,bao_label,canonical_smiles,data_validity_comment,data_validity_description,document_chembl_id,document_journal,document_year,ligand_efficiency,modality,molecule_chembl_id,molecule_pref_name,parent_molecule_chembl_id,pchembl_value,potential_duplicate,qudt_units,record_id,relation,src_id,standard_flag,standard_relation,standard_text_value,standard_type,standard_units,standard_upper_value,standard_value,target_chembl_id,target_organism,target_pref_name,target_tax_id,text_value,toid,type,units,uo_units,upper_value,value,ACTIVITY
,,2137218,[],CHEMBL920958,Inhibition of Myt1,B,,,BAO_0000190,BAO_0000357,single protein format,CN1CCc2[nH]c(=S)c(C#N)c(-c3cccs3)c2C1,,,CHEMBL1145498,Proc Natl Acad Sci U S A,2007,"{'bei': '20.60', 'le': '0.43', 'lle': '2.59', 'sei': '13.83'}",,CHEMBL261211,,CHEMBL261211,5.92,0,http://www.openphacts.org/units/Nanomolar,705221,=,1,1,=,,IC50,nM,,1200,CHEMBL3984,Homo sapiens,Membrane-associated tyrosine- and threonine-specific cdc2-inhibitory kinase,9606,,,IC50,nM,UO_0000065,,1200,5.920818754
,,6262773,[],CHEMBL1798996,Inhibition of MYT1,B,,,BAO_0000190,BAO_0000357,single protein format,Cc1ccc(C(=O)NCCO)cc1-n1cnc(OCc2ccc(F)cc2F)c(Cl)c1=O,,,CHEMBL1795201,Bioorg Med Chem Lett,2011,,,CHEMBL1738710,,CHEMBL1738710,,0,http://www.openphacts.org/units/Nanomolar,1435523,>,1,1,>,,IC50,nM,,10000,CHEMBL3984,Homo sapiens,Membrane-associated tyrosine- and threonine-specific cdc2-inhibitory kinase,9606,,,IC50,uM,UO_0000065,,10,5
,,8019301,[],CHEMBL1948658,Competitive inhibition of human Myt1 by TR-FRET assay,B,,,BAO_0000190,BAO_0000357,single protein format,CCN(CC)CCOc1ccc(Nc2ncc3cc(-c4c(Cl)cccc4Cl)c(=O)n(C)c3n2)cc1,,,CHEMBL1944550,Bioorg Med Chem Lett,2012,"{'bei': '15.91', 'le': '0.32', 'lle': '2.38', 'sei': '11.28'}",,CHEMBL49120,PD-0166285,CHEMBL49120,8.15,0,http://www.openphacts.org/units/Nanomolar,1576640,=,1,1,=,,IC50,nM,,7,CHEMBL3984,Homo sapiens,Membrane-associated tyrosine- and threonine-specific cdc2-inhibitory kinase,9606,,,IC50,nM,UO_0000065,,7,8.15490196
,,12183834,[],CHEMBL2211989,Inhibition of PKMYT1,B,,,BAO_0000190,BAO_0000357,single protein format,CC(C)(C)NS(=O)(=O)c1cncc(-c2ccn3nc(N)nc3c2)c1,,,CHEMBL2203257,Bioorg Med Chem Lett,2012,,,CHEMBL2205766,,CHEMBL2205766,,0,http://www.openphacts.org/units/Nanomolar,1759115,<,1,1,>,,IC50,nM,,10000,CHEMBL3984,Homo sapiens,Membrane-associated tyrosine- and threonine-specific cdc2-inhibitory kinase,9606,,,pIC50,,UO_0000065,,5,5
,,18664729,[],CHEMBL4233136,Inhibition of human full length PKMYT1 expressed in HEK293 cells using EFS (247 to 259 residues) as substrate after 1 hr by fluorescence polarization immunoasay,B,,,BAO_0000190,BAO_0000219,cell-based format,COc1cc(Nc2c(C#N)cnc3cc(OCCCN4CCN(C)CC4)c(OC)cc23)c(Cl)cc1Cl,,,CHEMBL4229416,Bioorg Med Chem,2018,"{'bei': '12.96', 'le': '0.26', 'lle': '1.69', 'sei': '8.30'}",,CHEMBL288441,BOSUTINIB,CHEMBL288441,6.88,0,http://www.openphacts.org/units/Nanomolar,3099920,=,1,1,=,,IC50,nM,,133,CHEMBL3984,Homo sapiens,Membrane-associated tyrosine- and threonine-specific cdc2-inhibitory kinase,9606,,,IC50,nM,UO_0000065,,133,6.876148359
,,18664730,[],CHEMBL4233136,Inhibition of human full length PKMYT1 expressed in HEK293 cells using EFS (247 to 259 residues) as substrate after 1 hr by fluorescence polarization immunoasay,B,,,BAO_0000190,BAO_0000219,cell-based format,Cc1nc(Nc2ncc(C(=O)Nc3c(C)cccc3Cl)s2)cc(N2CCN(CCO)CC2)n1.O,,,CHEMBL4229416,Bioorg Med Chem,2018,"{'bei': '16.85', 'le': '0.34', 'lle': '4.91', 'sei': '7.72'}",,CHEMBL5416410,DASATINIB,CHEMBL1421,8.22,0,http://www.openphacts.org/units/Nanomolar,3099921,=,1,1,=,,IC50,nM,,6,CHEMBL3984,Homo sapiens,Membrane-associated tyrosine- and threonine-specific cdc2-inhibitory kinase,9606,,,IC50,nM,UO_0000065,,6,8.22184875
,,18664731,[],CHEMBL4233136,Inhibition of human full length PKMYT1 expressed in HEK293 cells using EFS (247 to 259 residues) as substrate after 1 hr by fluorescence polarization immunoasay,B,,,BAO_0000190,BAO_0000219,cell-based format,C=CCn1c(=O)c2cnc(Nc3ccc(N4CCN(C)CC4)cc3)nc2n1-c1cccc(C(C)(C)O)n1,,,CHEMBL4229416,Bioorg Med Chem,2018,"{'bei': '10.60', 'le': '0.20', 'lle': '2.42', 'sei': '5.09'}",,CHEMBL1976040,ADAVOSERTIB,CHEMBL1976040,5.31,0,http://www.openphacts.org/units/Nanomolar,3099922,=,1,1,=,,IC50,nM,,4940,CHEMBL3984,Homo sapiens,Membrane-associated tyrosine- and threonine-specific cdc2-inhibitory kinase,9606,,,IC50,nM,UO_0000065,,4940,5.306273051
,,18664732,[],CHEMBL4233136,Inhibition of human full length PKMYT1 expressed in HEK293 cells using EFS (247 to 259 residues) as substrate after 1 hr by fluorescence polarization immunoasay,B,,,BAO_0000190,BAO_0000219,cell-based format,CCN(CC)CCOc1ccc(Nc2ncc3cc(-c4c(Cl)cccc4Cl)c(=O)n(C)c3n2)cc1,,,CHEMBL4229416,Bioorg Med Chem,2018,"{'bei': '15.80', 'le': '0.32', 'lle': '2.33', 'sei': '11.20'}",,CHEMBL49120,PD-0166285,CHEMBL49120,8.1,0,http://www.openphacts.org/units/Nanomolar,3099923,=,1,1,=,,IC50,nM,,8,CHEMBL3984,Homo sapiens,Membrane-associated tyrosine- and threonine-specific cdc2-inhibitory kinase,9606,,,IC50,nM,UO_0000065,,8,8.096910013
,,18664733,[],CHEMBL4233136,Inhibition of human full length PKMYT1 expressed in HEK293 cells using EFS (247 to 259 residues) as substrate after 1 hr by fluorescence polarization immunoasay,B,,,BAO_0000190,BAO_0000219,cell-based format,Cn1c(=O)c(-c2c(Cl)cccc2Cl)cc2cnc(Nc3ccc(N4CCOCC4)cc3)nc21,,,CHEMBL4229416,Bioorg Med Chem,2018,"{'bei': '15.80', 'le': '0.32', 'lle': '2.74', 'sei': '10.54'}",,CHEMBL106772,,CHEMBL106772,7.62,0,http://www.openphacts.org/units/Nanomolar,3099924,=,1,1,=,,IC50,nM,,24,CHEMBL3984,Homo sapiens,Membrane-associated tyrosine- and threonine-specific cdc2-inhibitory kinase,9606,,,IC50,nM,UO_0000065,,24,7.619788758
,,18664734,[],CHEMBL4233136,Inhibition of human full length PKMYT1 expressed in HEK293 cells using EFS (247 to 259 residues) as substrate after 1 hr by fluorescence polarization immunoasay,B,,,BAO_0000190,BAO_0000219,cell-based format,Cc1cc(Nc2ncc3cc(-c4c(Cl)cccc4Cl)c(=O)n(C)c3n2)ccc1F,,,CHEMBL4229416,Bioorg Med Chem,2018,"{'bei': '16.22', 'le': '0.33', 'lle': '1.47', 'sei': '11.64'}",,CHEMBL574058,,CHEMBL574058,6.96,0,http://www.openphacts.org/units/Nanomolar,3099925,=,1,1,=,,IC50,nM,,109,CHEMBL3984,Homo sapiens,Membrane-associated tyrosine- and threonine-specific cdc2-inhibitory kinase,9606,,,IC50,nM,UO_0000065,,109,6.962573502
,,18664735,[],CHEMBL4233136,Inhibition of human full length PKMYT1 expressed in HEK293 cells using EFS (247 to 259 residues) as substrate after 1 hr by fluorescence polarization immunoasay,B,,,BAO_0000190,BAO_0000219,cell-based format,CN1CCN(CCOc2cc(OC3CCOCC3)c3c(Nc4c(Cl)ccc5c4OCO5)ncnc3c2)CC1,,,CHEMBL4229416,Bioorg Med Chem,2018,"{'bei': '11.77', 'le': '0.23', 'lle': '2.44', 'sei': '7.05'}",,CHEMBL217092,SARACATINIB,CHEMBL217092,6.38,0,http://www.openphacts.org/units/Nanomolar,3099926,=,1,1,=,,IC50,nM,,418,CHEMBL3984,Homo sapiens,Membrane-associated tyrosine- and threonine-specific cdc2-inhibitory kinase,9606,,,IC50,nM,UO_0000065,,418,6.378823718
,,18664736,[],CHEMBL4233136,Inhibition of human full length PKMYT1 expressed in HEK293 cells using EFS (247 to 259 residues) as substrate after 1 hr by fluorescence polarization immunoasay,B,,,BAO_0000190,BAO_0000219,cell-based format,COc1cc2ncnc(Nc3cccc(Cl)c3)c2cc1OC,,,CHEMBL4229416,Bioorg Med Chem,2018,"{'bei': '14.91', 'le': '0.29', 'lle': '0.67', 'sei': '8.37'}",,CHEMBL7917,TYRPHOSTIN AG-1478,CHEMBL7917,4.71,0,http://www.openphacts.org/units/Nanomolar,3099927,=,1,1,=,,IC50,nM,,19600,CHEMBL3984,Homo sapiens,Membrane-associated tyrosine- and threonine-specific cdc2-inhibitory kinase,9606,,,IC50,nM,UO_0000065,,19600,4.707743929
,,18664737,[],CHEMBL4233136,Inhibition of human full length PKMYT1 expressed in HEK293 cells using EFS (247 to 259 residues) as substrate after 1 hr by fluorescence polarization immunoasay,B,,,BAO_0000190,BAO_0000219,cell-based format,NC(=O)c1cc(-c2ccncc2)cc(-c2ccccc2)c1N,,,CHEMBL4229416,Bioorg Med Chem,2018,"{'bei': '14.64', 'le': '0.26', 'lle': '1.14', 'sei': '5.17'}",,CHEMBL230911,GSK-625137A,CHEMBL230911,4.24,0,http://www.openphacts.org/units/Nanomolar,3099928,=,1,1,=,,IC50,nM,,57990,CHEMBL3984,Homo sapiens,Membrane-associated tyrosine- and threonine-specific cdc2-inhibitory kinase,9606,,,IC50,nM,UO_0000065,,57990,4.236646891
,,18664738,[],CHEMBL4233136,Inhibition of human full length PKMYT1 expressed in HEK293 cells using EFS (247 to 259 residues) as substrate after 1 hr by fluorescence polarization immunoasay,B,,,BAO_0000190,BAO_0000219,cell-based format,O=C(Nc1cccc(-c2nn3ncccc3c2-c2ccnc(Nc3cccnc3)n2)c1)c1c(F)cccc1F,,,CHEMBL4229416,Bioorg Med Chem,2018,"{'bei': '9.84', 'le': '0.18', 'lle': '-0.40', 'sei': '4.66'}",,CHEMBL579952,,CHEMBL579952,5.12,0,http://www.openphacts.org/units/Nanomolar,3099929,=,1,1,=,,IC50,nM,,7560,CHEMBL3984,Homo sapiens,Membrane-associated tyrosine- and threonine-specific cdc2-inhibitory kinase,9606,,,IC50,nM,UO_0000065,,7560,5.121478204
,,18664739,[],CHEMBL4233136,Inhibition of human full length PKMYT1 expressed in HEK293 cells using EFS (247 to 259 residues) as substrate after 1 hr by fluorescence polarization immunoasay,B,,,BAO_0000190,BAO_0000219,cell-based format,CNC(=O)c1ccccc1Nc1nc(Nc2ccc(N3CCOCC3)cc2)ncc1Cl,,,CHEMBL4229416,Bioorg Med Chem,2018,"{'bei': '14.97', 'le': '0.29', 'lle': '2.76', 'sei': '7.19'}",,CHEMBL545839,,CHEMBL545839,6.57,0,http://www.openphacts.org/units/Nanomolar,3099930,=,1,1,=,,IC50,nM,,270,CHEMBL3984,Homo sapiens,Membrane-associated tyrosine- and threonine-specific cdc2-inhibitory kinase,9606,,,IC50,nM,UO_0000065,,270,6.568636236
,,18664740,[],CHEMBL4233136,Inhibition of human full length PKMYT1 expressed in HEK293 cells using EFS (247 to 259 residues) as substrate after 1 hr by fluorescence polarization immunoasay,B,,,BAO_0000190,BAO_0000219,cell-based format,Cc1cc(O)cc(Nc2ccnc3cc(-c4ccccn4)ccc23)c1,,,CHEMBL4229416,Bioorg Med Chem,2018,"{'bei': '19.14', 'le': '0.34', 'lle': '1.22', 'sei': '10.79'}",,CHEMBL4246519,,CHEMBL4246519,6.26,0,http://www.openphacts.org/units/Nanomolar,3099931,=,1,1,=,,IC50,nM,,543,CHEMBL3984,Homo sapiens,Membrane-associated tyrosine- and threonine-specific cdc2-inhibitory kinase,9606,,,IC50,nM,UO_0000065,,543,6.26520017
,,18664741,[],CHEMBL4233136,Inhibition of human full length PKMYT1 expressed in HEK293 cells using EFS (247 to 259 residues) as substrate after 1 hr by fluorescence polarization immunoasay,B,,,BAO_0000190,BAO_0000219,cell-based format,COc1cc(Nc2ncc(C#N)c(Nc3ccccc3C(N)=O)n2)ccc1N1CCN(C)CC1,,,CHEMBL4229416,Bioorg Med Chem,2018,"{'bei': '14.11', 'le': '0.26', 'lle': '3.78', 'sei': '4.88'}",,CHEMBL4241193,,CHEMBL4241193,6.47,0,http://www.openphacts.org/units/Nanomolar,3099932,=,1,1,=,,IC50,nM,,340,CHEMBL3984,Homo sapiens,Membrane-associated tyrosine- and threonine-specific cdc2-inhibitory kinase,9606,,,IC50,nM,UO_0000065,,340,6.468521083
,,18664742,[],CHEMBL4233136,Inhibition of human full length PKMYT1 expressed in HEK293 cells using EFS (247 to 259 residues) as substrate after 1 hr by fluorescence polarization immunoasay,B,,,BAO_0000190,BAO_0000219,cell-based format,CNC(=O)c1ccccc1Nc1nc(Nc2cccc(CS(C)(=O)=O)c2)ncc1C,,,CHEMBL4229416,Bioorg Med Chem,2018,"{'bei': '16.31', 'le': '0.32', 'lle': '3.76', 'sei': '6.14'}",,CHEMBL587965,,CHEMBL587965,6.94,0,http://www.openphacts.org/units/Nanomolar,3099933,=,1,1,=,,IC50,nM,,115,CHEMBL3984,Homo sapiens,Membrane-associated tyrosine- and threonine-specific cdc2-inhibitory kinase,9606,,,IC50,nM,UO_0000065,,115,6.93930216
,,18664743,[],CHEMBL4233136,Inhibition of human full length PKMYT1 expressed in HEK293 cells using EFS (247 to 259 residues) as substrate after 1 hr by fluorescence polarization immunoasay,B,,,BAO_0000190,BAO_0000219,cell-based format,Cc1ccc(O)cc1Nc1ccnc2ccc(S(C)(=O)=O)cc12,,,CHEMBL4229416,Bioorg Med Chem,2018,"{'bei': '20.56', 'le': '0.40', 'lle': '3.35', 'sei': '8.52'}",,CHEMBL237347,GW559768X,CHEMBL237347,6.75,0,http://www.openphacts.org/units/Nanomolar,3099934,=,1,1,=,,IC50,nM,,177,CHEMBL3984,Homo sapiens,Membrane-associated tyrosine- and threonine-specific cdc2-inhibitory kinase,9606,,,IC50,nM,UO_0000065,,177,6.752026734
,,18664744,[],CHEMBL4233136,Inhibition of human full length PKMYT1 expressed in HEK293 cells using EFS (247 to 259 residues) as substrate after 1 hr by fluorescence polarization immunoasay,B,,,BAO_0000190,BAO_0000219,cell-based format,Oc1cccc(Nc2ccnc3cc(-c4ccncc4)ccc23)c1,,,CHEMBL4229416,Bioorg Med Chem,2018,"{'bei': '19.63', 'le': '0.35', 'lle': '1.40', 'sei': '10.60'}",,CHEMBL582038,,CHEMBL582038,6.15,0,http://www.openphacts.org/units/Nanomolar,3099935,=,1,1,=,,IC50,nM,,706,CHEMBL3984,Homo sapiens,Membrane-associated tyrosine- and threonine-specific cdc2-inhibitory kinase,9606,,,IC50,nM,UO_0000065,,706,6.151195299
,,18664745,[],CHEMBL4233136,Inhibition of human full length PKMYT1 expressed in HEK293 cells using EFS (247 to 259 residues) as substrate after 1 hr by fluorescence polarization immunoasay,B,,,BAO_0000190,BAO_0000219,cell-based format,NC(=O)c1cccc(Nc2nccc(Nc3cccc4[nH]ncc34)n2)c1,,,CHEMBL4229416,Bioorg Med Chem,2018,"{'bei': '18.22', 'le': '0.33', 'lle': '3.35', 'sei': '5.17'}",,CHEMBL251549,GW782612X,CHEMBL251549,6.29,0,http://www.openphacts.org/units/Nanomolar,3099936,=,1,1,=,,IC50,nM,,509,CHEMBL3984,Homo sapiens,Membrane-associated tyrosine- and threonine-specific cdc2-inhibitory kinase,9606,,,IC50,nM,UO_0000065,,509,6.293282218
,,18664746,[],CHEMBL4233136,Inhibition of human full length PKMYT1 expressed in HEK293 cells using EFS (247 to 259 residues) as substrate after 1 hr by fluorescence polarization immunoasay,B,,,BAO_0000190,BAO_0000219,cell-based format,Cc1cc(O)cc(C)c1/C=C/c1cncc(C(N)=O)c1,,,CHEMBL4229416,Bioorg Med Chem,2018,"{'bei': '18.03', 'le': '0.33', 'lle': '2.17', 'sei': '6.35'}",,CHEMBL218088,GW435821X,CHEMBL218088,4.84,0,http://www.openphacts.org/units/Nanomolar,3099937,=,1,1,=,,IC50,nM,,14510,CHEMBL3984,Homo sapiens,Membrane-associated tyrosine- and threonine-specific cdc2-inhibitory kinase,9606,,,IC50,nM,UO_0000065,,14510,4.838332588
,,18664747,[],CHEMBL4233137,"Inhibition of N-[3',6'-dihydroxy-3-oxo-3H-spiro(2-benzofuran-1,9'-xanthen)-5-yl]-N'-[2-(4-{4-[N-(2-chloro-6-methylphenyl)-5-carboxamido]-thiazol-2-yl})-amino-2-methyl-pyrimid-6-yl)piperazinyl]-ethyl]thiourea binding to human PKMYT1 kinase doamin expressed in Escherichia coli BL21 after 120 mins by fluorescence polarization asay",B,,,BAO_0000190,BAO_0000019,assay format,COc1cc(Nc2c(C#N)cnc3cc(OCCCN4CCN(C)CC4)c(OC)cc23)c(Cl)cc1Cl,,,CHEMBL4229416,Bioorg Med Chem,2018,"{'bei': '11.60', 'le': '0.23', 'lle': '0.96', 'sei': '7.42'}",,CHEMBL288441,BOSUTINIB,CHEMBL288441,6.15,0,http://www.openphacts.org/units/Nanomolar,3099920,=,1,1,=,,IC50,nM,,704,CHEMBL3984,Homo sapiens,Membrane-associated tyrosine- and threonine-specific cdc2-inhibitory kinase,9606,,,IC50,nM,UO_0000065,,704,6.152427341
,,18664748,[],CHEMBL4233137,"Inhibition of N-[3',6'-dihydroxy-3-oxo-3H-spiro(2-benzofuran-1,9'-xanthen)-5-yl]-N'-[2-(4-{4-[N-(2-chloro-6-methylphenyl)-5-carboxamido]-thiazol-2-yl})-amino-2-methyl-pyrimid-6-yl)piperazinyl]-ethyl]thiourea binding to human PKMYT1 kinase doamin expressed in Escherichia coli BL21 after 120 mins by fluorescence polarization asay",B,,,BAO_0000190,BAO_0000019,assay format,Cc1nc(Nc2ncc(C(=O)Nc3c(C)cccc3Cl)s2)cc(N2CCN(CCO)CC2)n1.O,,,CHEMBL4229416,Bioorg Med Chem,2018,"{'bei': '13.72', 'le': '0.28', 'lle': '3.38', 'sei': '6.29'}",,CHEMBL5416410,DASATINIB,CHEMBL1421,6.7,0,http://www.openphacts.org/units/Nanomolar,3099921,=,1,1,=,,IC50,nM,,202,CHEMBL3984,Homo sapiens,Membrane-associated tyrosine- and threonine-specific cdc2-inhibitory kinase,9606,,,IC50,nM,UO_0000065,,202,6.694648631
,,18664749,[],CHEMBL4233137,"Inhibition of N-[3',6'-dihydroxy-3-oxo-3H-spiro(2-benzofuran-1,9'-xanthen)-5-yl]-N'-[2-(4-{4-[N-(2-chloro-6-methylphenyl)-5-carboxamido]-thiazol-2-yl})-amino-2-methyl-pyrimid-6-yl)piperazinyl]-ethyl]thiourea binding to human PKMYT1 kinase doamin expressed in Escherichia coli BL21 after 120 mins by fluorescence polarization asay",B,,,BAO_0000190,BAO_0000019,assay format,C=CCn1c(=O)c2cnc(Nc3ccc(N4CCN(C)CC4)cc3)nc2n1-c1cccc(C(C)(C)O)n1,,,CHEMBL4229416,Bioorg Med Chem,2018,"{'bei': '11.73', 'le': '0.22', 'lle': '2.98', 'sei': '5.63'}",,CHEMBL1976040,ADAVOSERTIB,CHEMBL1976040,5.87,0,http://www.openphacts.org/units/Nanomolar,3099922,=,1,1,=,,IC50,nM,,1340,CHEMBL3984,Homo sapiens,Membrane-associated tyrosine- and threonine-specific cdc2-inhibitory kinase,9606,,,IC50,nM,UO_0000065,,1340,5.872895202
,,18664750,[],CHEMBL4233137,"Inhibition of N-[3',6'-dihydroxy-3-oxo-3H-spiro(2-benzofuran-1,9'-xanthen)-5-yl]-N'-[2-(4-{4-[N-(2-chloro-6-methylphenyl)-5-carboxamido]-thiazol-2-yl})-amino-2-methyl-pyrimid-6-yl)piperazinyl]-ethyl]thiourea binding to human PKMYT1 kinase doamin expressed in Escherichia coli BL21 after 120 mins by fluorescence polarization asay",B,,,BAO_0000190,BAO_0000019,assay format,CCN(CC)CCOc1ccc(Nc2ncc3cc(-c4c(Cl)cccc4Cl)c(=O)n(C)c3n2)cc1,,,CHEMBL4229416,Bioorg Med Chem,2018,"{'bei': '14.65', 'le': '0.29', 'lle': '1.74', 'sei': '10.39'}",,CHEMBL49120,PD-0166285,CHEMBL49120,7.51,0,http://www.openphacts.org/units/Nanomolar,3099923,=,1,1,=,,IC50,nM,,31.1,CHEMBL3984,Homo sapiens,Membrane-associated tyrosine- and threonine-specific cdc2-inhibitory kinase,9606,,,IC50,nM,UO_0000065,,31.1,7.507239611
,,18664751,[],CHEMBL4233137,"Inhibition of N-[3',6'-dihydroxy-3-oxo-3H-spiro(2-benzofuran-1,9'-xanthen)-5-yl]-N'-[2-(4-{4-[N-(2-chloro-6-methylphenyl)-5-carboxamido]-thiazol-2-yl})-amino-2-methyl-pyrimid-6-yl)piperazinyl]-ethyl]thiourea binding to human PKMYT1 kinase doamin expressed in Escherichia coli BL21 after 120 mins by fluorescence polarization asay",B,,,BAO_0000190,BAO_0000019,assay format,Cn1c(=O)c(-c2c(Cl)cccc2Cl)cc2cnc(Nc3ccc(N4CCOCC4)cc3)nc21,,,CHEMBL4229416,Bioorg Med Chem,2018,"{'bei': '15.05', 'le': '0.30', 'lle': '2.38', 'sei': '10.04'}",,CHEMBL106772,,CHEMBL106772,7.26,0,http://www.openphacts.org/units/Nanomolar,3099924,=,1,1,=,,IC50,nM,,55,CHEMBL3984,Homo sapiens,Membrane-associated tyrosine- and threonine-specific cdc2-inhibitory kinase,9606,,,IC50,nM,UO_0000065,,55,7.259637311
,,18664752,[],CHEMBL4233137,"Inhibition of N-[3',6'-dihydroxy-3-oxo-3H-spiro(2-benzofuran-1,9'-xanthen)-5-yl]-N'-[2-(4-{4-[N-(2-chloro-6-methylphenyl)-5-carboxamido]-thiazol-2-yl})-amino-2-methyl-pyrimid-6-yl)piperazinyl]-ethyl]thiourea binding to human PKMYT1 kinase doamin expressed in Escherichia coli BL21 after 120 mins by fluorescence polarization asay",B,,,BAO_0000190,BAO_0000019,assay format,Cc1cc(Nc2ncc3cc(-c4c(Cl)cccc4Cl)c(=O)n(C)c3n2)ccc1F,,,CHEMBL4229416,Bioorg Med Chem,2018,"{'bei': '12.97', 'le': '0.26', 'lle': '0.08', 'sei': '9.31'}",,CHEMBL574058,,CHEMBL574058,5.57,0,http://www.openphacts.org/units/Nanomolar,3099925,=,1,1,=,,IC50,nM,,2700,CHEMBL3984,Homo sapiens,Membrane-associated tyrosine- and threonine-specific cdc2-inhibitory kinase,9606,,,IC50,nM,UO_0000065,,2700,5.568636236
,,18664753,[],CHEMBL4233137,"Inhibition of N-[3',6'-dihydroxy-3-oxo-3H-spiro(2-benzofuran-1,9'-xanthen)-5-yl]-N'-[2-(4-{4-[N-(2-chloro-6-methylphenyl)-5-carboxamido]-thiazol-2-yl})-amino-2-methyl-pyrimid-6-yl)piperazinyl]-ethyl]thiourea binding to human PKMYT1 kinase doamin expressed in Escherichia coli BL21 after 120 mins by fluorescence polarization asay",B,,,BAO_0000190,BAO_0000019,assay format,CN1CCN(CCOc2cc(OC3CCOCC3)c3c(Nc4c(Cl)ccc5c4OCO5)ncnc3c2)CC1,,,CHEMBL4229416,Bioorg Med Chem,2018,"{'bei': '9.22', 'le': '0.18', 'lle': '1.06', 'sei': '5.53'}",,CHEMBL217092,SARACATINIB,CHEMBL217092,5,0,http://www.openphacts.org/units/Nanomolar,3099926,=,1,1,=,,IC50,nM,,10000,CHEMBL3984,Homo sapiens,Membrane-associated tyrosine- and threonine-specific cdc2-inhibitory kinase,9606,,,IC50,nM,UO_0000065,,10000,5
,,18664754,[],CHEMBL4233137,"Inhibition of N-[3',6'-dihydroxy-3-oxo-3H-spiro(2-benzofuran-1,9'-xanthen)-5-yl]-N'-[2-(4-{4-[N-(2-chloro-6-methylphenyl)-5-carboxamido]-thiazol-2-yl})-amino-2-methyl-pyrimid-6-yl)piperazinyl]-ethyl]thiourea binding to human PKMYT1 kinase doamin expressed in Escherichia coli BL21 after 120 mins by fluorescence polarization asay",B,,,BAO_0000190,BAO_0000019,assay format,COc1cc2ncnc(Nc3cccc(Cl)c3)c2cc1OC,,,CHEMBL4229416,Bioorg Med Chem,2018,"{'bei': '13.49', 'le': '0.26', 'lle': '0.22', 'sei': '7.57'}",,CHEMBL7917,TYRPHOSTIN AG-1478,CHEMBL7917,4.26,0,http://www.openphacts.org/units/Nanomolar,3099927,=,1,1,=,,IC50,nM,,55000,CHEMBL3984,Homo sapiens,Membrane-associated tyrosine- and threonine-specific cdc2-inhibitory kinase,9606,,,IC50,nM,UO_0000065,,55000,4.259637311
,,18664755,[],CHEMBL4233137,"Inhibition of N-[3',6'-dihydroxy-3-oxo-3H-spiro(2-benzofuran-1,9'-xanthen)-5-yl]-N'-[2-(4-{4-[N-(2-chloro-6-methylphenyl)-5-carboxamido]-thiazol-2-yl})-amino-2-methyl-pyrimid-6-yl)piperazinyl]-ethyl]thiourea binding to human PKMYT1 kinase doamin expressed in Escherichia coli BL21 after 120 mins by fluorescence polarization asay",B,,,BAO_0000190,BAO_0000019,assay format,NC(=O)c1cc(-c2ccncc2)cc(-c2ccccc2)c1N,,,CHEMBL4229416,Bioorg Med Chem,2018,"{'bei': '17.08', 'le': '0.31', 'lle': '1.84', 'sei': '6.03'}",,CHEMBL230911,GSK-625137A,CHEMBL230911,4.94,0,http://www.openphacts.org/units/Nanomolar,3099928,=,1,1,=,,IC50,nM,,11430,CHEMBL3984,Homo sapiens,Membrane-associated tyrosine- and threonine-specific cdc2-inhibitory kinase,9606,,,IC50,nM,UO_0000065,,11430,4.94195377
,,18664756,[],CHEMBL4233137,"Inhibition of N-[3',6'-dihydroxy-3-oxo-3H-spiro(2-benzofuran-1,9'-xanthen)-5-yl]-N'-[2-(4-{4-[N-(2-chloro-6-methylphenyl)-5-carboxamido]-thiazol-2-yl})-amino-2-methyl-pyrimid-6-yl)piperazinyl]-ethyl]thiourea binding to human PKMYT1 kinase doamin expressed in Escherichia coli BL21 after 120 mins by fluorescence polarization asay",B,,,BAO_0000190,BAO_0000019,assay format,O=C(Nc1cccc(-c2nn3ncccc3c2-c2ccnc(Nc3cccnc3)n2)c1)c1c(F)cccc1F,,,CHEMBL4229416,Bioorg Med Chem,2018,"{'bei': '9.08', 'le': '0.17', 'lle': '-0.80', 'sei': '4.29'}",,CHEMBL579952,,CHEMBL579952,4.72,0,http://www.openphacts.org/units/Nanomolar,3099929,=,1,1,=,,IC50,nM,,18880,CHEMBL3984,Homo sapiens,Membrane-associated tyrosine- and threonine-specific cdc2-inhibitory kinase,9606,,,IC50,nM,UO_0000065,,18880,4.72399801
,,18664757,[],CHEMBL4233137,"Inhibition of N-[3',6'-dihydroxy-3-oxo-3H-spiro(2-benzofuran-1,9'-xanthen)-5-yl]-N'-[2-(4-{4-[N-(2-chloro-6-methylphenyl)-5-carboxamido]-thiazol-2-yl})-amino-2-methyl-pyrimid-6-yl)piperazinyl]-ethyl]thiourea binding to human PKMYT1 kinase doamin expressed in Escherichia coli BL21 after 120 mins by fluorescence polarization asay",B,,,BAO_0000190,BAO_0000019,assay format,CNC(=O)c1ccccc1Nc1nc(Nc2ccc(N3CCOCC3)cc2)ncc1Cl,,,CHEMBL4229416,Bioorg Med Chem,2018,"{'bei': '14.70', 'le': '0.28', 'lle': '2.64', 'sei': '7.06'}",,CHEMBL545839,,CHEMBL545839,6.45,0,http://www.openphacts.org/units/Nanomolar,3099930,=,1,1,=,,IC50,nM,,352,CHEMBL3984,Homo sapiens,Membrane-associated tyrosine- and threonine-specific cdc2-inhibitory kinase,9606,,,IC50,nM,UO_0000065,,352,6.453457337
,,18664758,[],CHEMBL4233137,"Inhibition of N-[3',6'-dihydroxy-3-oxo-3H-spiro(2-benzofuran-1,9'-xanthen)-5-yl]-N'-[2-(4-{4-[N-(2-chloro-6-methylphenyl)-5-carboxamido]-thiazol-2-yl})-amino-2-methyl-pyrimid-6-yl)piperazinyl]-ethyl]thiourea binding to human PKMYT1 kinase doamin expressed in Escherichia coli BL21 after 120 mins by fluorescence polarization asay",B,,,BAO_0000190,BAO_0000019,assay format,Cc1cc(O)cc(Nc2ccnc3cc(-c4ccccn4)ccc23)c1,,,CHEMBL4229416,Bioorg Med Chem,2018,"{'bei': '15.35', 'le': '0.27', 'lle': '-0.02', 'sei': '8.66'}",,CHEMBL4246519,,CHEMBL4246519,5.03,0,http://www.openphacts.org/units/Nanomolar,3099931,=,1,1,=,,IC50,nM,,9430,CHEMBL3984,Homo sapiens,Membrane-associated tyrosine- and threonine-specific cdc2-inhibitory kinase,9606,,,IC50,nM,UO_0000065,,9430,5.025488307
,,18664759,[],CHEMBL4233137,"Inhibition of N-[3',6'-dihydroxy-3-oxo-3H-spiro(2-benzofuran-1,9'-xanthen)-5-yl]-N'-[2-(4-{4-[N-(2-chloro-6-methylphenyl)-5-carboxamido]-thiazol-2-yl})-amino-2-methyl-pyrimid-6-yl)piperazinyl]-ethyl]thiourea binding to human PKMYT1 kinase doamin expressed in Escherichia coli BL21 after 120 mins by fluorescence polarization asay",B,,,BAO_0000190,BAO_0000019,assay format,COc1cc(Nc2ncc(C#N)c(Nc3ccccc3C(N)=O)n2)ccc1N1CCN(C)CC1,,,CHEMBL4229416,Bioorg Med Chem,2018,"{'bei': '13.31', 'le': '0.25', 'lle': '3.41', 'sei': '4.61'}",,CHEMBL4241193,,CHEMBL4241193,6.1,0,http://www.openphacts.org/units/Nanomolar,3099932,=,1,1,=,,IC50,nM,,787,CHEMBL3984,Homo sapiens,Membrane-associated tyrosine- and threonine-specific cdc2-inhibitory kinase,9606,,,IC50,nM,UO_0000065,,787,6.104025268
,,18664760,[],CHEMBL4233137,"Inhibition of N-[3',6'-dihydroxy-3-oxo-3H-spiro(2-benzofuran-1,9'-xanthen)-5-yl]-N'-[2-(4-{4-[N-(2-chloro-6-methylphenyl)-5-carboxamido]-thiazol-2-yl})-amino-2-methyl-pyrimid-6-yl)piperazinyl]-ethyl]thiourea binding to human PKMYT1 kinase doamin expressed in Escherichia coli BL21 after 120 mins by fluorescence polarization asay",B,,,BAO_0000190,BAO_0000019,assay format,CNC(=O)c1ccccc1Nc1nc(Nc2cccc(CS(C)(=O)=O)c2)ncc1C,,,CHEMBL4229416,Bioorg Med Chem,2018,"{'bei': '16.03', 'le': '0.31', 'lle': '3.64', 'sei': '6.03'}",,CHEMBL587965,,CHEMBL587965,6.82,0,http://www.openphacts.org/units/Nanomolar,3099933,=,1,1,=,,IC50,nM,,151,CHEMBL3984,Homo sapiens,Membrane-associated tyrosine- and threonine-specific cdc2-inhibitory kinase,9606,,,IC50,nM,UO_0000065,,151,6.821023053
,,18664761,[],CHEMBL4233137,"Inhibition of N-[3',6'-dihydroxy-3-oxo-3H-spiro(2-benzofuran-1,9'-xanthen)-5-yl]-N'-[2-(4-{4-[N-(2-chloro-6-methylphenyl)-5-carboxamido]-thiazol-2-yl})-amino-2-methyl-pyrimid-6-yl)piperazinyl]-ethyl]thiourea binding to human PKMYT1 kinase doamin expressed in Escherichia coli BL21 after 120 mins by fluorescence polarization asay",B,,,BAO_0000190,BAO_0000019,assay format,Cc1ccc(O)cc1Nc1ccnc2ccc(S(C)(=O)=O)cc12,,,CHEMBL4229416,Bioorg Med Chem,2018,"{'bei': '18.61', 'le': '0.36', 'lle': '2.71', 'sei': '7.71'}",,CHEMBL237347,GW559768X,CHEMBL237347,6.11,0,http://www.openphacts.org/units/Nanomolar,3099934,=,1,1,=,,IC50,nM,,775,CHEMBL3984,Homo sapiens,Membrane-associated tyrosine- and threonine-specific cdc2-inhibitory kinase,9606,,,IC50,nM,UO_0000065,,775,6.110698297
,,18664762,[],CHEMBL4233137,"Inhibition of N-[3',6'-dihydroxy-3-oxo-3H-spiro(2-benzofuran-1,9'-xanthen)-5-yl]-N'-[2-(4-{4-[N-(2-chloro-6-methylphenyl)-5-carboxamido]-thiazol-2-yl})-amino-2-methyl-pyrimid-6-yl)piperazinyl]-ethyl]thiourea binding to human PKMYT1 kinase doamin expressed in Escherichia coli BL21 after 120 mins by fluorescence polarization asay",B,,,BAO_0000190,BAO_0000019,assay format,Oc1cccc(Nc2ccnc3cc(-c4ccncc4)ccc23)c1,,,CHEMBL4229416,Bioorg Med Chem,2018,"{'bei': '20.68', 'le': '0.37', 'lle': '1.73', 'sei': '11.16'}",,CHEMBL582038,,CHEMBL582038,6.48,0,http://www.openphacts.org/units/Nanomolar,3099935,=,1,1,=,,IC50,nM,,332,CHEMBL3984,Homo sapiens,Membrane-associated tyrosine- and threonine-specific cdc2-inhibitory kinase,9606,,,IC50,nM,UO_0000065,,332,6.478861916
,,18664763,[],CHEMBL4233137,"Inhibition of N-[3',6'-dihydroxy-3-oxo-3H-spiro(2-benzofuran-1,9'-xanthen)-5-yl]-N'-[2-(4-{4-[N-(2-chloro-6-methylphenyl)-5-carboxamido]-thiazol-2-yl})-amino-2-methyl-pyrimid-6-yl)piperazinyl]-ethyl]thiourea binding to human PKMYT1 kinase doamin expressed in Escherichia coli BL21 after 120 mins by fluorescence polarization asay",B,,,BAO_0000190,BAO_0000019,assay format,NC(=O)c1cccc(Nc2nccc(Nc3cccc4[nH]ncc34)n2)c1,,,CHEMBL4229416,Bioorg Med Chem,2018,"{'bei': '16.25', 'le': '0.29', 'lle': '2.67', 'sei': '4.62'}",,CHEMBL251549,GW782612X,CHEMBL251549,5.61,0,http://www.openphacts.org/units/Nanomolar,3099936,=,1,1,=,,IC50,nM,,2440,CHEMBL3984,Homo sapiens,Membrane-associated tyrosine- and threonine-specific cdc2-inhibitory kinase,9606,,,IC50,nM,UO_0000065,,2440,5.612610174
,,18664764,[],CHEMBL4233137,"Inhibition of N-[3',6'-dihydroxy-3-oxo-3H-spiro(2-benzofuran-1,9'-xanthen)-5-yl]-N'-[2-(4-{4-[N-(2-chloro-6-methylphenyl)-5-carboxamido]-thiazol-2-yl})-amino-2-methyl-pyrimid-6-yl)piperazinyl]-ethyl]thiourea binding to human PKMYT1 kinase doamin expressed in Escherichia coli BL21 after 120 mins by fluorescence polarization asay",B,,,BAO_0000190,BAO_0000019,assay format,Cc1cc(O)cc(C)c1/C=C/c1cncc(C(N)=O)c1,,,CHEMBL4229416,Bioorg Med Chem,2018,"{'bei': '22.58', 'le': '0.41', 'lle': '3.39', 'sei': '7.95'}",,CHEMBL218088,GW435821X,CHEMBL218088,6.06,0,http://www.openphacts.org/units/Nanomolar,3099937,=,1,1,=,,IC50,nM,,876,CHEMBL3984,Homo sapiens,Membrane-associated tyrosine- and threonine-specific cdc2-inhibitory kinase,9606,,,IC50,nM,UO_0000065,,876,6.057495894
,,18939590,[],CHEMBL4328725,Displacement of (6-FAM)KI(pY)VV from PKMYT1 kinase domain (unknown origin) by fluorescence polarization binding assay,B,,,BAO_0000190,BAO_0000357,single protein format,CSc1cnc(Nc2ccc(N3CCOCC3)cc2)nc1Nc1cccc(O)c1,,,CHEMBL4325875,Eur J Med Chem,2019,"{'bei': '12.75', 'le': '0.25', 'lle': '0.99', 'sei': '6.32'}",,CHEMBL4453782,,CHEMBL4453782,5.22,0,http://www.openphacts.org/units/Nanomolar,3159639,=,1,1,=,,IC50,nM,,6025.6,CHEMBL3984,Homo sapiens,Membrane-associated tyrosine- and threonine-specific cdc2-inhibitory kinase,9606,,,pIC50,,UO_0000065,,5.22,5.219999702
,,18939591,[],CHEMBL4328725,Displacement of (6-FAM)KI(pY)VV from PKMYT1 kinase domain (unknown origin) by fluorescence polarization binding assay,B,,,BAO_0000190,BAO_0000357,single protein format,Oc1cccc(Nc2nc(Nc3ccc(N4CCOCC4)cc3)ncc2Cl)c1,,,CHEMBL4325875,Eur J Med Chem,2019,"{'bei': '13.12', 'le': '0.25', 'lle': '1.06', 'sei': '6.32'}",,CHEMBL4564056,,CHEMBL4564056,5.22,0,http://www.openphacts.org/units/Nanomolar,3159641,=,1,1,=,,IC50,nM,,6025.6,CHEMBL3984,Homo sapiens,Membrane-associated tyrosine- and threonine-specific cdc2-inhibitory kinase,9606,,,pIC50,,UO_0000065,,5.22,5.219999702
,,18939592,[],CHEMBL4328725,Displacement of (6-FAM)KI(pY)VV from PKMYT1 kinase domain (unknown origin) by fluorescence polarization binding assay,B,,,BAO_0000190,BAO_0000357,single protein format,COc1cnc(Nc2ccc(N3CCOCC3)cc2)nc1Nc1ccc(C)c(O)c1,,,CHEMBL4325875,Eur J Med Chem,2019,"{'bei': '12.34', 'le': '0.23', 'lle': '1.21', 'sei': '5.48'}",,CHEMBL4445876,,CHEMBL4445876,5.03,0,http://www.openphacts.org/units/Nanomolar,3159647,=,1,1,=,,IC50,nM,,9332.54,CHEMBL3984,Homo sapiens,Membrane-associated tyrosine- and threonine-specific cdc2-inhibitory kinase,9606,,,pIC50,,UO_0000065,,5.03,5.03000014
,,18939593,[],CHEMBL4328725,Displacement of (6-FAM)KI(pY)VV from PKMYT1 kinase domain (unknown origin) by fluorescence polarization binding assay,B,,,BAO_0000190,BAO_0000357,single protein format,CNC(=O)c1ccccc1Nc1nc(Nc2ccc(N3CCOCC3)cc2)ncc1OC,,,CHEMBL4325875,Eur J Med Chem,2019,"{'bei': '11.97', 'le': '0.22', 'lle': '2.03', 'sei': '5.17'}",,CHEMBL4458191,,CHEMBL4458191,5.2,0,http://www.openphacts.org/units/Nanomolar,3159649,=,1,1,=,,IC50,nM,,6309.57,CHEMBL3984,Homo sapiens,Membrane-associated tyrosine- and threonine-specific cdc2-inhibitory kinase,9606,,,pIC50,,UO_0000065,,5.2,5.200000237
,,18939609,[],CHEMBL4328727,Displacement of (6-FAM)KI(pY)VV from full length PKMYT1 (unknown origin) by fluorescence polarization immuno assay,B,,,BAO_0000190,BAO_0000357,single protein format,COc1cc(Nc2c(C#N)cnc3cc(OCCCN4CCN(C)CC4)c(OC)cc23)c(Cl)cc1Cl,,,CHEMBL4325875,Eur J Med Chem,2019,"{'bei': '12.96', 'le': '0.26', 'lle': '1.69', 'sei': '8.30'}",,CHEMBL288441,BOSUTINIB,CHEMBL288441,6.88,1,http://www.openphacts.org/units/Nanomolar,3159619,=,1,1,=,,IC50,nM,,133,CHEMBL3984,Homo sapiens,Membrane-associated tyrosine- and threonine-specific cdc2-inhibitory kinase,9606,,,IC50,nM,UO_0000065,,133,6.876148359
,,18939610,[],CHEMBL4328727,Displacement of (6-FAM)KI(pY)VV from full length PKMYT1 (unknown origin) by fluorescence polarization immuno assay,B,,,BAO_0000190,BAO_0000357,single protein format,Cc1nc(Nc2ncc(C(=O)Nc3ccccc3Cl)s2)cc(N2CCN(CCO)CC2)n1,,,CHEMBL4325875,Eur J Med Chem,2019,"{'bei': '17.35', 'le': '0.35', 'lle': '5.21', 'sei': '7.72'}",,CHEMBL4583196,,CHEMBL4583196,8.22,0,http://www.openphacts.org/units/Nanomolar,3159617,=,1,1,=,,IC50,nM,,6,CHEMBL3984,Homo sapiens,Membrane-associated tyrosine- and threonine-specific cdc2-inhibitory kinase,9606,,,IC50,nM,UO_0000065,,6,8.22184875
,,18939611,[],CHEMBL4328727,Displacement of (6-FAM)KI(pY)VV from full length PKMYT1 (unknown origin) by fluorescence polarization immuno assay,B,,,BAO_0000190,BAO_0000357,single protein format,CNC(=O)c1ccccc1Nc1nc(Nc2cccc(CS(C)(=O)=O)c2)ncc1C,,,CHEMBL4325875,Eur J Med Chem,2019,"{'bei': '16.31', 'le': '0.32', 'lle': '3.76', 'sei': '6.14'}",,CHEMBL587965,,CHEMBL587965,6.94,1,http://www.openphacts.org/units/Nanomolar,3159618,=,1,1,=,,IC50,nM,,115,CHEMBL3984,Homo sapiens,Membrane-associated tyrosine- and threonine-specific cdc2-inhibitory kinase,9606,,,IC50,nM,UO_0000065,,115,6.93930216
,,18939612,[],CHEMBL4328727,Displacement of (6-FAM)KI(pY)VV from full length PKMYT1 (unknown origin) by fluorescence polarization immuno assay,B,,,BAO_0000190,BAO_0000357,single protein format,COc1ccc(Nc2ncc(C#N)c(Nc3ccccc3C(N)=O)n2)cc1N1CCN(C)CC1,,,CHEMBL4325875,Eur J Med Chem,2019,"{'bei': '14.11', 'le': '0.26', 'lle': '3.78', 'sei': '4.88'}",,CHEMBL533960,,CHEMBL533960,6.47,0,http://www.openphacts.org/units/Nanomolar,3159620,=,1,1,=,,IC50,nM,,340,CHEMBL3984,Homo sapiens,Membrane-associated tyrosine- and threonine-specific cdc2-inhibitory kinase,9606,,,IC50,nM,UO_0000065,,340,6.468521083
,,18939613,[],CHEMBL4328727,Displacement of (6-FAM)KI(pY)VV from full length PKMYT1 (unknown origin) by fluorescence polarization immuno assay,B,,,BAO_0000190,BAO_0000357,single protein format,CNC(=O)c1ccccc1Nc1nc(Nc2ccc(N3CCOCC3)cc2)ncc1Cl,,,CHEMBL4325875,Eur J Med Chem,2019,"{'bei': '14.97', 'le': '0.29', 'lle': '2.76', 'sei': '7.19'}",,CHEMBL545839,,CHEMBL545839,6.57,1,http://www.openphacts.org/units/Nanomolar,3159621,=,1,1,=,,IC50,nM,,270,CHEMBL3984,Homo sapiens,Membrane-associated tyrosine- and threonine-specific cdc2-inhibitory kinase,9606,,,IC50,nM,UO_0000065,,270,6.568636236
,,18939614,[],CHEMBL4328727,Displacement of (6-FAM)KI(pY)VV from full length PKMYT1 (unknown origin) by fluorescence polarization immuno assay,B,,,BAO_0000190,BAO_0000357,single protein format,O=C(Nc1cccc(-c2nn3ncccc3c2-c2ccnc(Nc3cccnc3)n2)c1)c1c(F)cccc1F,,,CHEMBL4325875,Eur J Med Chem,2019,"{'bei': '9.84', 'le': '0.18', 'lle': '-0.40', 'sei': '4.66'}",,CHEMBL579952,,CHEMBL579952,5.12,1,http://www.openphacts.org/units/Nanomolar,3159622,=,1,1,=,,IC50,nM,,7560,CHEMBL3984,Homo sapiens,Membrane-associated tyrosine- and threonine-specific cdc2-inhibitory kinase,9606,,,IC50,nM,UO_0000065,,7560,5.121478204
,,18939615,[],CHEMBL4328727,Displacement of (6-FAM)KI(pY)VV from full length PKMYT1 (unknown origin) by fluorescence polarization immuno assay,B,,,BAO_0000190,BAO_0000357,single protein format,Cc1cc(O)cc(Nc2ccnc3cc(-c4ccccn4)ccc23)c1,,,CHEMBL4325875,Eur J Med Chem,2019,"{'bei': '19.14', 'le': '0.34', 'lle': '1.22', 'sei': '10.79'}",,CHEMBL4246519,,CHEMBL4246519,6.26,1,http://www.openphacts.org/units/Nanomolar,3159623,=,1,1,=,,IC50,nM,,543,CHEMBL3984,Homo sapiens,Membrane-associated tyrosine- and threonine-specific cdc2-inhibitory kinase,9606,,,IC50,nM,UO_0000065,,543,6.26520017
,,18939616,[],CHEMBL4328727,Displacement of (6-FAM)KI(pY)VV from full length PKMYT1 (unknown origin) by fluorescence polarization immuno assay,B,,,BAO_0000190,BAO_0000357,single protein format,NC(=O)c1cc(-c2ccncc2)cc(-c2ccccc2)c1N,,,CHEMBL4325875,Eur J Med Chem,2019,"{'bei': '14.64', 'le': '0.26', 'lle': '1.14', 'sei': '5.17'}",,CHEMBL230911,GSK-625137A,CHEMBL230911,4.24,1,http://www.openphacts.org/units/Nanomolar,3159624,=,1,1,=,,IC50,nM,,57990,CHEMBL3984,Homo sapiens,Membrane-associated tyrosine- and threonine-specific cdc2-inhibitory kinase,9606,,,IC50,nM,UO_0000065,,57990,4.236646891
,,18939617,[],CHEMBL4328727,Displacement of (6-FAM)KI(pY)VV from full length PKMYT1 (unknown origin) by fluorescence polarization immuno assay,B,,,BAO_0000190,BAO_0000357,single protein format,Cc1cc(O)cc(C)c1/C=C/c1cncc(C(N)=O)c1,,,CHEMBL4325875,Eur J Med Chem,2019,"{'bei': '18.03', 'le': '0.33', 'lle': '2.17', 'sei': '6.35'}",,CHEMBL218088,GW435821X,CHEMBL218088,4.84,1,http://www.openphacts.org/units/Nanomolar,3159625,=,1,1,=,,IC50,nM,,14510,CHEMBL3984,Homo sapiens,Membrane-associated tyrosine- and threonine-specific cdc2-inhibitory kinase,9606,,,IC50,nM,UO_0000065,,14510,4.838332588
,,18939618,[],CHEMBL4328727,Displacement of (6-FAM)KI(pY)VV from full length PKMYT1 (unknown origin) by fluorescence polarization immuno assay,B,,,BAO_0000190,BAO_0000357,single protein format,Oc1cccc(Nc2ccnc3cc(-c4ccncc4)ccc23)c1,,,CHEMBL4325875,Eur J Med Chem,2019,"{'bei': '19.63', 'le': '0.35', 'lle': '1.40', 'sei': '10.60'}",,CHEMBL582038,,CHEMBL582038,6.15,1,http://www.openphacts.org/units/Nanomolar,3159626,=,1,1,=,,IC50,nM,,706,CHEMBL3984,Homo sapiens,Membrane-associated tyrosine- and threonine-specific cdc2-inhibitory kinase,9606,,,IC50,nM,UO_0000065,,706,6.151195299
,,18939619,[],CHEMBL4328727,Displacement of (6-FAM)KI(pY)VV from full length PKMYT1 (unknown origin) by fluorescence polarization immuno assay,B,,,BAO_0000190,BAO_0000357,single protein format,Cc1ccc(O)cc1Nc1ccnc2ccc(S(C)(=O)=O)cc12,,,CHEMBL4325875,Eur J Med Chem,2019,"{'bei': '20.56', 'le': '0.40', 'lle': '3.35', 'sei': '8.52'}",,CHEMBL237347,GW559768X,CHEMBL237347,6.75,1,http://www.openphacts.org/units/Nanomolar,3159627,=,1,1,=,,IC50,nM,,177,CHEMBL3984,Homo sapiens,Membrane-associated tyrosine- and threonine-specific cdc2-inhibitory kinase,9606,,,IC50,nM,UO_0000065,,177,6.752026734
,,18939620,[],CHEMBL4328727,Displacement of (6-FAM)KI(pY)VV from full length PKMYT1 (unknown origin) by fluorescence polarization immuno assay,B,,,BAO_0000190,BAO_0000357,single protein format,NC(=O)c1cccc(Nc2nccc(Nc3cccc4c3NNC4)n2)c1,,,CHEMBL4325875,Eur J Med Chem,2019,"{'bei': '18.12', 'le': '0.33', 'lle': '3.80', 'sei': '5.38'}",,CHEMBL4449182,,CHEMBL4449182,6.29,0,http://www.openphacts.org/units/Nanomolar,3159628,=,1,1,=,,IC50,nM,,509,CHEMBL3984,Homo sapiens,Membrane-associated tyrosine- and threonine-specific cdc2-inhibitory kinase,9606,,,IC50,nM,UO_0000065,,509,6.293282218
,,18939621,[],CHEMBL4328727,Displacement of (6-FAM)KI(pY)VV from full length PKMYT1 (unknown origin) by fluorescence polarization immuno assay,B,,,BAO_0000190,BAO_0000357,single protein format,C=CCn1c(=O)c2cnc(Nc3ccc(N4CCN(C)CC4)cc3)nc2n1-c1cccc(C(C)(C)O)c1,,,CHEMBL4325875,Eur J Med Chem,2019,"{'bei': '10.62', 'le': '0.20', 'lle': '1.82', 'sei': '5.80'}",,CHEMBL4529533,,CHEMBL4529533,5.31,0,http://www.openphacts.org/units/Nanomolar,3159629,=,1,1,=,,IC50,nM,,4940,CHEMBL3984,Homo sapiens,Membrane-associated tyrosine- and threonine-specific cdc2-inhibitory kinase,9606,,,IC50,nM,UO_0000065,,4940,5.306273051
,,18939622,[],CHEMBL4328727,Displacement of (6-FAM)KI(pY)VV from full length PKMYT1 (unknown origin) by fluorescence polarization immuno assay,B,,,BAO_0000190,BAO_0000357,single protein format,CCN(CC)CCOc1ccc(Nc2ncc3cc(-c4c(Cl)cccc4Cl)c(=O)n(C)c3n2)cc1,,,CHEMBL4325875,Eur J Med Chem,2019,"{'bei': '15.80', 'le': '0.32', 'lle': '2.33', 'sei': '11.20'}",,CHEMBL49120,PD-0166285,CHEMBL49120,8.1,1,http://www.openphacts.org/units/Nanomolar,3159630,=,1,1,=,,IC50,nM,,8,CHEMBL3984,Homo sapiens,Membrane-associated tyrosine- and threonine-specific cdc2-inhibitory kinase,9606,,,IC50,nM,UO_0000065,,8,8.096910013
,,18939623,[],CHEMBL4328727,Displacement of (6-FAM)KI(pY)VV from full length PKMYT1 (unknown origin) by fluorescence polarization immuno assay,B,,,BAO_0000190,BAO_0000357,single protein format,Cn1c(=O)c(-c2c(Cl)cccc2Cl)cc2cnc(Nc3ccc(N4CCOCC4)cc3)nc21,,,CHEMBL4325875,Eur J Med Chem,2019,"{'bei': '15.80', 'le': '0.32', 'lle': '2.74', 'sei': '10.54'}",,CHEMBL106772,,CHEMBL106772,7.62,1,http://www.openphacts.org/units/Nanomolar,3159631,=,1,1,=,,IC50,nM,,24,CHEMBL3984,Homo sapiens,Membrane-associated tyrosine- and threonine-specific cdc2-inhibitory kinase,9606,,,IC50,nM,UO_0000065,,24,7.619788758
,,18939625,[],CHEMBL4328727,Displacement of (6-FAM)KI(pY)VV from full length PKMYT1 (unknown origin) by fluorescence polarization immuno assay,B,,,BAO_0000190,BAO_0000357,single protein format,Cc1cc(Nc2ncc3cc(-c4c(Cl)cccc4Cl)c(=O)n(C)c3n2)ccc1F,,,CHEMBL4325875,Eur J Med Chem,2019,"{'bei': '16.22', 'le': '0.33', 'lle': '1.47', 'sei': '11.64'}",,CHEMBL574058,,CHEMBL574058,6.96,1,http://www.openphacts.org/units/Nanomolar,3159633,=,1,1,=,,IC50,nM,,109,CHEMBL3984,Homo sapiens,Membrane-associated tyrosine- and threonine-specific cdc2-inhibitory kinase,9606,,,IC50,nM,UO_0000065,,109,6.962573502
,,18939626,[],CHEMBL4328727,Displacement of (6-FAM)KI(pY)VV from full length PKMYT1 (unknown origin) by fluorescence polarization immuno assay,B,,,BAO_0000190,BAO_0000357,single protein format,CN1CCN(CCOc2cc3ncnc(Nc4c(Cl)ccc5c4OCO5)c3cc2OC2CCOCC2)CC1,,,CHEMBL4325875,Eur J Med Chem,2019,"{'bei': '11.77', 'le': '0.23', 'lle': '2.44', 'sei': '7.05'}",,CHEMBL4438584,,CHEMBL4438584,6.38,0,http://www.openphacts.org/units/Nanomolar,3159634,=,1,1,=,,IC50,nM,,418,CHEMBL3984,Homo sapiens,Membrane-associated tyrosine- and threonine-specific cdc2-inhibitory kinase,9606,,,IC50,nM,UO_0000065,,418,6.378823718
,,18939627,[],CHEMBL4328727,Displacement of (6-FAM)KI(pY)VV from full length PKMYT1 (unknown origin) by fluorescence polarization immuno assay,B,,,BAO_0000190,BAO_0000357,single protein format,COc1cc2ncnc(Nc3cccc(Cl)c3)c2cc1OC,,,CHEMBL4325875,Eur J Med Chem,2019,"{'bei': '14.91', 'le': '0.29', 'lle': '0.67', 'sei': '8.37'}",,CHEMBL7917,TYRPHOSTIN AG-1478,CHEMBL7917,4.71,1,http://www.openphacts.org/units/Nanomolar,3159635,=,1,1,=,,IC50,nM,,19600,CHEMBL3984,Homo sapiens,Membrane-associated tyrosine- and threonine-specific cdc2-inhibitory kinase,9606,,,IC50,nM,UO_0000065,,19600,4.707743929
,,18939647,[],CHEMBL4328727,Displacement of (6-FAM)KI(pY)VV from full length PKMYT1 (unknown origin) by fluorescence polarization immuno assay,B,,,BAO_0000190,BAO_0000357,single protein format,CSc1cnc(Nc2ccc(N3CCOCC3)cc2)nc1Nc1cccc(O)c1,,,CHEMBL4325875,Eur J Med Chem,2019,"{'bei': '14.19', 'le': '0.27', 'lle': '1.58', 'sei': '7.04'}",,CHEMBL4453782,,CHEMBL4453782,5.81,0,http://www.openphacts.org/units/Nanomolar,3159639,=,1,1,=,,IC50,nM,,1548.82,CHEMBL3984,Homo sapiens,Membrane-associated tyrosine- and threonine-specific cdc2-inhibitory kinase,9606,,,pIC50,,UO_0000065,,5.81,5.809999052
,,18939648,[],CHEMBL4328727,Displacement of (6-FAM)KI(pY)VV from full length PKMYT1 (unknown origin) by fluorescence polarization immuno assay,B,,,BAO_0000190,BAO_0000357,single protein format,Oc1cccc(Nc2nc(Nc3ccc(N4CCOCC4)cc3)ncc2Cl)c1,,,CHEMBL4325875,Eur J Med Chem,2019,"{'bei': '15.61', 'le': '0.30', 'lle': '2.05', 'sei': '7.52'}",,CHEMBL4564056,,CHEMBL4564056,6.21,0,http://www.openphacts.org/units/Nanomolar,3159641,=,1,1,=,,IC50,nM,,616.6,CHEMBL3984,Homo sapiens,Membrane-associated tyrosine- and threonine-specific cdc2-inhibitory kinase,9606,,,pIC50,,UO_0000065,,6.21,6.20999648
,,18939649,[],CHEMBL4328727,Displacement of (6-FAM)KI(pY)VV from full length PKMYT1 (unknown origin) by fluorescence polarization immuno assay,B,,,BAO_0000190,BAO_0000357,single protein format,COc1cnc(Nc2ccc(N3CCOCC3)cc2)nc1Nc1ccc(C)c(O)c1,,,CHEMBL4325875,Eur J Med Chem,2019,"{'bei': '15.98', 'le': '0.30', 'lle': '2.69', 'sei': '7.09'}",,CHEMBL4445876,,CHEMBL4445876,6.51,0,http://www.openphacts.org/units/Nanomolar,3159647,=,1,1,=,,IC50,nM,,309.03,CHEMBL3984,Homo sapiens,Membrane-associated tyrosine- and threonine-specific cdc2-inhibitory kinase,9606,,,pIC50,,UO_0000065,,6.51,6.509999358
,,18939650,[],CHEMBL4328727,Displacement of (6-FAM)KI(pY)VV from full length PKMYT1 (unknown origin) by fluorescence polarization immuno assay,B,,,BAO_0000190,BAO_0000357,single protein format,CNC(=O)c1ccccc1Nc1nc(Nc2ccc(N3CCOCC3)cc2)ncc1OC,,,CHEMBL4325875,Eur J Med Chem,2019,"{'bei': '13.86', 'le': '0.26', 'lle': '2.85', 'sei': '5.98'}",,CHEMBL4458191,,CHEMBL4458191,6.02,0,http://www.openphacts.org/units/Nanomolar,3159649,=,1,1,=,,IC50,nM,,954.99,CHEMBL3984,Homo sapiens,Membrane-associated tyrosine- and threonine-specific cdc2-inhibitory kinase,9606,,,pIC50,,UO_0000065,,6.02,6.020001176
,,18939651,[],CHEMBL4328725,Displacement of (6-FAM)KI(pY)VV from PKMYT1 kinase domain (unknown origin) by fluorescence polarization binding assay,B,,,BAO_0000190,BAO_0000357,single protein format,COc1cc(Nc2c(C#N)cnc3cc(OCCCN4CCN(C)CC4)c(OC)cc23)c(Cl)cc1Cl,,,CHEMBL4325875,Eur J Med Chem,2019,"{'bei': '11.60', 'le': '0.23', 'lle': '0.96', 'sei': '7.42'}",,CHEMBL288441,BOSUTINIB,CHEMBL288441,6.15,1,http://www.openphacts.org/units/Nanomolar,3159619,=,1,1,=,,IC50,nM,,704,CHEMBL3984,Homo sapiens,Membrane-associated tyrosine- and threonine-specific cdc2-inhibitory kinase,9606,,,IC50,nM,UO_0000065,,704,6.152427341
,,18939652,[],CHEMBL4328725,Displacement of (6-FAM)KI(pY)VV from PKMYT1 kinase domain (unknown origin) by fluorescence polarization binding assay,B,,,BAO_0000190,BAO_0000357,single protein format,Cc1nc(Nc2ncc(C(=O)Nc3ccccc3Cl)s2)cc(N2CCN(CCO)CC2)n1,,,CHEMBL4325875,Eur J Med Chem,2019,"{'bei': '14.12', 'le': '0.29', 'lle': '3.68', 'sei': '6.29'}",,CHEMBL4583196,,CHEMBL4583196,6.7,0,http://www.openphacts.org/units/Nanomolar,3159617,=,1,1,=,,IC50,nM,,202,CHEMBL3984,Homo sapiens,Membrane-associated tyrosine- and threonine-specific cdc2-inhibitory kinase,9606,,,IC50,nM,UO_0000065,,202,6.694648631
,,18939653,[],CHEMBL4328725,Displacement of (6-FAM)KI(pY)VV from PKMYT1 kinase domain (unknown origin) by fluorescence polarization binding assay,B,,,BAO_0000190,BAO_0000357,single protein format,CNC(=O)c1ccccc1Nc1nc(Nc2cccc(CS(C)(=O)=O)c2)ncc1C,,,CHEMBL4325875,Eur J Med Chem,2019,"{'bei': '16.03', 'le': '0.31', 'lle': '3.64', 'sei': '6.03'}",,CHEMBL587965,,CHEMBL587965,6.82,1,http://www.openphacts.org/units/Nanomolar,3159618,=,1,1,=,,IC50,nM,,151,CHEMBL3984,Homo sapiens,Membrane-associated tyrosine- and threonine-specific cdc2-inhibitory kinase,9606,,,IC50,nM,UO_0000065,,151,6.821023053
,,18939654,[],CHEMBL4328725,Displacement of (6-FAM)KI(pY)VV from PKMYT1 kinase domain (unknown origin) by fluorescence polarization binding assay,B,,,BAO_0000190,BAO_0000357,single protein format,COc1ccc(Nc2ncc(C#N)c(Nc3ccccc3C(N)=O)n2)cc1N1CCN(C)CC1,,,CHEMBL4325875,Eur J Med Chem,2019,"{'bei': '13.31', 'le': '0.25', 'lle': '3.41', 'sei': '4.61'}",,CHEMBL533960,,CHEMBL533960,6.1,0,http://www.openphacts.org/units/Nanomolar,3159620,=,1,1,=,,IC50,nM,,787,CHEMBL3984,Homo sapiens,Membrane-associated tyrosine- and threonine-specific cdc2-inhibitory kinase,9606,,,IC50,nM,UO_0000065,,787,6.104025268
,,18939655,[],CHEMBL4328725,Displacement of (6-FAM)KI(pY)VV from PKMYT1 kinase domain (unknown origin) by fluorescence polarization binding assay,B,,,BAO_0000190,BAO_0000357,single protein format,CNC(=O)c1ccccc1Nc1nc(Nc2ccc(N3CCOCC3)cc2)ncc1Cl,,,CHEMBL4325875,Eur J Med Chem,2019,"{'bei': '14.70', 'le': '0.28', 'lle': '2.64', 'sei': '7.06'}",,CHEMBL545839,,CHEMBL545839,6.45,1,http://www.openphacts.org/units/Nanomolar,3159621,=,1,1,=,,IC50,nM,,352,CHEMBL3984,Homo sapiens,Membrane-associated tyrosine- and threonine-specific cdc2-inhibitory kinase,9606,,,IC50,nM,UO_0000065,,352,6.453457337
,,18939656,[],CHEMBL4328725,Displacement of (6-FAM)KI(pY)VV from PKMYT1 kinase domain (unknown origin) by fluorescence polarization binding assay,B,,,BAO_0000190,BAO_0000357,single protein format,O=C(Nc1cccc(-c2nn3ncccc3c2-c2ccnc(Nc3cccnc3)n2)c1)c1c(F)cccc1F,,,CHEMBL4325875,Eur J Med Chem,2019,"{'bei': '9.08', 'le': '0.17', 'lle': '-0.80', 'sei': '4.29'}",,CHEMBL579952,,CHEMBL579952,4.72,1,http://www.openphacts.org/units/Nanomolar,3159622,=,1,1,=,,IC50,nM,,18880,CHEMBL3984,Homo sapiens,Membrane-associated tyrosine- and threonine-specific cdc2-inhibitory kinase,9606,,,IC50,nM,UO_0000065,,18880,4.72399801
,,18939657,[],CHEMBL4328725,Displacement of (6-FAM)KI(pY)VV from PKMYT1 kinase domain (unknown origin) by fluorescence polarization binding assay,B,,,BAO_0000190,BAO_0000357,single protein format,Cc1cc(O)cc(Nc2ccnc3cc(-c4ccccn4)ccc23)c1,,,CHEMBL4325875,Eur J Med Chem,2019,"{'bei': '15.35', 'le': '0.27', 'lle': '-0.02', 'sei': '8.66'}",,CHEMBL4246519,,CHEMBL4246519,5.03,1,http://www.openphacts.org/units/Nanomolar,3159623,=,1,1,=,,IC50,nM,,9430,CHEMBL3984,Homo sapiens,Membrane-associated tyrosine- and threonine-specific cdc2-inhibitory kinase,9606,,,IC50,nM,UO_0000065,,9430,5.025488307
,,18939658,[],CHEMBL4328725,Displacement of (6-FAM)KI(pY)VV from PKMYT1 kinase domain (unknown origin) by fluorescence polarization binding assay,B,,,BAO_0000190,BAO_0000357,single protein format,NC(=O)c1cc(-c2ccncc2)cc(-c2ccccc2)c1N,,,CHEMBL4325875,Eur J Med Chem,2019,"{'bei': '17.08', 'le': '0.31', 'lle': '1.84', 'sei': '6.03'}",,CHEMBL230911,GSK-625137A,CHEMBL230911,4.94,1,http://www.openphacts.org/units/Nanomolar,3159624,=,1,1,=,,IC50,nM,,11430,CHEMBL3984,Homo sapiens,Membrane-associated tyrosine- and threonine-specific cdc2-inhibitory kinase,9606,,,IC50,nM,UO_0000065,,11430,4.94195377
,,18939659,[],CHEMBL4328725,Displacement of (6-FAM)KI(pY)VV from PKMYT1 kinase domain (unknown origin) by fluorescence polarization binding assay,B,,,BAO_0000190,BAO_0000357,single protein format,Cc1cc(O)cc(C)c1/C=C/c1cncc(C(N)=O)c1,,,CHEMBL4325875,Eur J Med Chem,2019,"{'bei': '22.58', 'le': '0.41', 'lle': '3.39', 'sei': '7.95'}",,CHEMBL218088,GW435821X,CHEMBL218088,6.06,1,http://www.openphacts.org/units/Nanomolar,3159625,=,1,1,=,,IC50,nM,,876,CHEMBL3984,Homo sapiens,Membrane-associated tyrosine- and threonine-specific cdc2-inhibitory kinase,9606,,,IC50,nM,UO_0000065,,876,6.057495894
,,18939660,[],CHEMBL4328725,Displacement of (6-FAM)KI(pY)VV from PKMYT1 kinase domain (unknown origin) by fluorescence polarization binding assay,B,,,BAO_0000190,BAO_0000357,single protein format,Oc1cccc(Nc2ccnc3cc(-c4ccncc4)ccc23)c1,,,CHEMBL4325875,Eur J Med Chem,2019,"{'bei': '20.68', 'le': '0.37', 'lle': '1.73', 'sei': '11.16'}",,CHEMBL582038,,CHEMBL582038,6.48,1,http://www.openphacts.org/units/Nanomolar,3159626,=,1,1,=,,IC50,nM,,332,CHEMBL3984,Homo sapiens,Membrane-associated tyrosine- and threonine-specific cdc2-inhibitory kinase,9606,,,IC50,nM,UO_0000065,,332,6.478861916
,,18939661,[],CHEMBL4328725,Displacement of (6-FAM)KI(pY)VV from PKMYT1 kinase domain (unknown origin) by fluorescence polarization binding assay,B,,,BAO_0000190,BAO_0000357,single protein format,Cc1ccc(O)cc1Nc1ccnc2ccc(S(C)(=O)=O)cc12,,,CHEMBL4325875,Eur J Med Chem,2019,"{'bei': '18.61', 'le': '0.36', 'lle': '2.71', 'sei': '7.71'}",,CHEMBL237347,GW559768X,CHEMBL237347,6.11,1,http://www.openphacts.org/units/Nanomolar,3159627,=,1,1,=,,IC50,nM,,775,CHEMBL3984,Homo sapiens,Membrane-associated tyrosine- and threonine-specific cdc2-inhibitory kinase,9606,,,IC50,nM,UO_0000065,,775,6.110698297
,,18939662,[],CHEMBL4328725,Displacement of (6-FAM)KI(pY)VV from PKMYT1 kinase domain (unknown origin) by fluorescence polarization binding assay,B,,,BAO_0000190,BAO_0000357,single protein format,NC(=O)c1cccc(Nc2nccc(Nc3cccc4c3NNC4)n2)c1,,,CHEMBL4325875,Eur J Med Chem,2019,"{'bei': '16.16', 'le': '0.29', 'lle': '3.12', 'sei': '4.80'}",,CHEMBL4449182,,CHEMBL4449182,5.61,0,http://www.openphacts.org/units/Nanomolar,3159628,=,1,1,=,,IC50,nM,,2440,CHEMBL3984,Homo sapiens,Membrane-associated tyrosine- and threonine-specific cdc2-inhibitory kinase,9606,,,IC50,nM,UO_0000065,,2440,5.612610174
,,18939663,[],CHEMBL4328725,Displacement of (6-FAM)KI(pY)VV from PKMYT1 kinase domain (unknown origin) by fluorescence polarization binding assay,B,,,BAO_0000190,BAO_0000357,single protein format,C=CCn1c(=O)c2cnc(Nc3ccc(N4CCN(C)CC4)cc3)nc2n1-c1cccc(C(C)(C)O)c1,,,CHEMBL4325875,Eur J Med Chem,2019,"{'bei': '11.75', 'le': '0.22', 'lle': '2.38', 'sei': '6.42'}",,CHEMBL4529533,,CHEMBL4529533,5.87,0,http://www.openphacts.org/units/Nanomolar,3159629,=,1,1,=,,IC50,nM,,1340,CHEMBL3984,Homo sapiens,Membrane-associated tyrosine- and threonine-specific cdc2-inhibitory kinase,9606,,,IC50,nM,UO_0000065,,1340,5.872895202
,,18939664,[],CHEMBL4328725,Displacement of (6-FAM)KI(pY)VV from PKMYT1 kinase domain (unknown origin) by fluorescence polarization binding assay,B,,,BAO_0000190,BAO_0000357,single protein format,CCN(CC)CCOc1ccc(Nc2ncc3cc(-c4c(Cl)cccc4Cl)c(=O)n(C)c3n2)cc1,,,CHEMBL4325875,Eur J Med Chem,2019,"{'bei': '14.65', 'le': '0.29', 'lle': '1.74', 'sei': '10.39'}",,CHEMBL49120,PD-0166285,CHEMBL49120,7.51,1,http://www.openphacts.org/units/Nanomolar,3159630,=,1,1,=,,IC50,nM,,31.1,CHEMBL3984,Homo sapiens,Membrane-associated tyrosine- and threonine-specific cdc2-inhibitory kinase,9606,,,IC50,nM,UO_0000065,,31.1,7.507239611
,,18939665,[],CHEMBL4328725,Displacement of (6-FAM)KI(pY)VV from PKMYT1 kinase domain (unknown origin) by fluorescence polarization binding assay,B,,,BAO_0000190,BAO_0000357,single protein format,Cn1c(=O)c(-c2c(Cl)cccc2Cl)cc2cnc(Nc3ccc(N4CCOCC4)cc3)nc21,,,CHEMBL4325875,Eur J Med Chem,2019,"{'bei': '15.05', 'le': '0.30', 'lle': '2.38', 'sei': '10.04'}",,CHEMBL106772,,CHEMBL106772,7.26,1,http://www.openphacts.org/units/Nanomolar,3159631,=,1,1,=,,IC50,nM,,55,CHEMBL3984,Homo sapiens,Membrane-associated tyrosine- and threonine-specific cdc2-inhibitory kinase,9606,,,IC50,nM,UO_0000065,,55,7.259637311
,,18939667,[],CHEMBL4328725,Displacement of (6-FAM)KI(pY)VV from PKMYT1 kinase domain (unknown origin) by fluorescence polarization binding assay,B,,,BAO_0000190,BAO_0000357,single protein format,Cc1cc(Nc2ncc3cc(-c4c(Cl)cccc4Cl)c(=O)n(C)c3n2)ccc1F,,,CHEMBL4325875,Eur J Med Chem,2019,"{'bei': '12.97', 'le': '0.26', 'lle': '0.08', 'sei': '9.31'}",,CHEMBL574058,,CHEMBL574058,5.57,1,http://www.openphacts.org/units/Nanomolar,3159633,=,1,1,=,,IC50,nM,,2700,CHEMBL3984,Homo sapiens,Membrane-associated tyrosine- and threonine-specific cdc2-inhibitory kinase,9606,,,IC50,nM,UO_0000065,,2700,5.568636236
,,18939668,[],CHEMBL4328725,Displacement of (6-FAM)KI(pY)VV from PKMYT1 kinase domain (unknown origin) by fluorescence polarization binding assay,B,,,BAO_0000190,BAO_0000357,single protein format,CN1CCN(CCOc2cc3ncnc(Nc4c(Cl)ccc5c4OCO5)c3cc2OC2CCOCC2)CC1,,,CHEMBL4325875,Eur J Med Chem,2019,"{'bei': '9.22', 'le': '0.18', 'lle': '1.06', 'sei': '5.53'}",,CHEMBL4438584,,CHEMBL4438584,5,0,http://www.openphacts.org/units/Nanomolar,3159634,=,1,1,=,,IC50,nM,,10000,CHEMBL3984,Homo sapiens,Membrane-associated tyrosine- and threonine-specific cdc2-inhibitory kinase,9606,,,IC50,nM,UO_0000065,,10000,5
,,18939669,[],CHEMBL4328725,Displacement of (6-FAM)KI(pY)VV from PKMYT1 kinase domain (unknown origin) by fluorescence polarization binding assay,B,,,BAO_0000190,BAO_0000357,single protein format,COc1cc2ncnc(Nc3cccc(Cl)c3)c2cc1OC,,,CHEMBL4325875,Eur J Med Chem,2019,"{'bei': '13.49', 'le': '0.26', 'lle': '0.22', 'sei': '7.57'}",,CHEMBL7917,TYRPHOSTIN AG-1478,CHEMBL7917,4.26,1,http://www.openphacts.org/units/Nanomolar,3159635,=,1,1,=,,IC50,nM,,55000,CHEMBL3984,Homo sapiens,Membrane-associated tyrosine- and threonine-specific cdc2-inhibitory kinase,9606,,,IC50,nM,UO_0000065,,55000,4.259637311
"{'action_type': 'INHIBITOR', 'description': 'Negatively effects (inhibits) the normal functioning of the protein e.g., prevention of enzymatic reaction or activation of downstream pathway', 'parent_type': 'NEGATIVE MODULATOR'}",,23126322,"[{'comments': None, 'relation': '=', 'result_flag': 0, 'standard_relation': '=', 'standard_text_value': None, 'standard_type': 'TIME', 'standard_units': 'hr', 'standard_value': '2.333', 'text_value': None, 'type': 'Time', 'units': 'min', 'value': '140.0'}]",CHEMBL4807219,Inhibition of PKMYT1 (unknown origin) using Myelin basic protein substrate preincubated with enzyme and substrate for 20 mins followed by [33P]ATP and ATP addition and measured after 2 hrs by HotSpot Kinase assay,B,,,BAO_0000190,BAO_0000357,single protein format,CC(C)n1c(=O)c2cnc(Nc3ccc4c(c3)CCNC4)nc2n1-c1ccc(F)c(C(C)(C)F)n1,,,CHEMBL4806961,,2020,"{'bei': '10.81', 'le': '0.20', 'lle': '0.89', 'sei': '5.78'}",,CHEMBL4873633,,CHEMBL4873633,5.18,0,http://www.openphacts.org/units/Nanomolar,3590564,=,38,1,=,,IC50,nM,,6570,CHEMBL3984,Homo sapiens,Membrane-associated tyrosine- and threonine-specific cdc2-inhibitory kinase,9606,,,IC50,uM,UO_0000065,,6.57,5.18243463
"{'action_type': 'INHIBITOR', 'description': 'Negatively effects (inhibits) the normal functioning of the protein e.g., prevention of enzymatic reaction or activation of downstream pathway', 'parent_type': 'NEGATIVE MODULATOR'}",,23126323,"[{'comments': None, 'relation': '=', 'result_flag': 0, 'standard_relation': '=', 'standard_text_value': None, 'standard_type': 'TIME', 'standard_units': 'hr', 'standard_value': '2.333', 'text_value': None, 'type': 'Time', 'units': 'min', 'value': '140.0'}]",CHEMBL4807219,Inhibition of PKMYT1 (unknown origin) using Myelin basic protein substrate preincubated with enzyme and substrate for 20 mins followed by [33P]ATP and ATP addition and measured after 2 hrs by HotSpot Kinase assay,B,,,BAO_0000190,BAO_0000357,single protein format,CC(C)(F)c1nc(-n2c3nc(Nc4ccc5c(c4)CCNC5)ncc3c(=O)n2C2CC2)ccc1F,,,CHEMBL4806961,,2020,"{'bei': '10.45', 'le': '0.19', 'lle': '0.94', 'sei': '5.57'}",,CHEMBL4878176,,CHEMBL4878176,4.99,0,http://www.openphacts.org/units/Nanomolar,3590565,=,38,1,=,,IC50,nM,,10200,CHEMBL3984,Homo sapiens,Membrane-associated tyrosine- and threonine-specific cdc2-inhibitory kinase,9606,,,IC50,uM,UO_0000065,,10.2,4.991399828
"{'action_type': 'INHIBITOR', 'description': 'Negatively effects (inhibits) the normal functioning of the protein e.g., prevention of enzymatic reaction or activation of downstream pathway', 'parent_type': 'NEGATIVE MODULATOR'}",,23126324,"[{'comments': None, 'relation': '=', 'result_flag': 0, 'standard_relation': '=', 'standard_text_value': None, 'standard_type': 'TIME', 'standard_units': 'hr', 'standard_value': '2.333', 'text_value': None, 'type': 'Time', 'units': 'min', 'value': '140.0'}]",CHEMBL4807219,Inhibition of PKMYT1 (unknown origin) using Myelin basic protein substrate preincubated with enzyme and substrate for 20 mins followed by [33P]ATP and ATP addition and measured after 2 hrs by HotSpot Kinase assay,B,,,BAO_0000190,BAO_0000357,single protein format,CC(C)n1c(=O)c2cnc(Nc3ccc4c(c3)CNCC4)nc2n1-c1ccc(F)c(C(C)(C)F)n1,,,CHEMBL4806961,,2020,"{'bei': '9.90', 'le': '0.19', 'lle': '0.46', 'sei': '5.30'}",,CHEMBL4852723,,CHEMBL4852723,4.75,0,http://www.openphacts.org/units/Nanomolar,3590566,=,38,1,=,,IC50,nM,,17800,CHEMBL3984,Homo sapiens,Membrane-associated tyrosine- and threonine-specific cdc2-inhibitory kinase,9606,,,IC50,uM,UO_0000065,,17.8,4.749579998
"{'action_type': 'INHIBITOR', 'description': 'Negatively effects (inhibits) the normal functioning of the protein e.g., prevention of enzymatic reaction or activation of downstream pathway', 'parent_type': 'NEGATIVE MODULATOR'}",,23126325,"[{'comments': None, 'relation': '=', 'result_flag': 0, 'standard_relation': '=', 'standard_text_value': None, 'standard_type': 'TIME', 'standard_units': 'hr', 'standard_value': '2.333', 'text_value': None, 'type': 'Time', 'units': 'min', 'value': '140.0'}]",CHEMBL4807219,Inhibition of PKMYT1 (unknown origin) using Myelin basic protein substrate preincubated with enzyme and substrate for 20 mins followed by [33P]ATP and ATP addition and measured after 2 hrs by HotSpot Kinase assay,B,,,BAO_0000190,BAO_0000357,single protein format,CC(C)(F)c1nc(-n2c3nc(Nc4ccc5c(c4)CCNC5(C)C)ncc3c(=O)n2C2CC2)ccc1F,,,CHEMBL4806961,,2020,"{'bei': '10.40', 'le': '0.19', 'lle': '0.48', 'sei': '5.87'}",,CHEMBL4869534,,CHEMBL4869534,5.26,0,http://www.openphacts.org/units/Nanomolar,3590567,=,38,1,=,,IC50,nM,,5500,CHEMBL3984,Homo sapiens,Membrane-associated tyrosine- and threonine-specific cdc2-inhibitory kinase,9606,,,IC50,uM,UO_0000065,,5.5,5.259637311
"{'action_type': 'INHIBITOR', 'description': 'Negatively effects (inhibits) the normal functioning of the protein e.g., prevention of enzymatic reaction or activation of downstream pathway', 'parent_type': 'NEGATIVE MODULATOR'}",,23126326,"[{'comments': None, 'relation': '=', 'result_flag': 0, 'standard_relation': '=', 'standard_text_value': None, 'standard_type': 'TIME', 'standard_units': 'hr', 'standard_value': '2.333', 'text_value': None, 'type': 'Time', 'units': 'min', 'value': '140.0'}]",CHEMBL4807219,Inhibition of PKMYT1 (unknown origin) using Myelin basic protein substrate preincubated with enzyme and substrate for 20 mins followed by [33P]ATP and ATP addition and measured after 2 hrs by HotSpot Kinase assay,B,,,BAO_0000190,BAO_0000357,single protein format,N#CC1(c2cccc(-n3c4nc(Nc5ccc6c(c5)CNCC6)ncc4c(=O)n3CC(F)(F)F)n2)CC1,,,CHEMBL4806961,,2020,"{'bei': '12.07', 'le': '0.23', 'lle': '2.64', 'sei': '5.39'}",,CHEMBL4854253,,CHEMBL4854253,6.12,0,http://www.openphacts.org/units/Nanomolar,3590568,=,38,1,=,,IC50,nM,,767,CHEMBL3984,Homo sapiens,Membrane-associated tyrosine- and threonine-specific cdc2-inhibitory kinase,9606,,,IC50,uM,UO_0000065,,0.767,6.115204636
"{'action_type': 'INHIBITOR', 'description': 'Negatively effects (inhibits) the normal functioning of the protein e.g., prevention of enzymatic reaction or activation of downstream pathway', 'parent_type': 'NEGATIVE MODULATOR'}",,23126327,"[{'comments': None, 'relation': '=', 'result_flag': 0, 'standard_relation': '=', 'standard_text_value': None, 'standard_type': 'TIME', 'standard_units': 'hr', 'standard_value': '2.333', 'text_value': None, 'type': 'Time', 'units': 'min', 'value': '140.0'}]",CHEMBL4807219,Inhibition of PKMYT1 (unknown origin) using Myelin basic protein substrate preincubated with enzyme and substrate for 20 mins followed by [33P]ATP and ATP addition and measured after 2 hrs by HotSpot Kinase assay,B,,,BAO_0000190,BAO_0000357,single protein format,CCn1c(=O)c2cnc(Nc3ccc4c(c3)CCNC4)nc2n1-c1cccc(C2(C#N)CC2)n1,,,CHEMBL4806961,,2020,"{'bei': '13.61', 'le': '0.25', 'lle': '3.22', 'sei': '5.43'}",,CHEMBL4878169,,CHEMBL4878169,6.16,0,http://www.openphacts.org/units/Nanomolar,3590569,=,38,1,=,,IC50,nM,,691,CHEMBL3984,Homo sapiens,Membrane-associated tyrosine- and threonine-specific cdc2-inhibitory kinase,9606,,,IC50,uM,UO_0000065,,0.691,6.160521953
"{'action_type': 'INHIBITOR', 'description': 'Negatively effects (inhibits) the normal functioning of the protein e.g., prevention of enzymatic reaction or activation of downstream pathway', 'parent_type': 'NEGATIVE MODULATOR'}",,23126328,"[{'comments': None, 'relation': '=', 'result_flag': 0, 'standard_relation': '=', 'standard_text_value': None, 'standard_type': 'TIME', 'standard_units': 'hr', 'standard_value': '2.333', 'text_value': None, 'type': 'Time', 'units': 'min', 'value': '140.0'}]",CHEMBL4807219,Inhibition of PKMYT1 (unknown origin) using Myelin basic protein substrate preincubated with enzyme and substrate for 20 mins followed by [33P]ATP and ATP addition and measured after 2 hrs by HotSpot Kinase assay,B,,,BAO_0000190,BAO_0000357,single protein format,CCn1c(=O)c2cnc(Nc3ccc4c(c3)CNCC4)nc2n1-c1cccc(C2(C#N)CC2)n1,,,CHEMBL4806961,,2020,"{'bei': '14.70', 'le': '0.27', 'lle': '3.71', 'sei': '5.86'}",,CHEMBL4866501,,CHEMBL4866501,6.65,0,http://www.openphacts.org/units/Nanomolar,3590570,=,38,1,=,,IC50,nM,,223,CHEMBL3984,Homo sapiens,Membrane-associated tyrosine- and threonine-specific cdc2-inhibitory kinase,9606,,,IC50,uM,UO_0000065,,0.223,6.651695137
"{'action_type': 'INHIBITOR', 'description': 'Negatively effects (inhibits) the normal functioning of the protein e.g., prevention of enzymatic reaction or activation of downstream pathway', 'parent_type': 'NEGATIVE MODULATOR'}",,23126329,"[{'comments': None, 'relation': '=', 'result_flag': 0, 'standard_relation': '=', 'standard_text_value': None, 'standard_type': 'TIME', 'standard_units': 'hr', 'standard_value': '2.333', 'text_value': None, 'type': 'Time', 'units': 'min', 'value': '140.0'}]",CHEMBL4807219,Inhibition of PKMYT1 (unknown origin) using Myelin basic protein substrate preincubated with enzyme and substrate for 20 mins followed by [33P]ATP and ATP addition and measured after 2 hrs by HotSpot Kinase assay,B,,,BAO_0000190,BAO_0000357,single protein format,CCn1c(=O)c2cnc(Nc3ccc4c(c3)CNCC4(C)C)nc2n1-c1cccc(C2(C#N)CC2)n1,,,CHEMBL4806961,,2020,"{'bei': '14.39', 'le': '0.26', 'lle': '3.24', 'sei': '6.10'}",,CHEMBL4850280,,CHEMBL4850280,6.92,0,http://www.openphacts.org/units/Nanomolar,3590572,=,38,1,=,,IC50,nM,,121,CHEMBL3984,Homo sapiens,Membrane-associated tyrosine- and threonine-specific cdc2-inhibitory kinase,9606,,,IC50,uM,UO_0000065,,0.121,6.91721463
"{'action_type': 'INHIBITOR', 'description': 'Negatively effects (inhibits) the normal functioning of the protein e.g., prevention of enzymatic reaction or activation of downstream pathway', 'parent_type': 'NEGATIVE MODULATOR'}",,23126330,"[{'comments': None, 'relation': '=', 'result_flag': 0, 'standard_relation': '=', 'standard_text_value': None, 'standard_type': 'TIME', 'standard_units': 'hr', 'standard_value': '2.333', 'text_value': None, 'type': 'Time', 'units': 'min', 'value': '140.0'}]",CHEMBL4807219,Inhibition of PKMYT1 (unknown origin) using Myelin basic protein substrate preincubated with enzyme and substrate for 20 mins followed by [33P]ATP and ATP addition and measured after 2 hrs by HotSpot Kinase assay,B,,,BAO_0000190,BAO_0000357,single protein format,CC(C)n1c(=O)c2cnc(Nc3ccc4c(c3)CCNC4)nc2n1-c1cccc(C2(C#N)CC2)n1,,,CHEMBL4806961,,2020,"{'bei': '11.25', 'le': '0.20', 'lle': '1.75', 'sei': '4.63'}",,CHEMBL4870383,,CHEMBL4870383,5.25,0,http://www.openphacts.org/units/Nanomolar,3590574,=,38,1,=,,IC50,nM,,5630,CHEMBL3984,Homo sapiens,Membrane-associated tyrosine- and threonine-specific cdc2-inhibitory kinase,9606,,,IC50,uM,UO_0000065,,5.63,5.249491605
"{'action_type': 'INHIBITOR', 'description': 'Negatively effects (inhibits) the normal functioning of the protein e.g., prevention of enzymatic reaction or activation of downstream pathway', 'parent_type': 'NEGATIVE MODULATOR'}",,23126331,"[{'comments': None, 'relation': '=', 'result_flag': 0, 'standard_relation': '=', 'standard_text_value': None, 'standard_type': 'TIME', 'standard_units': 'hr', 'standard_value': '2.333', 'text_value': None, 'type': 'Time', 'units': 'min', 'value': '140.0'}]",CHEMBL4807219,Inhibition of PKMYT1 (unknown origin) using Myelin basic protein substrate preincubated with enzyme and substrate for 20 mins followed by [33P]ATP and ATP addition and measured after 2 hrs by HotSpot Kinase assay,B,,,BAO_0000190,BAO_0000357,single protein format,CC(C)n1c(=O)c2cnc(Nc3ccc4c(c3)CNCC4)nc2n1-c1cccc(C2(C#N)CC2)n1,,,CHEMBL4806961,,2020,"{'bei': '12.71', 'le': '0.23', 'lle': '2.43', 'sei': '5.23'}",,CHEMBL4848944,,CHEMBL4848944,5.93,0,http://www.openphacts.org/units/Nanomolar,3590575,=,38,1,=,,IC50,nM,,1170,CHEMBL3984,Homo sapiens,Membrane-associated tyrosine- and threonine-specific cdc2-inhibitory kinase,9606,,,IC50,uM,UO_0000065,,1.17,5.931814138
"{'action_type': 'INHIBITOR', 'description': 'Negatively effects (inhibits) the normal functioning of the protein e.g., prevention of enzymatic reaction or activation of downstream pathway', 'parent_type': 'NEGATIVE MODULATOR'}",,23126332,"[{'comments': None, 'relation': '=', 'result_flag': 0, 'standard_relation': '=', 'standard_text_value': None, 'standard_type': 'TIME', 'standard_units': 'hr', 'standard_value': '2.333', 'text_value': None, 'type': 'Time', 'units': 'min', 'value': '140.0'}]",CHEMBL4807219,Inhibition of PKMYT1 (unknown origin) using Myelin basic protein substrate preincubated with enzyme and substrate for 20 mins followed by [33P]ATP and ATP addition and measured after 2 hrs by HotSpot Kinase assay,B,,,BAO_0000190,BAO_0000357,single protein format,CC(C)n1c(=O)c2cnc(Nc3ccc4c(c3)CCNC4(C)C)nc2n1-c1cccc(C2(C#N)CC2)n1,,,CHEMBL4806961,,2020,"{'bei': '11.75', 'le': '0.21', 'lle': '1.57', 'sei': '5.12'}",,CHEMBL4872330,,CHEMBL4872330,5.81,0,http://www.openphacts.org/units/Nanomolar,3590576,=,38,1,=,,IC50,nM,,1540,CHEMBL3984,Homo sapiens,Membrane-associated tyrosine- and threonine-specific cdc2-inhibitory kinase,9606,,,IC50,uM,UO_0000065,,1.54,5.812479279
"{'action_type': 'INHIBITOR', 'description': 'Negatively effects (inhibits) the normal functioning of the protein e.g., prevention of enzymatic reaction or activation of downstream pathway', 'parent_type': 'NEGATIVE MODULATOR'}",,23126333,"[{'comments': None, 'relation': '=', 'result_flag': 0, 'standard_relation': '=', 'standard_text_value': None, 'standard_type': 'TIME', 'standard_units': 'hr', 'standard_value': '2.333', 'text_value': None, 'type': 'Time', 'units': 'min', 'value': '140.0'}]",CHEMBL4807219,Inhibition of PKMYT1 (unknown origin) using Myelin basic protein substrate preincubated with enzyme and substrate for 20 mins followed by [33P]ATP and ATP addition and measured after 2 hrs by HotSpot Kinase assay,B,,,BAO_0000190,BAO_0000357,single protein format,CC(C)n1c(=O)c2cnc(Nc3ccc4c(c3)CCNC4)nc2n1-c1ccnc(C2(C#N)CC2)c1,,,CHEMBL4806961,,2020,"{'bei': '11.87', 'le': '0.22', 'lle': '2.04', 'sei': '4.88'}",,CHEMBL4855151,,CHEMBL4855151,5.54,0,http://www.openphacts.org/units/Nanomolar,3590578,=,38,1,=,,IC50,nM,,2900,CHEMBL3984,Homo sapiens,Membrane-associated tyrosine- and threonine-specific cdc2-inhibitory kinase,9606,,,IC50,uM,UO_0000065,,2.9,5.537602002
"{'action_type': 'INHIBITOR', 'description': 'Negatively effects (inhibits) the normal functioning of the protein e.g., prevention of enzymatic reaction or activation of downstream pathway', 'parent_type': 'NEGATIVE MODULATOR'}",,23126334,"[{'comments': None, 'relation': '=', 'result_flag': 0, 'standard_relation': '=', 'standard_text_value': None, 'standard_type': 'TIME', 'standard_units': 'hr', 'standard_value': '2.333', 'text_value': None, 'type': 'Time', 'units': 'min', 'value': '140.0'}]",CHEMBL4807219,Inhibition of PKMYT1 (unknown origin) using Myelin basic protein substrate preincubated with enzyme and substrate for 20 mins followed by [33P]ATP and ATP addition and measured after 2 hrs by HotSpot Kinase assay,B,,,BAO_0000190,BAO_0000357,single protein format,CCn1c(=O)c2cnc(Nc3ccc4c(c3)CNCC4)nc2n1-c1cccc(C2(CF)CC2)n1,,,CHEMBL4806961,,2020,"{'bei': '11.70', 'le': '0.22', 'lle': '1.99', 'sei': '6.00'}",,CHEMBL4861984,,CHEMBL4861984,5.38,0,http://www.openphacts.org/units/Nanomolar,3590579,=,38,1,=,,IC50,nM,,4200,CHEMBL3984,Homo sapiens,Membrane-associated tyrosine- and threonine-specific cdc2-inhibitory kinase,9606,,,IC50,uM,UO_0000065,,4.2,5.37675071
"{'action_type': 'INHIBITOR', 'description': 'Negatively effects (inhibits) the normal functioning of the protein e.g., prevention of enzymatic reaction or activation of downstream pathway', 'parent_type': 'NEGATIVE MODULATOR'}",,23126335,"[{'comments': None, 'relation': '=', 'result_flag': 0, 'standard_relation': '=', 'standard_text_value': None, 'standard_type': 'TIME', 'standard_units': 'hr', 'standard_value': '2.333', 'text_value': None, 'type': 'Time', 'units': 'min', 'value': '140.0'}]",CHEMBL4807219,Inhibition of PKMYT1 (unknown origin) using Myelin basic protein substrate preincubated with enzyme and substrate for 20 mins followed by [33P]ATP and ATP addition and measured after 2 hrs by HotSpot Kinase assay,B,,,BAO_0000190,BAO_0000357,single protein format,CC(C)n1c(=O)c2cnc(Nc3ccc4c(c3)CCNC4)nc2n1-c1cccc(C2(CF)CC2)n1,,,CHEMBL4806961,,2020,"{'bei': '10.90', 'le': '0.20', 'lle': '1.21', 'sei': '5.75'}",,CHEMBL4872553,,CHEMBL4872553,5.16,0,http://www.openphacts.org/units/Nanomolar,3590580,=,38,1,=,,IC50,nM,,6920,CHEMBL3984,Homo sapiens,Membrane-associated tyrosine- and threonine-specific cdc2-inhibitory kinase,9606,,,IC50,uM,UO_0000065,,6.92,5.159893906
"{'action_type': 'INHIBITOR', 'description': 'Negatively effects (inhibits) the normal functioning of the protein e.g., prevention of enzymatic reaction or activation of downstream pathway', 'parent_type': 'NEGATIVE MODULATOR'}",,23126336,"[{'comments': None, 'relation': '=', 'result_flag': 0, 'standard_relation': '=', 'standard_text_value': None, 'standard_type': 'TIME', 'standard_units': 'hr', 'standard_value': '2.333', 'text_value': None, 'type': 'Time', 'units': 'min', 'value': '140.0'}]",CHEMBL4807219,Inhibition of PKMYT1 (unknown origin) using Myelin basic protein substrate preincubated with enzyme and substrate for 20 mins followed by [33P]ATP and ATP addition and measured after 2 hrs by HotSpot Kinase assay,B,,,BAO_0000190,BAO_0000357,single protein format,CCn1c(=O)c2cnc(Nc3ccc4c(c3)CNCC4)nc2n1-c1ccc(F)c(C(C)(C)F)n1,,,CHEMBL4806961,,2020,"{'bei': '12.14', 'le': '0.23', 'lle': '1.92', 'sei': '6.30'}",,CHEMBL4848608,,CHEMBL4848608,5.65,0,http://www.openphacts.org/units/Nanomolar,3590581,=,38,1,=,,IC50,nM,,2240,CHEMBL3984,Homo sapiens,Membrane-associated tyrosine- and threonine-specific cdc2-inhibitory kinase,9606,,,IC50,uM,UO_0000065,,2.24,5.649751982
"{'action_type': 'INHIBITOR', 'description': 'Negatively effects (inhibits) the normal functioning of the protein e.g., prevention of enzymatic reaction or activation of downstream pathway', 'parent_type': 'NEGATIVE MODULATOR'}",,23126337,"[{'comments': None, 'relation': '=', 'result_flag': 0, 'standard_relation': '=', 'standard_text_value': None, 'standard_type': 'TIME', 'standard_units': 'hr', 'standard_value': '2.333', 'text_value': None, 'type': 'Time', 'units': 'min', 'value': '140.0'}]",CHEMBL4807219,Inhibition of PKMYT1 (unknown origin) using Myelin basic protein substrate preincubated with enzyme and substrate for 20 mins followed by [33P]ATP and ATP addition and measured after 2 hrs by HotSpot Kinase assay,B,,,BAO_0000190,BAO_0000357,single protein format,CC(C)n1c(=O)c2cnc(Nc3ccc4c(c3)CCNC4)nc2n1-c1ccc(F)c(C(C)(C)O)n1,,,CHEMBL4806961,,2020,"{'bei': '9.84', 'le': '0.18', 'lle': '1.39', 'sei': '4.27'}",,CHEMBL4875614,,CHEMBL4875614,4.7,0,http://www.openphacts.org/units/Nanomolar,3590582,=,38,1,=,,IC50,nM,,20100,CHEMBL3984,Homo sapiens,Membrane-associated tyrosine- and threonine-specific cdc2-inhibitory kinase,9606,,,IC50,uM,UO_0000065,,20.1,4.696803943
"{'action_type': 'INHIBITOR', 'description': 'Negatively effects (inhibits) the normal functioning of the protein e.g., prevention of enzymatic reaction or activation of downstream pathway', 'parent_type': 'NEGATIVE MODULATOR'}",,23126338,"[{'comments': None, 'relation': '=', 'result_flag': 0, 'standard_relation': '=', 'standard_text_value': None, 'standard_type': 'TIME', 'standard_units': 'hr', 'standard_value': '2.333', 'text_value': None, 'type': 'Time', 'units': 'min', 'value': '140.0'}]",CHEMBL4807219,Inhibition of PKMYT1 (unknown origin) using Myelin basic protein substrate preincubated with enzyme and substrate for 20 mins followed by [33P]ATP and ATP addition and measured after 2 hrs by HotSpot Kinase assay,B,,,BAO_0000190,BAO_0000357,single protein format,CC(C)n1c(=O)c2cnc(Nc3ccc4c(c3)CNCC4)nc2n1-c1ccc(F)c(C(C)(C)O)n1,,,CHEMBL4806961,,2020,"{'bei': '10.20', 'le': '0.19', 'lle': '1.56', 'sei': '4.43'}",,CHEMBL4877216,,CHEMBL4877216,4.87,0,http://www.openphacts.org/units/Nanomolar,3590583,=,38,1,=,,IC50,nM,,13500,CHEMBL3984,Homo sapiens,Membrane-associated tyrosine- and threonine-specific cdc2-inhibitory kinase,9606,,,IC50,uM,UO_0000065,,13.5,4.869666232
"{'action_type': 'INHIBITOR', 'description': 'Negatively effects (inhibits) the normal functioning of the protein e.g., prevention of enzymatic reaction or activation of downstream pathway', 'parent_type': 'NEGATIVE MODULATOR'}",,23126339,"[{'comments': None, 'relation': '=', 'result_flag': 0, 'standard_relation': '=', 'standard_text_value': None, 'standard_type': 'TIME', 'standard_units': 'hr', 'standard_value': '2.333', 'text_value': None, 'type': 'Time', 'units': 'min', 'value': '140.0'}]",CHEMBL4807219,Inhibition of PKMYT1 (unknown origin) using Myelin basic protein substrate preincubated with enzyme and substrate for 20 mins followed by [33P]ATP and ATP addition and measured after 2 hrs by HotSpot Kinase assay,B,,,BAO_0000190,BAO_0000357,single protein format,CC(C)n1c(=O)c2cnc(Nc3ccc4c(c3)CCNC4(C)C)nc2n1-c1ccc(F)c(C(C)(C)O)n1,,,CHEMBL4806961,,2020,"{'bei': '10.23', 'le': '0.19', 'lle': '1.12', 'sei': '4.71'}",,CHEMBL4855347,,CHEMBL4855347,5.17,0,http://www.openphacts.org/units/Nanomolar,3590584,=,38,1,=,,IC50,nM,,6690,CHEMBL3984,Homo sapiens,Membrane-associated tyrosine- and threonine-specific cdc2-inhibitory kinase,9606,,,IC50,uM,UO_0000065,,6.69,5.174573882
"{'action_type': 'INHIBITOR', 'description': 'Negatively effects (inhibits) the normal functioning of the protein e.g., prevention of enzymatic reaction or activation of downstream pathway', 'parent_type': 'NEGATIVE MODULATOR'}",,23126340,"[{'comments': None, 'relation': '=', 'result_flag': 0, 'standard_relation': '=', 'standard_text_value': None, 'standard_type': 'TIME', 'standard_units': 'hr', 'standard_value': '2.333', 'text_value': None, 'type': 'Time', 'units': 'min', 'value': '140.0'}]",CHEMBL4807219,Inhibition of PKMYT1 (unknown origin) using Myelin basic protein substrate preincubated with enzyme and substrate for 20 mins followed by [33P]ATP and ATP addition and measured after 2 hrs by HotSpot Kinase assay,B,,,BAO_0000190,BAO_0000357,single protein format,CC(C)n1c(=O)c2cnc(Nc3ccc4c(c3)CNCC43CC3)nc2n1-c1ccc(F)c(C(C)(C)O)n1,,,CHEMBL4806961,,2020,"{'bei': '10.82', 'le': '0.20', 'lle': '1.65', 'sei': '4.96'}",,CHEMBL4855356,,CHEMBL4855356,5.45,0,http://www.openphacts.org/units/Nanomolar,3590585,=,38,1,=,,IC50,nM,,3560,CHEMBL3984,Homo sapiens,Membrane-associated tyrosine- and threonine-specific cdc2-inhibitory kinase,9606,,,IC50,uM,UO_0000065,,3.56,5.448550002
"{'action_type': 'INHIBITOR', 'description': 'Negatively effects (inhibits) the normal functioning of the protein e.g., prevention of enzymatic reaction or activation of downstream pathway', 'parent_type': 'NEGATIVE MODULATOR'}",,23126341,"[{'comments': None, 'relation': '=', 'result_flag': 0, 'standard_relation': '=', 'standard_text_value': None, 'standard_type': 'TIME', 'standard_units': 'hr', 'standard_value': '2.333', 'text_value': None, 'type': 'Time', 'units': 'min', 'value': '140.0'}]",CHEMBL4807219,Inhibition of PKMYT1 (unknown origin) using Myelin basic protein substrate preincubated with enzyme and substrate for 20 mins followed by [33P]ATP and ATP addition and measured after 2 hrs by HotSpot Kinase assay,B,,,BAO_0000190,BAO_0000357,single protein format,CCn1c(=O)c2cnc(Nc3ccc4c(c3)CCNC4)nc2n1-c1ccc(F)c(C(C)(C)O)n1,,,CHEMBL4806961,,2020,"{'bei': '11.53', 'le': '0.21', 'lle': '2.59', 'sei': '4.86'}",,CHEMBL4852195,,CHEMBL4852195,5.34,0,http://www.openphacts.org/units/Nanomolar,3590586,=,38,1,=,,IC50,nM,,4540,CHEMBL3984,Homo sapiens,Membrane-associated tyrosine- and threonine-specific cdc2-inhibitory kinase,9606,,,IC50,uM,UO_0000065,,4.54,5.342944147
"{'action_type': 'INHIBITOR', 'description': 'Negatively effects (inhibits) the normal functioning of the protein e.g., prevention of enzymatic reaction or activation of downstream pathway', 'parent_type': 'NEGATIVE MODULATOR'}",,23126342,"[{'comments': None, 'relation': '=', 'result_flag': 0, 'standard_relation': '=', 'standard_text_value': None, 'standard_type': 'TIME', 'standard_units': 'hr', 'standard_value': '2.333', 'text_value': None, 'type': 'Time', 'units': 'min', 'value': '140.0'}]",CHEMBL4807219,Inhibition of PKMYT1 (unknown origin) using Myelin basic protein substrate preincubated with enzyme and substrate for 20 mins followed by [33P]ATP and ATP addition and measured after 2 hrs by HotSpot Kinase assay,B,,,BAO_0000190,BAO_0000357,single protein format,CCn1c(=O)c2cnc(Nc3ccc4c(c3)CNCC4)nc2n1-c1ccc(F)c(C(C)(C)O)n1,,,CHEMBL4806961,,2020,"{'bei': '10.30', 'le': '0.19', 'lle': '2.02', 'sei': '4.34'}",,CHEMBL4848860,,CHEMBL4848860,4.78,0,http://www.openphacts.org/units/Nanomolar,3590587,=,38,1,=,,IC50,nM,,16800,CHEMBL3984,Homo sapiens,Membrane-associated tyrosine- and threonine-specific cdc2-inhibitory kinase,9606,,,IC50,uM,UO_0000065,,16.8,4.774690718
"{'action_type': 'INHIBITOR', 'description': 'Negatively effects (inhibits) the normal functioning of the protein e.g., prevention of enzymatic reaction or activation of downstream pathway', 'parent_type': 'NEGATIVE MODULATOR'}",,23126343,"[{'comments': None, 'relation': '=', 'result_flag': 0, 'standard_relation': '=', 'standard_text_value': None, 'standard_type': 'TIME', 'standard_units': 'hr', 'standard_value': '2.333', 'text_value': None, 'type': 'Time', 'units': 'min', 'value': '140.0'}]",CHEMBL4807219,Inhibition of PKMYT1 (unknown origin) using Myelin basic protein substrate preincubated with enzyme and substrate for 20 mins followed by [33P]ATP and ATP addition and measured after 2 hrs by HotSpot Kinase assay,B,,,BAO_0000190,BAO_0000357,single protein format,CC(C)n1c(=O)c2cnc(Nc3ccc4c(c3)CCNC4)nc2n1-c1nc(C(C)(C)C#N)ccc1F,,,CHEMBL4806961,,2020,"{'bei': '10.18', 'le': '0.19', 'lle': '1.06', 'sei': '4.36'}",,CHEMBL4865933,,CHEMBL4865933,4.95,0,http://www.openphacts.org/units/Nanomolar,3590588,=,38,1,=,,IC50,nM,,11200,CHEMBL3984,Homo sapiens,Membrane-associated tyrosine- and threonine-specific cdc2-inhibitory kinase,9606,,,IC50,uM,UO_0000065,,11.2,4.950781977
"{'action_type': 'INHIBITOR', 'description': 'Negatively effects (inhibits) the normal functioning of the protein e.g., prevention of enzymatic reaction or activation of downstream pathway', 'parent_type': 'NEGATIVE MODULATOR'}",,23126344,"[{'comments': None, 'relation': '=', 'result_flag': 0, 'standard_relation': '=', 'standard_text_value': None, 'standard_type': 'TIME', 'standard_units': 'hr', 'standard_value': '2.333', 'text_value': None, 'type': 'Time', 'units': 'min', 'value': '140.0'}]",CHEMBL4807219,Inhibition of PKMYT1 (unknown origin) using Myelin basic protein substrate preincubated with enzyme and substrate for 20 mins followed by [33P]ATP and ATP addition and measured after 2 hrs by HotSpot Kinase assay,B,,,BAO_0000190,BAO_0000357,single protein format,CC(C)n1c(=O)c2cnc(Nc3ccc4c(c3)CNCC4)nc2n1-c1nc(C(C)(C)C#N)ccc1F,,,CHEMBL4806961,,2020,"{'bei': '10.53', 'le': '0.19', 'lle': '1.24', 'sei': '4.52'}",,CHEMBL4875604,,CHEMBL4875604,5.13,0,http://www.openphacts.org/units/Nanomolar,3590589,=,38,1,=,,IC50,nM,,7490,CHEMBL3984,Homo sapiens,Membrane-associated tyrosine- and threonine-specific cdc2-inhibitory kinase,9606,,,IC50,uM,UO_0000065,,7.49,5.125518182
"{'action_type': 'INHIBITOR', 'description': 'Negatively effects (inhibits) the normal functioning of the protein e.g., prevention of enzymatic reaction or activation of downstream pathway', 'parent_type': 'NEGATIVE MODULATOR'}",,23126345,"[{'comments': None, 'relation': '=', 'result_flag': 0, 'standard_relation': '=', 'standard_text_value': None, 'standard_type': 'TIME', 'standard_units': 'hr', 'standard_value': '2.333', 'text_value': None, 'type': 'Time', 'units': 'min', 'value': '140.0'}]",CHEMBL4807219,Inhibition of PKMYT1 (unknown origin) using Myelin basic protein substrate preincubated with enzyme and substrate for 20 mins followed by [33P]ATP and ATP addition and measured after 2 hrs by HotSpot Kinase assay,B,,,BAO_0000190,BAO_0000357,single protein format,CC(C)n1c(=O)c2cnc(Nc3ccc4c(c3)CNCC4)nc2n1-c1nc(C(C)(C)C)c(Cl)s1,,,CHEMBL4806961,,2020,"{'bei': '9.44', 'le': '0.19', 'lle': '-0.26', 'sei': '5.24'}",,CHEMBL4858594,,CHEMBL4858594,4.7,0,http://www.openphacts.org/units/Nanomolar,3590591,=,38,1,=,,IC50,nM,,19900,CHEMBL3984,Homo sapiens,Membrane-associated tyrosine- and threonine-specific cdc2-inhibitory kinase,9606,,,IC50,uM,UO_0000065,,19.9,4.701146924
"{'action_type': 'INHIBITOR', 'description': 'Negatively effects (inhibits) the normal functioning of the protein e.g., prevention of enzymatic reaction or activation of downstream pathway', 'parent_type': 'NEGATIVE MODULATOR'}",,23126346,"[{'comments': None, 'relation': '=', 'result_flag': 0, 'standard_relation': '=', 'standard_text_value': None, 'standard_type': 'TIME', 'standard_units': 'hr', 'standard_value': '2.333', 'text_value': None, 'type': 'Time', 'units': 'min', 'value': '140.0'}]",CHEMBL4807219,Inhibition of PKMYT1 (unknown origin) using Myelin basic protein substrate preincubated with enzyme and substrate for 20 mins followed by [33P]ATP and ATP addition and measured after 2 hrs by HotSpot Kinase assay,B,,,BAO_0000190,BAO_0000357,single protein format,CC(C)n1c(=O)c2cnc(Nc3ccc4c(c3)CCNC4)nc2n1-c1csc(C2CC2)n1,,,CHEMBL4806961,,2020,"{'bei': '10.15', 'le': '0.19', 'lle': '0.65', 'sei': '5.06'}",,CHEMBL4847483,,CHEMBL4847483,4.54,0,http://www.openphacts.org/units/Nanomolar,3590592,=,38,1,=,,IC50,nM,,28800,CHEMBL3984,Homo sapiens,Membrane-associated tyrosine- and threonine-specific cdc2-inhibitory kinase,9606,,,IC50,uM,UO_0000065,,28.8,4.540607512
,,23126347,"[{'comments': None, 'relation': '=', 'result_flag': 0, 'standard_relation': '=', 'standard_text_value': None, 'standard_type': 'TIME', 'standard_units': 'hr', 'standard_value': '2.333', 'text_value': None, 'type': 'Time', 'units': 'min', 'value': '140.0'}]",CHEMBL4807219,Inhibition of PKMYT1 (unknown origin) using Myelin basic protein substrate preincubated with enzyme and substrate for 20 mins followed by [33P]ATP and ATP addition and measured after 2 hrs by HotSpot Kinase assay,B,,,BAO_0000190,BAO_0000357,single protein format,CC(C)n1c(=O)c2cnc(Nc3ccc4c(c3)CNCC4)nc2n1-c1csc(C2CC2)n1,,,CHEMBL4806961,,2020,,,CHEMBL4877308,,CHEMBL4877308,,0,http://www.openphacts.org/units/Nanomolar,3590593,>,38,1,>,,IC50,nM,,30000,CHEMBL3984,Homo sapiens,Membrane-associated tyrosine- and threonine-specific cdc2-inhibitory kinase,9606,,,IC50,uM,UO_0000065,,30,4.522878745
"{'action_type': 'INHIBITOR', 'description': 'Negatively effects (inhibits) the normal functioning of the protein e.g., prevention of enzymatic reaction or activation of downstream pathway', 'parent_type': 'NEGATIVE MODULATOR'}",,24825970,"[{'comments': None, 'relation': '=', 'result_flag': 0, 'standard_relation': '=', 'standard_text_value': None, 'standard_type': 'TIME', 'standard_units': 'hr', 'standard_value': '1.25', 'text_value': None, 'type': 'Time', 'units': 'min', 'value': '75.0'}]",CHEMBL5141600,Inhibition of N-terminal human recombinant PKMYT1 (76 to 362 residues) expressed in Escherichia coli (DE3) RIL preincubated with compound for 15 mins in presence of ATP followed by 1 hr incubation by ADP-glo luminescence assay,B,,,BAO_0000190,BAO_0000019,assay format,Cc1ccc(O)cc1-n1c(N)c(C(N)=O)c2nc3ccccc3nc21,,,CHEMBL5137074,J Med Chem,2022,"{'bei': '21.50', 'le': '0.39', 'lle': '4.90', 'sei': '5.97'}",,CHEMBL3321809,,CHEMBL3321809,7.17,0,http://www.openphacts.org/units/Nanomolar,3877356,=,1,1,=,,IC50,nM,,68,CHEMBL3984,Homo sapiens,Membrane-associated tyrosine- and threonine-specific cdc2-inhibitory kinase,9606,,,IC50,uM,UO_0000065,,0.068,7.167491087
,,24825971,"[{'comments': None, 'relation': '=', 'result_flag': 0, 'standard_relation': '=', 'standard_text_value': None, 'standard_type': 'TIME', 'standard_units': 'hr', 'standard_value': '1.25', 'text_value': None, 'type': 'Time', 'units': 'min', 'value': '75.0'}]",CHEMBL5141600,Inhibition of N-terminal human recombinant PKMYT1 (76 to 362 residues) expressed in Escherichia coli (DE3) RIL preincubated with compound for 15 mins in presence of ATP followed by 1 hr incubation by ADP-glo luminescence assay,B,,,BAO_0000190,BAO_0000019,assay format,Cc1ccccc1-n1c(N)c(C(N)=O)c2nc3ccccc3nc21,,,CHEMBL5137074,J Med Chem,2022,,,CHEMBL3321800,,CHEMBL3321800,,0,http://www.openphacts.org/units/Nanomolar,3877357,>,1,1,>,,IC50,nM,,20000,CHEMBL3984,Homo sapiens,Membrane-associated tyrosine- and threonine-specific cdc2-inhibitory kinase,9606,,,IC50,uM,UO_0000065,,20,4.698970004
"{'action_type': 'INHIBITOR', 'description': 'Negatively effects (inhibits) the normal functioning of the protein e.g., prevention of enzymatic reaction or activation of downstream pathway', 'parent_type': 'NEGATIVE MODULATOR'}",,24825972,"[{'comments': None, 'relation': '=', 'result_flag': 0, 'standard_relation': '=', 'standard_text_value': None, 'standard_type': 'TIME', 'standard_units': 'hr', 'standard_value': '1.25', 'text_value': None, 'type': 'Time', 'units': 'min', 'value': '75.0'}]",CHEMBL5141600,Inhibition of N-terminal human recombinant PKMYT1 (76 to 362 residues) expressed in Escherichia coli (DE3) RIL preincubated with compound for 15 mins in presence of ATP followed by 1 hr incubation by ADP-glo luminescence assay,B,,,BAO_0000190,BAO_0000019,assay format,Cc1cc(O)ccc1-n1c(N)c(C(N)=O)c2nc3ccccc3nc21,,,CHEMBL5137074,J Med Chem,2022,"{'bei': '15.23', 'le': '0.28', 'lle': '2.81', 'sei': '4.23'}",,CHEMBL5208905,,CHEMBL5208905,5.08,0,http://www.openphacts.org/units/Nanomolar,3877358,=,1,1,=,,IC50,nM,,8400,CHEMBL3984,Homo sapiens,Membrane-associated tyrosine- and threonine-specific cdc2-inhibitory kinase,9606,,,IC50,uM,UO_0000065,,8.4,5.075720714
"{'action_type': 'INHIBITOR', 'description': 'Negatively effects (inhibits) the normal functioning of the protein e.g., prevention of enzymatic reaction or activation of downstream pathway', 'parent_type': 'NEGATIVE MODULATOR'}",,24825973,"[{'comments': None, 'relation': '=', 'result_flag': 0, 'standard_relation': '=', 'standard_text_value': None, 'standard_type': 'TIME', 'standard_units': 'hr', 'standard_value': '1.25', 'text_value': None, 'type': 'Time', 'units': 'min', 'value': '75.0'}]",CHEMBL5141600,Inhibition of N-terminal human recombinant PKMYT1 (76 to 362 residues) expressed in Escherichia coli (DE3) RIL preincubated with compound for 15 mins in presence of ATP followed by 1 hr incubation by ADP-glo luminescence assay,B,,,BAO_0000190,BAO_0000019,assay format,Cc1c(O)cccc1-n1c(N)c(C(N)=O)c2nc3ccccc3nc21,,,CHEMBL5137074,J Med Chem,2022,"{'bei': '24.00', 'le': '0.44', 'lle': '5.73', 'sei': '6.66'}",,CHEMBL5193896,,CHEMBL5193896,8,0,http://www.openphacts.org/units/Nanomolar,3877359,=,1,1,=,,IC50,nM,,10,CHEMBL3984,Homo sapiens,Membrane-associated tyrosine- and threonine-specific cdc2-inhibitory kinase,9606,,,IC50,uM,UO_0000065,,0.01,8
"{'action_type': 'INHIBITOR', 'description': 'Negatively effects (inhibits) the normal functioning of the protein e.g., prevention of enzymatic reaction or activation of downstream pathway', 'parent_type': 'NEGATIVE MODULATOR'}",,24825974,"[{'comments': None, 'relation': '=', 'result_flag': 0, 'standard_relation': '=', 'standard_text_value': None, 'standard_type': 'TIME', 'standard_units': 'hr', 'standard_value': '1.25', 'text_value': None, 'type': 'Time', 'units': 'min', 'value': '75.0'}]",CHEMBL5141600,Inhibition of N-terminal human recombinant PKMYT1 (76 to 362 residues) expressed in Escherichia coli (DE3) RIL preincubated with compound for 15 mins in presence of ATP followed by 1 hr incubation by ADP-glo luminescence assay,B,,,BAO_0000190,BAO_0000019,assay format,NC(=O)c1c(N)n(-c2cccc(O)c2)c2nc3ccccc3nc12,,,CHEMBL5137074,J Med Chem,2022,"{'bei': '20.14', 'le': '0.37', 'lle': '4.47', 'sei': '5.36'}",,CHEMBL3321807,,CHEMBL3321807,6.43,0,http://www.openphacts.org/units/Nanomolar,3877360,=,1,1,=,,IC50,nM,,370,CHEMBL3984,Homo sapiens,Membrane-associated tyrosine- and threonine-specific cdc2-inhibitory kinase,9606,,,IC50,uM,UO_0000065,,0.37,6.431798276
"{'action_type': 'INHIBITOR', 'description': 'Negatively effects (inhibits) the normal functioning of the protein e.g., prevention of enzymatic reaction or activation of downstream pathway', 'parent_type': 'NEGATIVE MODULATOR'}",,24825975,"[{'comments': None, 'relation': '=', 'result_flag': 0, 'standard_relation': '=', 'standard_text_value': None, 'standard_type': 'TIME', 'standard_units': 'hr', 'standard_value': '1.25', 'text_value': None, 'type': 'Time', 'units': 'min', 'value': '75.0'}]",CHEMBL5141600,Inhibition of N-terminal human recombinant PKMYT1 (76 to 362 residues) expressed in Escherichia coli (DE3) RIL preincubated with compound for 15 mins in presence of ATP followed by 1 hr incubation by ADP-glo luminescence assay,B,,,BAO_0000190,BAO_0000019,assay format,Cc1ccc(O)c(C)c1-n1c(N)c(C(N)=O)c2nc3ccccc3nc21,,,CHEMBL5137074,J Med Chem,2022,"{'bei': '23.31', 'le': '0.43', 'lle': '5.52', 'sei': '6.74'}",,CHEMBL5202826,,CHEMBL5202826,8.1,0,http://www.openphacts.org/units/Nanomolar,3877361,=,1,1,=,,IC50,nM,,8,CHEMBL3984,Homo sapiens,Membrane-associated tyrosine- and threonine-specific cdc2-inhibitory kinase,9606,,,IC50,uM,UO_0000065,,0.008,8.096910013
"{'action_type': 'INHIBITOR', 'description': 'Negatively effects (inhibits) the normal functioning of the protein e.g., prevention of enzymatic reaction or activation of downstream pathway', 'parent_type': 'NEGATIVE MODULATOR'}",,24825976,"[{'comments': None, 'relation': '=', 'result_flag': 0, 'standard_relation': '=', 'standard_text_value': None, 'standard_type': 'TIME', 'standard_units': 'hr', 'standard_value': '1.25', 'text_value': None, 'type': 'Time', 'units': 'min', 'value': '75.0'}]",CHEMBL5141600,Inhibition of N-terminal human recombinant PKMYT1 (76 to 362 residues) expressed in Escherichia coli (DE3) RIL preincubated with compound for 15 mins in presence of ATP followed by 1 hr incubation by ADP-glo luminescence assay,B,,,BAO_0000190,BAO_0000019,assay format,COc1ccc(C)c(-n2c(N)c(C(N)=O)c3nc4ccccc4nc32)c1C,,,CHEMBL5137074,J Med Chem,2022,"{'bei': '14.60', 'le': '0.27', 'lle': '2.40', 'sei': '4.84'}",,CHEMBL5208771,,CHEMBL5208771,5.28,0,http://www.openphacts.org/units/Nanomolar,3877362,=,1,1,=,,IC50,nM,,5300,CHEMBL3984,Homo sapiens,Membrane-associated tyrosine- and threonine-specific cdc2-inhibitory kinase,9606,,,IC50,uM,UO_0000065,,5.3,5.27572413
,,24825977,"[{'comments': None, 'relation': '=', 'result_flag': 0, 'standard_relation': '=', 'standard_text_value': None, 'standard_type': 'TIME', 'standard_units': 'hr', 'standard_value': '1.25', 'text_value': None, 'type': 'Time', 'units': 'min', 'value': '75.0'}]",CHEMBL5141600,Inhibition of N-terminal human recombinant PKMYT1 (76 to 362 residues) expressed in Escherichia coli (DE3) RIL preincubated with compound for 15 mins in presence of ATP followed by 1 hr incubation by ADP-glo luminescence assay,B,,,BAO_0000190,BAO_0000019,assay format,Cc1ccc(Cl)c(C)c1-n1c(N)c(C(N)=O)c2nc3ccccc3nc21,,,CHEMBL5137074,J Med Chem,2022,,,CHEMBL5189665,,CHEMBL5189665,,0,http://www.openphacts.org/units/Nanomolar,3877363,>,1,1,>,,IC50,nM,,20000,CHEMBL3984,Homo sapiens,Membrane-associated tyrosine- and threonine-specific cdc2-inhibitory kinase,9606,,,IC50,uM,UO_0000065,,20,4.698970004
,,24825978,"[{'comments': None, 'relation': '=', 'result_flag': 0, 'standard_relation': '=', 'standard_text_value': None, 'standard_type': 'TIME', 'standard_units': 'hr', 'standard_value': '1.25', 'text_value': None, 'type': 'Time', 'units': 'min', 'value': '75.0'}]",CHEMBL5141600,Inhibition of N-terminal human recombinant PKMYT1 (76 to 362 residues) expressed in Escherichia coli (DE3) RIL preincubated with compound for 15 mins in presence of ATP followed by 1 hr incubation by ADP-glo luminescence assay,B,,,BAO_0000190,BAO_0000019,assay format,Cc1ccc(N)cc1-n1c(N)c(C(N)=O)c2nc3ccccc3nc21,,,CHEMBL5137074,J Med Chem,2022,,,CHEMBL5180729,,CHEMBL5180729,,0,http://www.openphacts.org/units/Nanomolar,3877364,>,1,1,>,,IC50,nM,,20000,CHEMBL3984,Homo sapiens,Membrane-associated tyrosine- and threonine-specific cdc2-inhibitory kinase,9606,,,IC50,uM,UO_0000065,,20,4.698970004
"{'action_type': 'INHIBITOR', 'description': 'Negatively effects (inhibits) the normal functioning of the protein e.g., prevention of enzymatic reaction or activation of downstream pathway', 'parent_type': 'NEGATIVE MODULATOR'}",,24825979,"[{'comments': None, 'relation': '=', 'result_flag': 0, 'standard_relation': '=', 'standard_text_value': None, 'standard_type': 'TIME', 'standard_units': 'hr', 'standard_value': '1.25', 'text_value': None, 'type': 'Time', 'units': 'min', 'value': '75.0'}]",CHEMBL5141600,Inhibition of N-terminal human recombinant PKMYT1 (76 to 362 residues) expressed in Escherichia coli (DE3) RIL preincubated with compound for 15 mins in presence of ATP followed by 1 hr incubation by ADP-glo luminescence assay,B,,,BAO_0000190,BAO_0000019,assay format,NC(=O)c1c(N)n(-c2cccc3[nH]ncc23)c2nc3ccccc3nc12,,,CHEMBL5137074,J Med Chem,2022,"{'bei': '19.63', 'le': '0.35', 'lle': '4.61', 'sei': '5.25'}",,CHEMBL5199564,,CHEMBL5199564,6.74,0,http://www.openphacts.org/units/Nanomolar,3877365,=,1,1,=,,IC50,nM,,182,CHEMBL3984,Homo sapiens,Membrane-associated tyrosine- and threonine-specific cdc2-inhibitory kinase,9606,,,IC50,uM,UO_0000065,,0.182,6.739928612
,,24825980,"[{'comments': None, 'relation': '=', 'result_flag': 0, 'standard_relation': '=', 'standard_text_value': None, 'standard_type': 'TIME', 'standard_units': 'hr', 'standard_value': '1.25', 'text_value': None, 'type': 'Time', 'units': 'min', 'value': '75.0'}]",CHEMBL5141600,Inhibition of N-terminal human recombinant PKMYT1 (76 to 362 residues) expressed in Escherichia coli (DE3) RIL preincubated with compound for 15 mins in presence of ATP followed by 1 hr incubation by ADP-glo luminescence assay,B,,,BAO_0000190,BAO_0000019,assay format,NC(=O)c1c(N)n(-c2cccc3[nH]ccc23)c2nc3ccccc3nc12,,,CHEMBL5137074,J Med Chem,2022,,,CHEMBL5208886,,CHEMBL5208886,,0,http://www.openphacts.org/units/Nanomolar,3877366,>,1,1,>,,IC50,nM,,20000,CHEMBL3984,Homo sapiens,Membrane-associated tyrosine- and threonine-specific cdc2-inhibitory kinase,9606,,,IC50,uM,UO_0000065,,20,4.698970004
,,24825981,"[{'comments': None, 'relation': '=', 'result_flag': 0, 'standard_relation': '=', 'standard_text_value': None, 'standard_type': 'TIME', 'standard_units': 'hr', 'standard_value': '1.25', 'text_value': None, 'type': 'Time', 'units': 'min', 'value': '75.0'}]",CHEMBL5141600,Inhibition of N-terminal human recombinant PKMYT1 (76 to 362 residues) expressed in Escherichia coli (DE3) RIL preincubated with compound for 15 mins in presence of ATP followed by 1 hr incubation by ADP-glo luminescence assay,B,,,BAO_0000190,BAO_0000019,assay format,NC(=O)c1c(N)n(-c2cccc3[nH]nnc23)c2nc3ccccc3nc12,,,CHEMBL5137074,J Med Chem,2022,,,CHEMBL5171366,,CHEMBL5171366,,0,http://www.openphacts.org/units/Nanomolar,3877367,>,1,1,>,,IC50,nM,,20000,CHEMBL3984,Homo sapiens,Membrane-associated tyrosine- and threonine-specific cdc2-inhibitory kinase,9606,,,IC50,uM,UO_0000065,,20,4.698970004
,,24825982,"[{'comments': None, 'relation': '=', 'result_flag': 0, 'standard_relation': '=', 'standard_text_value': None, 'standard_type': 'TIME', 'standard_units': 'hr', 'standard_value': '1.25', 'text_value': None, 'type': 'Time', 'units': 'min', 'value': '75.0'}]",CHEMBL5141600,Inhibition of N-terminal human recombinant PKMYT1 (76 to 362 residues) expressed in Escherichia coli (DE3) RIL preincubated with compound for 15 mins in presence of ATP followed by 1 hr incubation by ADP-glo luminescence assay,B,,,BAO_0000190,BAO_0000019,assay format,NC(=O)c1c(N)n(-c2cccc3[nH]cnc23)c2nc3ccccc3nc12,,,CHEMBL5137074,J Med Chem,2022,,,CHEMBL5170848,,CHEMBL5170848,,0,http://www.openphacts.org/units/Nanomolar,3877368,>,1,1,>,,IC50,nM,,20000,CHEMBL3984,Homo sapiens,Membrane-associated tyrosine- and threonine-specific cdc2-inhibitory kinase,9606,,,IC50,uM,UO_0000065,,20,4.698970004
,,24825983,"[{'comments': None, 'relation': '=', 'result_flag': 0, 'standard_relation': '=', 'standard_text_value': None, 'standard_type': 'TIME', 'standard_units': 'hr', 'standard_value': '1.25', 'text_value': None, 'type': 'Time', 'units': 'min', 'value': '75.0'}]",CHEMBL5141600,Inhibition of N-terminal human recombinant PKMYT1 (76 to 362 residues) expressed in Escherichia coli (DE3) RIL preincubated with compound for 15 mins in presence of ATP followed by 1 hr incubation by ADP-glo luminescence assay,B,,,BAO_0000190,BAO_0000019,assay format,Cc1ccc(C(F)F)cc1-n1c(N)c(C(N)=O)c2nc3ccccc3nc21,,,CHEMBL5137074,J Med Chem,2022,,,CHEMBL5179836,,CHEMBL5179836,,0,http://www.openphacts.org/units/Nanomolar,3877369,>,1,1,>,,IC50,nM,,20000,CHEMBL3984,Homo sapiens,Membrane-associated tyrosine- and threonine-specific cdc2-inhibitory kinase,9606,,,IC50,uM,UO_0000065,,20,4.698970004
"{'action_type': 'INHIBITOR', 'description': 'Negatively effects (inhibits) the normal functioning of the protein e.g., prevention of enzymatic reaction or activation of downstream pathway', 'parent_type': 'NEGATIVE MODULATOR'}",,24825984,"[{'comments': None, 'relation': '=', 'result_flag': 0, 'standard_relation': '=', 'standard_text_value': None, 'standard_type': 'TIME', 'standard_units': 'hr', 'standard_value': '1.25', 'text_value': None, 'type': 'Time', 'units': 'min', 'value': '75.0'}]",CHEMBL5141600,Inhibition of N-terminal human recombinant PKMYT1 (76 to 362 residues) expressed in Escherichia coli (DE3) RIL preincubated with compound for 15 mins in presence of ATP followed by 1 hr incubation by ADP-glo luminescence assay,B,,,BAO_0000190,BAO_0000019,assay format,Cc1ccc2[nH]ncc2c1-n1c(N)c(C(N)=O)c2nc3ccccc3nc21,,,CHEMBL5137074,J Med Chem,2022,"{'bei': '20.36', 'le': '0.37', 'lle': '4.84', 'sei': '5.66'}",,CHEMBL5181291,,CHEMBL5181291,7.28,0,http://www.openphacts.org/units/Nanomolar,3877370,=,1,1,=,,IC50,nM,,53,CHEMBL3984,Homo sapiens,Membrane-associated tyrosine- and threonine-specific cdc2-inhibitory kinase,9606,,,IC50,uM,UO_0000065,,0.053,7.27572413
"{'action_type': 'INHIBITOR', 'description': 'Negatively effects (inhibits) the normal functioning of the protein e.g., prevention of enzymatic reaction or activation of downstream pathway', 'parent_type': 'NEGATIVE MODULATOR'}",,24825985,"[{'comments': None, 'relation': '=', 'result_flag': 0, 'standard_relation': '=', 'standard_text_value': None, 'standard_type': 'TIME', 'standard_units': 'hr', 'standard_value': '1.25', 'text_value': None, 'type': 'Time', 'units': 'min', 'value': '75.0'}]",CHEMBL5141600,Inhibition of N-terminal human recombinant PKMYT1 (76 to 362 residues) expressed in Escherichia coli (DE3) RIL preincubated with compound for 15 mins in presence of ATP followed by 1 hr incubation by ADP-glo luminescence assay,B,,,BAO_0000190,BAO_0000019,assay format,Cc1ccc(O)c(Cl)c1-n1c(N)c(C(N)=O)c2nc3ccccc3nc21,,,CHEMBL5137074,J Med Chem,2022,"{'bei': '22.57', 'le': '0.44', 'lle': '5.38', 'sei': '6.91'}",,CHEMBL5191665,,CHEMBL5191665,8.3,0,http://www.openphacts.org/units/Nanomolar,3877371,=,1,1,=,,IC50,nM,,5,CHEMBL3984,Homo sapiens,Membrane-associated tyrosine- and threonine-specific cdc2-inhibitory kinase,9606,,,IC50,uM,UO_0000065,,0.005,8.301029996
"{'action_type': 'INHIBITOR', 'description': 'Negatively effects (inhibits) the normal functioning of the protein e.g., prevention of enzymatic reaction or activation of downstream pathway', 'parent_type': 'NEGATIVE MODULATOR'}",,24825986,"[{'comments': None, 'relation': '=', 'result_flag': 0, 'standard_relation': '=', 'standard_text_value': None, 'standard_type': 'TIME', 'standard_units': 'hr', 'standard_value': '1.25', 'text_value': None, 'type': 'Time', 'units': 'min', 'value': '75.0'}]",CHEMBL5141600,Inhibition of N-terminal human recombinant PKMYT1 (76 to 362 residues) expressed in Escherichia coli (DE3) RIL preincubated with compound for 15 mins in presence of ATP followed by 1 hr incubation by ADP-glo luminescence assay,B,,,BAO_0000190,BAO_0000019,assay format,Cc1c(O)ccc(Cl)c1-n1c(N)c(C(N)=O)c2nc3ccccc3nc21,,,CHEMBL5137074,J Med Chem,2022,"{'bei': '21.75', 'le': '0.42', 'lle': '5.08', 'sei': '6.66'}",,CHEMBL5202444,,CHEMBL5202444,8,0,http://www.openphacts.org/units/Nanomolar,3877372,=,1,1,=,,IC50,nM,,10,CHEMBL3984,Homo sapiens,Membrane-associated tyrosine- and threonine-specific cdc2-inhibitory kinase,9606,,,IC50,uM,UO_0000065,,0.01,8
"{'action_type': 'INHIBITOR', 'description': 'Negatively effects (inhibits) the normal functioning of the protein e.g., prevention of enzymatic reaction or activation of downstream pathway', 'parent_type': 'NEGATIVE MODULATOR'}",,24825987,"[{'comments': None, 'relation': '=', 'result_flag': 0, 'standard_relation': '=', 'standard_text_value': None, 'standard_type': 'TIME', 'standard_units': 'hr', 'standard_value': '1.25', 'text_value': None, 'type': 'Time', 'units': 'min', 'value': '75.0'}]",CHEMBL5141600,Inhibition of N-terminal human recombinant PKMYT1 (76 to 362 residues) expressed in Escherichia coli (DE3) RIL preincubated with compound for 15 mins in presence of ATP followed by 1 hr incubation by ADP-glo luminescence assay,B,,,BAO_0000190,BAO_0000019,assay format,NC(=O)c1c(N)n(-c2c(Cl)ccc(O)c2Cl)c2nc3ccccc3nc12,,,CHEMBL5137074,J Med Chem,2022,"{'bei': '20.86', 'le': '0.43', 'lle': '4.83', 'sei': '6.74'}",,CHEMBL5177087,,CHEMBL5177087,8.1,0,http://www.openphacts.org/units/Nanomolar,3877373,=,1,1,=,,IC50,nM,,8,CHEMBL3984,Homo sapiens,Membrane-associated tyrosine- and threonine-specific cdc2-inhibitory kinase,9606,,,IC50,uM,UO_0000065,,0.008,8.096910013
"{'action_type': 'INHIBITOR', 'description': 'Negatively effects (inhibits) the normal functioning of the protein e.g., prevention of enzymatic reaction or activation of downstream pathway', 'parent_type': 'NEGATIVE MODULATOR'}",,24825988,"[{'comments': None, 'relation': '=', 'result_flag': 0, 'standard_relation': '=', 'standard_text_value': None, 'standard_type': 'TIME', 'standard_units': 'hr', 'standard_value': '1.25', 'text_value': None, 'type': 'Time', 'units': 'min', 'value': '75.0'}]",CHEMBL5141600,Inhibition of N-terminal human recombinant PKMYT1 (76 to 362 residues) expressed in Escherichia coli (DE3) RIL preincubated with compound for 15 mins in presence of ATP followed by 1 hr incubation by ADP-glo luminescence assay,B,,,BAO_0000190,BAO_0000019,assay format,CNC(=O)c1c(N)n(-c2cc(O)ccc2C)c2nc3ccccc3nc12,,,CHEMBL5137074,J Med Chem,2022,"{'bei': '17.74', 'le': '0.32', 'lle': '3.63', 'sei': '5.81'}",,CHEMBL5182326,,CHEMBL5182326,6.16,0,http://www.openphacts.org/units/Nanomolar,3877374,=,1,1,=,,IC50,nM,,690,CHEMBL3984,Homo sapiens,Membrane-associated tyrosine- and threonine-specific cdc2-inhibitory kinase,9606,,,IC50,uM,UO_0000065,,0.69,6.161150909
"{'action_type': 'INHIBITOR', 'description': 'Negatively effects (inhibits) the normal functioning of the protein e.g., prevention of enzymatic reaction or activation of downstream pathway', 'parent_type': 'NEGATIVE MODULATOR'}",,24825989,"[{'comments': None, 'relation': '=', 'result_flag': 0, 'standard_relation': '=', 'standard_text_value': None, 'standard_type': 'TIME', 'standard_units': 'hr', 'standard_value': '1.25', 'text_value': None, 'type': 'Time', 'units': 'min', 'value': '75.0'}]",CHEMBL5141600,Inhibition of N-terminal human recombinant PKMYT1 (76 to 362 residues) expressed in Escherichia coli (DE3) RIL preincubated with compound for 15 mins in presence of ATP followed by 1 hr incubation by ADP-glo luminescence assay,B,,,BAO_0000190,BAO_0000019,assay format,CCNC(=O)c1c(N)n(-c2cc(O)ccc2C)c2nc3ccccc3nc12,,,CHEMBL5137074,J Med Chem,2022,"{'bei': '14.91', 'le': '0.27', 'lle': '2.47', 'sei': '5.08'}",,CHEMBL5204618,,CHEMBL5204618,5.39,0,http://www.openphacts.org/units/Nanomolar,3877375,=,1,1,=,,IC50,nM,,4100,CHEMBL3984,Homo sapiens,Membrane-associated tyrosine- and threonine-specific cdc2-inhibitory kinase,9606,,,IC50,uM,UO_0000065,,4.1,5.387216143
"{'action_type': 'INHIBITOR', 'description': 'Negatively effects (inhibits) the normal functioning of the protein e.g., prevention of enzymatic reaction or activation of downstream pathway', 'parent_type': 'NEGATIVE MODULATOR'}",,24825990,"[{'comments': None, 'relation': '=', 'result_flag': 0, 'standard_relation': '=', 'standard_text_value': None, 'standard_type': 'TIME', 'standard_units': 'hr', 'standard_value': '1.25', 'text_value': None, 'type': 'Time', 'units': 'min', 'value': '75.0'}]",CHEMBL5141600,Inhibition of N-terminal human recombinant PKMYT1 (76 to 362 residues) expressed in Escherichia coli (DE3) RIL preincubated with compound for 15 mins in presence of ATP followed by 1 hr incubation by ADP-glo luminescence assay,B,,,BAO_0000190,BAO_0000019,assay format,Cc1ccc(O)cc1-n1c(N)c(C(=O)NCCO)c2nc3ccccc3nc21,,,CHEMBL5137074,J Med Chem,2022,"{'bei': '15.69', 'le': '0.29', 'lle': '4.03', 'sei': '4.69'}",,CHEMBL5175758,,CHEMBL5175758,5.92,0,http://www.openphacts.org/units/Nanomolar,3877376,=,1,1,=,,IC50,nM,,1200,CHEMBL3984,Homo sapiens,Membrane-associated tyrosine- and threonine-specific cdc2-inhibitory kinase,9606,,,IC50,uM,UO_0000065,,1.2,5.920818754
"{'action_type': 'INHIBITOR', 'description': 'Negatively effects (inhibits) the normal functioning of the protein e.g., prevention of enzymatic reaction or activation of downstream pathway', 'parent_type': 'NEGATIVE MODULATOR'}",,24825991,"[{'comments': None, 'relation': '=', 'result_flag': 0, 'standard_relation': '=', 'standard_text_value': None, 'standard_type': 'TIME', 'standard_units': 'hr', 'standard_value': '1.25', 'text_value': None, 'type': 'Time', 'units': 'min', 'value': '75.0'}]",CHEMBL5141600,Inhibition of N-terminal human recombinant PKMYT1 (76 to 362 residues) expressed in Escherichia coli (DE3) RIL preincubated with compound for 15 mins in presence of ATP followed by 1 hr incubation by ADP-glo luminescence assay,B,,,BAO_0000190,BAO_0000019,assay format,Cc1ccc(O)c(C)c1-n1cc(C(N)=O)c2nc3ccccc3nc21,,,CHEMBL5137074,J Med Chem,2022,"{'bei': '23.95', 'le': '0.43', 'lle': '4.96', 'sei': '8.46'}",,CHEMBL5184635,,CHEMBL5184635,7.96,0,http://www.openphacts.org/units/Nanomolar,3877377,=,1,1,=,,IC50,nM,,11,CHEMBL3984,Homo sapiens,Membrane-associated tyrosine- and threonine-specific cdc2-inhibitory kinase,9606,,,IC50,uM,UO_0000065,,0.011,7.958607315
"{'action_type': 'INHIBITOR', 'description': 'Negatively effects (inhibits) the normal functioning of the protein e.g., prevention of enzymatic reaction or activation of downstream pathway', 'parent_type': 'NEGATIVE MODULATOR'}",,24825992,"[{'comments': None, 'relation': '=', 'result_flag': 0, 'standard_relation': '=', 'standard_text_value': None, 'standard_type': 'TIME', 'standard_units': 'hr', 'standard_value': '1.25', 'text_value': None, 'type': 'Time', 'units': 'min', 'value': '75.0'}]",CHEMBL5141600,Inhibition of N-terminal human recombinant PKMYT1 (76 to 362 residues) expressed in Escherichia coli (DE3) RIL preincubated with compound for 15 mins in presence of ATP followed by 1 hr incubation by ADP-glo luminescence assay,B,,,BAO_0000190,BAO_0000019,assay format,Cc1ccc(O)c(C)c1-n1c(Cl)c(C(N)=O)c2nc3ccccc3nc21,,,CHEMBL5137074,J Med Chem,2022,"{'bei': '15.32', 'le': '0.30', 'lle': '1.97', 'sei': '5.98'}",,CHEMBL5183951,,CHEMBL5183951,5.62,0,http://www.openphacts.org/units/Nanomolar,3877378,=,1,1,=,,IC50,nM,,2400,CHEMBL3984,Homo sapiens,Membrane-associated tyrosine- and threonine-specific cdc2-inhibitory kinase,9606,,,IC50,uM,UO_0000065,,2.4,5.619788758
"{'action_type': 'INHIBITOR', 'description': 'Negatively effects (inhibits) the normal functioning of the protein e.g., prevention of enzymatic reaction or activation of downstream pathway', 'parent_type': 'NEGATIVE MODULATOR'}",,24825993,"[{'comments': None, 'relation': '=', 'result_flag': 0, 'standard_relation': '=', 'standard_text_value': None, 'standard_type': 'TIME', 'standard_units': 'hr', 'standard_value': '1.25', 'text_value': None, 'type': 'Time', 'units': 'min', 'value': '75.0'}]",CHEMBL5141600,Inhibition of N-terminal human recombinant PKMYT1 (76 to 362 residues) expressed in Escherichia coli (DE3) RIL preincubated with compound for 15 mins in presence of ATP followed by 1 hr incubation by ADP-glo luminescence assay,B,,,BAO_0000190,BAO_0000019,assay format,Cc1ccc(O)cc1-n1c(N)c(C(N)=O)c2nc3ccccc3cc21,,,CHEMBL5137074,J Med Chem,2022,"{'bei': '22.68', 'le': '0.41', 'lle': '4.67', 'sei': '7.03'}",,CHEMBL5196592,,CHEMBL5196592,7.54,0,http://www.openphacts.org/units/Nanomolar,3877379,=,1,1,=,,IC50,nM,,29,CHEMBL3984,Homo sapiens,Membrane-associated tyrosine- and threonine-specific cdc2-inhibitory kinase,9606,,,IC50,uM,UO_0000065,,0.029,7.537602002
"{'action_type': 'INHIBITOR', 'description': 'Negatively effects (inhibits) the normal functioning of the protein e.g., prevention of enzymatic reaction or activation of downstream pathway', 'parent_type': 'NEGATIVE MODULATOR'}",,24825994,"[{'comments': None, 'relation': '=', 'result_flag': 0, 'standard_relation': '=', 'standard_text_value': None, 'standard_type': 'TIME', 'standard_units': 'hr', 'standard_value': '1.25', 'text_value': None, 'type': 'Time', 'units': 'min', 'value': '75.0'}]",CHEMBL5141600,Inhibition of N-terminal human recombinant PKMYT1 (76 to 362 residues) expressed in Escherichia coli (DE3) RIL preincubated with compound for 15 mins in presence of ATP followed by 1 hr incubation by ADP-glo luminescence assay,B,,,BAO_0000190,BAO_0000019,assay format,Cc1ccc(O)cc1-n1c(N)c(C(N)=O)c2cc3ccccc3nc21,,,CHEMBL5137074,J Med Chem,2022,"{'bei': '23.83', 'le': '0.43', 'lle': '5.05', 'sei': '7.39'}",,CHEMBL5203261,,CHEMBL5203261,7.92,0,http://www.openphacts.org/units/Nanomolar,3877380,=,1,1,=,,IC50,nM,,12,CHEMBL3984,Homo sapiens,Membrane-associated tyrosine- and threonine-specific cdc2-inhibitory kinase,9606,,,IC50,uM,UO_0000065,,0.012,7.920818754
"{'action_type': 'INHIBITOR', 'description': 'Negatively effects (inhibits) the normal functioning of the protein e.g., prevention of enzymatic reaction or activation of downstream pathway', 'parent_type': 'NEGATIVE MODULATOR'}",,24825995,"[{'comments': None, 'relation': '=', 'result_flag': 0, 'standard_relation': '=', 'standard_text_value': None, 'standard_type': 'TIME', 'standard_units': 'hr', 'standard_value': '1.25', 'text_value': None, 'type': 'Time', 'units': 'min', 'value': '75.0'}]",CHEMBL5141600,Inhibition of N-terminal human recombinant PKMYT1 (76 to 362 residues) expressed in Escherichia coli (DE3) RIL preincubated with compound for 15 mins in presence of ATP followed by 1 hr incubation by ADP-glo luminescence assay,B,,,BAO_0000190,BAO_0000019,assay format,Cc1ccc(O)c(C)c1-n1c(N)c(C(N)=O)c2nc3cccc(Br)c3nc21,,,CHEMBL5137074,J Med Chem,2022,,,CHEMBL5186220,,CHEMBL5186220,,0,http://www.openphacts.org/units/Nanomolar,3877381,<,1,1,<,,IC50,nM,,3,CHEMBL3984,Homo sapiens,Membrane-associated tyrosine- and threonine-specific cdc2-inhibitory kinase,9606,,,IC50,uM,UO_0000065,,0.003,8.522878745
"{'action_type': 'INHIBITOR', 'description': 'Negatively effects (inhibits) the normal functioning of the protein e.g., prevention of enzymatic reaction or activation of downstream pathway', 'parent_type': 'NEGATIVE MODULATOR'}",,24825996,"[{'comments': None, 'relation': '=', 'result_flag': 0, 'standard_relation': '=', 'standard_text_value': None, 'standard_type': 'TIME', 'standard_units': 'hr', 'standard_value': '1.25', 'text_value': None, 'type': 'Time', 'units': 'min', 'value': '75.0'}]",CHEMBL5141600,Inhibition of N-terminal human recombinant PKMYT1 (76 to 362 residues) expressed in Escherichia coli (DE3) RIL preincubated with compound for 15 mins in presence of ATP followed by 1 hr incubation by ADP-glo luminescence assay,B,,,BAO_0000190,BAO_0000019,assay format,Cc1ccc(O)c(C)c1-n1c(N)c(C(N)=O)c2nc3ccc(Br)cc3nc21,,,CHEMBL5137074,J Med Chem,2022,"{'bei': '19.47', 'le': '0.42', 'lle': '4.96', 'sei': '6.91'}",,CHEMBL5195417,,CHEMBL5195417,8.3,0,http://www.openphacts.org/units/Nanomolar,3877382,=,1,1,=,,IC50,nM,,5,CHEMBL3984,Homo sapiens,Membrane-associated tyrosine- and threonine-specific cdc2-inhibitory kinase,9606,,,IC50,uM,UO_0000065,,0.005,8.301029996
"{'action_type': 'INHIBITOR', 'description': 'Negatively effects (inhibits) the normal functioning of the protein e.g., prevention of enzymatic reaction or activation of downstream pathway', 'parent_type': 'NEGATIVE MODULATOR'}",,24825997,"[{'comments': None, 'relation': '=', 'result_flag': 0, 'standard_relation': '=', 'standard_text_value': None, 'standard_type': 'TIME', 'standard_units': 'hr', 'standard_value': '1.25', 'text_value': None, 'type': 'Time', 'units': 'min', 'value': '75.0'}]",CHEMBL5141600,Inhibition of N-terminal human recombinant PKMYT1 (76 to 362 residues) expressed in Escherichia coli (DE3) RIL preincubated with compound for 15 mins in presence of ATP followed by 1 hr incubation by ADP-glo luminescence assay,B,,,BAO_0000190,BAO_0000019,assay format,Cc1ccc(O)c(C)c1-n1c(N)c(C(N)=O)c2nc3cc(Br)ccc3nc21,,,CHEMBL5137074,J Med Chem,2022,,,CHEMBL5185146,,CHEMBL5185146,,0,http://www.openphacts.org/units/Nanomolar,3877383,<,1,1,<,,IC50,nM,,3,CHEMBL3984,Homo sapiens,Membrane-associated tyrosine- and threonine-specific cdc2-inhibitory kinase,9606,,,IC50,uM,UO_0000065,,0.003,8.522878745
"{'action_type': 'INHIBITOR', 'description': 'Negatively effects (inhibits) the normal functioning of the protein e.g., prevention of enzymatic reaction or activation of downstream pathway', 'parent_type': 'NEGATIVE MODULATOR'}",,24825998,"[{'comments': None, 'relation': '=', 'result_flag': 0, 'standard_relation': '=', 'standard_text_value': None, 'standard_type': 'TIME', 'standard_units': 'hr', 'standard_value': '1.25', 'text_value': None, 'type': 'Time', 'units': 'min', 'value': '75.0'}]",CHEMBL5141600,Inhibition of N-terminal human recombinant PKMYT1 (76 to 362 residues) expressed in Escherichia coli (DE3) RIL preincubated with compound for 15 mins in presence of ATP followed by 1 hr incubation by ADP-glo luminescence assay,B,,,BAO_0000190,BAO_0000019,assay format,Cc1ccc(O)c(C)c1-n1c(N)c(C(N)=O)c2nc3c(Br)cccc3nc21,,,CHEMBL5137074,J Med Chem,2022,,,CHEMBL5181222,,CHEMBL5181222,,0,http://www.openphacts.org/units/Nanomolar,3877384,<,1,1,<,,IC50,nM,,3,CHEMBL3984,Homo sapiens,Membrane-associated tyrosine- and threonine-specific cdc2-inhibitory kinase,9606,,,IC50,uM,UO_0000065,,0.003,8.522878745
"{'action_type': 'INHIBITOR', 'description': 'Negatively effects (inhibits) the normal functioning of the protein e.g., prevention of enzymatic reaction or activation of downstream pathway', 'parent_type': 'NEGATIVE MODULATOR'}",,24825999,"[{'comments': None, 'relation': '=', 'result_flag': 0, 'standard_relation': '=', 'standard_text_value': None, 'standard_type': 'TIME', 'standard_units': 'hr', 'standard_value': '1.25', 'text_value': None, 'type': 'Time', 'units': 'min', 'value': '75.0'}]",CHEMBL5141600,Inhibition of N-terminal human recombinant PKMYT1 (76 to 362 residues) expressed in Escherichia coli (DE3) RIL preincubated with compound for 15 mins in presence of ATP followed by 1 hr incubation by ADP-glo luminescence assay,B,,,BAO_0000190,BAO_0000019,assay format,Cc1ccc(O)c(C)c1-n1c(N)c(C(N)=O)c2nc3cccc(C#N)c3nc21,,,CHEMBL5137074,J Med Chem,2022,"{'bei': '22.55', 'le': '0.41', 'lle': '5.95', 'sei': '5.84'}",,CHEMBL5198360,,CHEMBL5198360,8.4,0,http://www.openphacts.org/units/Nanomolar,3877385,=,1,1,=,,IC50,nM,,4,CHEMBL3984,Homo sapiens,Membrane-associated tyrosine- and threonine-specific cdc2-inhibitory kinase,9606,,,IC50,uM,UO_0000065,,0.004,8.397940009
"{'action_type': 'INHIBITOR', 'description': 'Negatively effects (inhibits) the normal functioning of the protein e.g., prevention of enzymatic reaction or activation of downstream pathway', 'parent_type': 'NEGATIVE MODULATOR'}",,24826000,"[{'comments': None, 'relation': '=', 'result_flag': 0, 'standard_relation': '=', 'standard_text_value': None, 'standard_type': 'TIME', 'standard_units': 'hr', 'standard_value': '1.25', 'text_value': None, 'type': 'Time', 'units': 'min', 'value': '75.0'}]",CHEMBL5141600,Inhibition of N-terminal human recombinant PKMYT1 (76 to 362 residues) expressed in Escherichia coli (DE3) RIL preincubated with compound for 15 mins in presence of ATP followed by 1 hr incubation by ADP-glo luminescence assay,B,,,BAO_0000190,BAO_0000019,assay format,Cc1ccc(O)c(C)c1-n1c(N)c(C(N)=O)c2nc3cccc(-c4ccnn4C)c3nc21,,,CHEMBL5137074,J Med Chem,2022,,,CHEMBL5169345,,CHEMBL5169345,,0,http://www.openphacts.org/units/Nanomolar,3877386,<,1,1,<,,IC50,nM,,3,CHEMBL3984,Homo sapiens,Membrane-associated tyrosine- and threonine-specific cdc2-inhibitory kinase,9606,,,IC50,uM,UO_0000065,,0.003,8.522878745
"{'action_type': 'INHIBITOR', 'description': 'Negatively effects (inhibits) the normal functioning of the protein e.g., prevention of enzymatic reaction or activation of downstream pathway', 'parent_type': 'NEGATIVE MODULATOR'}",,24826001,"[{'comments': None, 'relation': '=', 'result_flag': 0, 'standard_relation': '=', 'standard_text_value': None, 'standard_type': 'TIME', 'standard_units': 'hr', 'standard_value': '1.25', 'text_value': None, 'type': 'Time', 'units': 'min', 'value': '75.0'}]",CHEMBL5141600,Inhibition of N-terminal human recombinant PKMYT1 (76 to 362 residues) expressed in Escherichia coli (DE3) RIL preincubated with compound for 15 mins in presence of ATP followed by 1 hr incubation by ADP-glo luminescence assay,B,,,BAO_0000190,BAO_0000019,assay format,Cc1ccc(O)c(C)c1-n1c(N)c(C(N)=O)c2nc3cccc(C4=CCCC4)c3nc21,,,CHEMBL5137074,J Med Chem,2022,,,CHEMBL5190822,,CHEMBL5190822,,0,http://www.openphacts.org/units/Nanomolar,3877387,<,1,1,<,,IC50,nM,,3,CHEMBL3984,Homo sapiens,Membrane-associated tyrosine- and threonine-specific cdc2-inhibitory kinase,9606,,,IC50,uM,UO_0000065,,0.003,8.522878745
"{'action_type': 'INHIBITOR', 'description': 'Negatively effects (inhibits) the normal functioning of the protein e.g., prevention of enzymatic reaction or activation of downstream pathway', 'parent_type': 'NEGATIVE MODULATOR'}",,24826002,"[{'comments': None, 'relation': '=', 'result_flag': 0, 'standard_relation': '=', 'standard_text_value': None, 'standard_type': 'TIME', 'standard_units': 'hr', 'standard_value': '1.25', 'text_value': None, 'type': 'Time', 'units': 'min', 'value': '75.0'}]",CHEMBL5141600,Inhibition of N-terminal human recombinant PKMYT1 (76 to 362 residues) expressed in Escherichia coli (DE3) RIL preincubated with compound for 15 mins in presence of ATP followed by 1 hr incubation by ADP-glo luminescence assay,B,,,BAO_0000190,BAO_0000019,assay format,Cc1ccc(O)c(C)c1-n1c(N)c(C(N)=O)c2nc3cc(C#N)ccc3nc21,,,CHEMBL5137074,J Med Chem,2022,"{'bei': '22.29', 'le': '0.40', 'lle': '5.85', 'sei': '5.77'}",,CHEMBL5187022,,CHEMBL5187022,8.3,0,http://www.openphacts.org/units/Nanomolar,3877388,=,1,1,=,,IC50,nM,,5,CHEMBL3984,Homo sapiens,Membrane-associated tyrosine- and threonine-specific cdc2-inhibitory kinase,9606,,,IC50,uM,UO_0000065,,0.005,8.301029996
"{'action_type': 'INHIBITOR', 'description': 'Negatively effects (inhibits) the normal functioning of the protein e.g., prevention of enzymatic reaction or activation of downstream pathway', 'parent_type': 'NEGATIVE MODULATOR'}",,24826003,"[{'comments': None, 'relation': '=', 'result_flag': 0, 'standard_relation': '=', 'standard_text_value': None, 'standard_type': 'TIME', 'standard_units': 'hr', 'standard_value': '1.25', 'text_value': None, 'type': 'Time', 'units': 'min', 'value': '75.0'}]",CHEMBL5141600,Inhibition of N-terminal human recombinant PKMYT1 (76 to 362 residues) expressed in Escherichia coli (DE3) RIL preincubated with compound for 15 mins in presence of ATP followed by 1 hr incubation by ADP-glo luminescence assay,B,,,BAO_0000190,BAO_0000019,assay format,Cc1ccc(O)c(C)c1-n1c(N)c(C(N)=O)c2nc3cc(-c4ccnn4C)ccc3nc21,,,CHEMBL5137074,J Med Chem,2022,"{'bei': '19.65', 'le': '0.36', 'lle': '5.42', 'sei': '6.09'}",,CHEMBL5172086,,CHEMBL5172086,8.4,0,http://www.openphacts.org/units/Nanomolar,3877389,=,1,1,=,,IC50,nM,,4,CHEMBL3984,Homo sapiens,Membrane-associated tyrosine- and threonine-specific cdc2-inhibitory kinase,9606,,,IC50,uM,UO_0000065,,0.004,8.397940009
"{'action_type': 'INHIBITOR', 'description': 'Negatively effects (inhibits) the normal functioning of the protein e.g., prevention of enzymatic reaction or activation of downstream pathway', 'parent_type': 'NEGATIVE MODULATOR'}",,24826004,"[{'comments': None, 'relation': '=', 'result_flag': 0, 'standard_relation': '=', 'standard_text_value': None, 'standard_type': 'TIME', 'standard_units': 'hr', 'standard_value': '1.25', 'text_value': None, 'type': 'Time', 'units': 'min', 'value': '75.0'}]",CHEMBL5141600,Inhibition of N-terminal human recombinant PKMYT1 (76 to 362 residues) expressed in Escherichia coli (DE3) RIL preincubated with compound for 15 mins in presence of ATP followed by 1 hr incubation by ADP-glo luminescence assay,B,,,BAO_0000190,BAO_0000019,assay format,Cc1ccc(O)c(C)c1-n1c(N)c(C(N)=O)c2nc3cc(C4=CCCC4)ccc3nc21,,,CHEMBL5137074,J Med Chem,2022,"{'bei': '20.08', 'le': '0.37', 'lle': '4.16', 'sei': '6.91'}",,CHEMBL5184178,,CHEMBL5184178,8.3,0,http://www.openphacts.org/units/Nanomolar,3877390,=,1,1,=,,IC50,nM,,5,CHEMBL3984,Homo sapiens,Membrane-associated tyrosine- and threonine-specific cdc2-inhibitory kinase,9606,,,IC50,uM,UO_0000065,,0.005,8.301029996
"{'action_type': 'INHIBITOR', 'description': 'Negatively effects (inhibits) the normal functioning of the protein e.g., prevention of enzymatic reaction or activation of downstream pathway', 'parent_type': 'NEGATIVE MODULATOR'}",,24826005,"[{'comments': None, 'relation': '=', 'result_flag': 0, 'standard_relation': '=', 'standard_text_value': None, 'standard_type': 'TIME', 'standard_units': 'hr', 'standard_value': '1.25', 'text_value': None, 'type': 'Time', 'units': 'min', 'value': '75.0'}]",CHEMBL5141600,Inhibition of N-terminal human recombinant PKMYT1 (76 to 362 residues) expressed in Escherichia coli (DE3) RIL preincubated with compound for 15 mins in presence of ATP followed by 1 hr incubation by ADP-glo luminescence assay,B,,,BAO_0000190,BAO_0000019,assay format,Cc1ccc(O)c(C)c1-n1c(N)c(C(N)=O)c2nc3c(C#N)cccc3nc21,,,CHEMBL5137074,J Med Chem,2022,"{'bei': '22.29', 'le': '0.40', 'lle': '5.85', 'sei': '5.77'}",,CHEMBL5199806,,CHEMBL5199806,8.3,0,http://www.openphacts.org/units/Nanomolar,3877391,=,1,1,=,,IC50,nM,,5,CHEMBL3984,Homo sapiens,Membrane-associated tyrosine- and threonine-specific cdc2-inhibitory kinase,9606,,,IC50,uM,UO_0000065,,0.005,8.301029996
"{'action_type': 'INHIBITOR', 'description': 'Negatively effects (inhibits) the normal functioning of the protein e.g., prevention of enzymatic reaction or activation of downstream pathway', 'parent_type': 'NEGATIVE MODULATOR'}",,24826006,"[{'comments': None, 'relation': '=', 'result_flag': 0, 'standard_relation': '=', 'standard_text_value': None, 'standard_type': 'TIME', 'standard_units': 'hr', 'standard_value': '1.25', 'text_value': None, 'type': 'Time', 'units': 'min', 'value': '75.0'}]",CHEMBL5141600,Inhibition of N-terminal human recombinant PKMYT1 (76 to 362 residues) expressed in Escherichia coli (DE3) RIL preincubated with compound for 15 mins in presence of ATP followed by 1 hr incubation by ADP-glo luminescence assay,B,,,BAO_0000190,BAO_0000019,assay format,Cc1ccc(O)c(C)c1-n1c(N)c(C(N)=O)c2nc3c(-c4ccnn4C)cccc3nc21,,,CHEMBL5137074,J Med Chem,2022,"{'bei': '19.23', 'le': '0.35', 'lle': '5.24', 'sei': '5.96'}",,CHEMBL5196095,,CHEMBL5196095,8.22,0,http://www.openphacts.org/units/Nanomolar,3877392,=,1,1,=,,IC50,nM,,6,CHEMBL3984,Homo sapiens,Membrane-associated tyrosine- and threonine-specific cdc2-inhibitory kinase,9606,,,IC50,uM,UO_0000065,,0.006,8.22184875
"{'action_type': 'INHIBITOR', 'description': 'Negatively effects (inhibits) the normal functioning of the protein e.g., prevention of enzymatic reaction or activation of downstream pathway', 'parent_type': 'NEGATIVE MODULATOR'}",,24826007,"[{'comments': None, 'relation': '=', 'result_flag': 0, 'standard_relation': '=', 'standard_text_value': None, 'standard_type': 'TIME', 'standard_units': 'hr', 'standard_value': '1.25', 'text_value': None, 'type': 'Time', 'units': 'min', 'value': '75.0'}]",CHEMBL5141600,Inhibition of N-terminal human recombinant PKMYT1 (76 to 362 residues) expressed in Escherichia coli (DE3) RIL preincubated with compound for 15 mins in presence of ATP followed by 1 hr incubation by ADP-glo luminescence assay,B,,,BAO_0000190,BAO_0000019,assay format,Cc1ccc(O)c(C)c1-n1c(N)c(C(N)=O)c2nc3c(C4=CCCC4)cccc3nc21,,,CHEMBL5137074,J Med Chem,2022,"{'bei': '19.58', 'le': '0.36', 'lle': '3.96', 'sei': '6.74'}",,CHEMBL5176413,,CHEMBL5176413,8.1,0,http://www.openphacts.org/units/Nanomolar,3877393,=,1,1,=,,IC50,nM,,8,CHEMBL3984,Homo sapiens,Membrane-associated tyrosine- and threonine-specific cdc2-inhibitory kinase,9606,,,IC50,uM,UO_0000065,,0.008,8.096910013
,,24826070,"[{'comments': None, 'relation': '=', 'result_flag': 0, 'standard_relation': '=', 'standard_text_value': None, 'standard_type': 'TIME', 'standard_units': 'hr', 'standard_value': '2.0', 'text_value': None, 'type': 'Time', 'units': 'hrs', 'value': '2.0'}]",CHEMBL5141607,Inhibition of N-terminal recombinant PKMYT1 (76 to 362 residues) in CCNE1 amplified human FU-OV-1 cells assessed as phosphorylation of CDK1 at Thr14 incubated for 2 hrs by AlphaLisa assay,B,,,BAO_0000190,BAO_0000219,cell-based format,Cc1ccc(O)cc1-n1c(N)c(C(N)=O)c2nc3ccccc3nc21,,,CHEMBL5137074,J Med Chem,2022,,,CHEMBL3321809,,CHEMBL3321809,,0,http://www.openphacts.org/units/Nanomolar,3877356,>,1,1,>,,IC50,nM,,3000,CHEMBL3984,Homo sapiens,Membrane-associated tyrosine- and threonine-specific cdc2-inhibitory kinase,9606,,,IC50,uM,UO_0000065,,3,5.522878745
,,24826071,"[{'comments': None, 'relation': '=', 'result_flag': 0, 'standard_relation': '=', 'standard_text_value': None, 'standard_type': 'TIME', 'standard_units': 'hr', 'standard_value': '2.0', 'text_value': None, 'type': 'Time', 'units': 'hrs', 'value': '2.0'}]",CHEMBL5141607,Inhibition of N-terminal recombinant PKMYT1 (76 to 362 residues) in CCNE1 amplified human FU-OV-1 cells assessed as phosphorylation of CDK1 at Thr14 incubated for 2 hrs by AlphaLisa assay,B,,,BAO_0000190,BAO_0000219,cell-based format,Cc1c(O)cccc1-n1c(N)c(C(N)=O)c2nc3ccccc3nc21,,,CHEMBL5137074,J Med Chem,2022,,,CHEMBL5193896,,CHEMBL5193896,,0,http://www.openphacts.org/units/Nanomolar,3877359,>,1,1,>,,IC50,nM,,3000,CHEMBL3984,Homo sapiens,Membrane-associated tyrosine- and threonine-specific cdc2-inhibitory kinase,9606,,,IC50,uM,UO_0000065,,3,5.522878745
"{'action_type': 'INHIBITOR', 'description': 'Negatively effects (inhibits) the normal functioning of the protein e.g., prevention of enzymatic reaction or activation of downstream pathway', 'parent_type': 'NEGATIVE MODULATOR'}",,24826072,"[{'comments': None, 'relation': '=', 'result_flag': 0, 'standard_relation': '=', 'standard_text_value': None, 'standard_type': 'TIME', 'standard_units': 'hr', 'standard_value': '2.0', 'text_value': None, 'type': 'Time', 'units': 'hrs', 'value': '2.0'}]",CHEMBL5141607,Inhibition of N-terminal recombinant PKMYT1 (76 to 362 residues) in CCNE1 amplified human FU-OV-1 cells assessed as phosphorylation of CDK1 at Thr14 incubated for 2 hrs by AlphaLisa assay,B,,,BAO_0000190,BAO_0000219,cell-based format,Cc1ccc(O)c(C)c1-n1c(N)c(C(N)=O)c2nc3ccccc3nc21,,,CHEMBL5137074,J Med Chem,2022,"{'bei': '19.82', 'le': '0.36', 'lle': '4.31', 'sei': '5.74'}",,CHEMBL5202826,,CHEMBL5202826,6.89,0,http://www.openphacts.org/units/Nanomolar,3877361,=,1,1,=,,IC50,nM,,130,CHEMBL3984,Homo sapiens,Membrane-associated tyrosine- and threonine-specific cdc2-inhibitory kinase,9606,,,IC50,uM,UO_0000065,,0.13,6.886056648
"{'action_type': 'INHIBITOR', 'description': 'Negatively effects (inhibits) the normal functioning of the protein e.g., prevention of enzymatic reaction or activation of downstream pathway', 'parent_type': 'NEGATIVE MODULATOR'}",,24826073,"[{'comments': None, 'relation': '=', 'result_flag': 0, 'standard_relation': '=', 'standard_text_value': None, 'standard_type': 'TIME', 'standard_units': 'hr', 'standard_value': '2.0', 'text_value': None, 'type': 'Time', 'units': 'hrs', 'value': '2.0'}]",CHEMBL5141607,Inhibition of N-terminal recombinant PKMYT1 (76 to 362 residues) in CCNE1 amplified human FU-OV-1 cells assessed as phosphorylation of CDK1 at Thr14 incubated for 2 hrs by AlphaLisa assay,B,,,BAO_0000190,BAO_0000219,cell-based format,Cc1ccc(O)c(Cl)c1-n1c(N)c(C(N)=O)c2nc3ccccc3nc21,,,CHEMBL5137074,J Med Chem,2022,"{'bei': '19.45', 'le': '0.38', 'lle': '4.23', 'sei': '5.96'}",,CHEMBL5191665,,CHEMBL5191665,7.16,0,http://www.openphacts.org/units/Nanomolar,3877371,=,1,1,=,,IC50,nM,,70,CHEMBL3984,Homo sapiens,Membrane-associated tyrosine- and threonine-specific cdc2-inhibitory kinase,9606,,,IC50,uM,UO_0000065,,0.07,7.15490196
"{'action_type': 'INHIBITOR', 'description': 'Negatively effects (inhibits) the normal functioning of the protein e.g., prevention of enzymatic reaction or activation of downstream pathway', 'parent_type': 'NEGATIVE MODULATOR'}",,24826074,"[{'comments': None, 'relation': '=', 'result_flag': 0, 'standard_relation': '=', 'standard_text_value': None, 'standard_type': 'TIME', 'standard_units': 'hr', 'standard_value': '2.0', 'text_value': None, 'type': 'Time', 'units': 'hrs', 'value': '2.0'}]",CHEMBL5141607,Inhibition of N-terminal recombinant PKMYT1 (76 to 362 residues) in CCNE1 amplified human FU-OV-1 cells assessed as phosphorylation of CDK1 at Thr14 incubated for 2 hrs by AlphaLisa assay,B,,,BAO_0000190,BAO_0000219,cell-based format,Cc1c(O)ccc(Cl)c1-n1c(N)c(C(N)=O)c2nc3ccccc3nc21,,,CHEMBL5137074,J Med Chem,2022,"{'bei': '17.46', 'le': '0.34', 'lle': '3.50', 'sei': '5.35'}",,CHEMBL5202444,,CHEMBL5202444,6.42,0,http://www.openphacts.org/units/Nanomolar,3877372,=,1,1,=,,IC50,nM,,380,CHEMBL3984,Homo sapiens,Membrane-associated tyrosine- and threonine-specific cdc2-inhibitory kinase,9606,,,IC50,uM,UO_0000065,,0.38,6.420216403
"{'action_type': 'INHIBITOR', 'description': 'Negatively effects (inhibits) the normal functioning of the protein e.g., prevention of enzymatic reaction or activation of downstream pathway', 'parent_type': 'NEGATIVE MODULATOR'}",,24826075,"[{'comments': None, 'relation': '=', 'result_flag': 0, 'standard_relation': '=', 'standard_text_value': None, 'standard_type': 'TIME', 'standard_units': 'hr', 'standard_value': '2.0', 'text_value': None, 'type': 'Time', 'units': 'hrs', 'value': '2.0'}]",CHEMBL5141607,Inhibition of N-terminal recombinant PKMYT1 (76 to 362 residues) in CCNE1 amplified human FU-OV-1 cells assessed as phosphorylation of CDK1 at Thr14 incubated for 2 hrs by AlphaLisa assay,B,,,BAO_0000190,BAO_0000219,cell-based format,NC(=O)c1c(N)n(-c2c(Cl)ccc(O)c2Cl)c2nc3ccccc3nc12,,,CHEMBL5137074,J Med Chem,2022,"{'bei': '15.55', 'le': '0.32', 'lle': '2.77', 'sei': '5.03'}",,CHEMBL5177087,,CHEMBL5177087,6.04,0,http://www.openphacts.org/units/Nanomolar,3877373,=,1,1,=,,IC50,nM,,920,CHEMBL3984,Homo sapiens,Membrane-associated tyrosine- and threonine-specific cdc2-inhibitory kinase,9606,,,IC50,uM,UO_0000065,,0.92,6.036212173
"{'action_type': 'INHIBITOR', 'description': 'Negatively effects (inhibits) the normal functioning of the protein e.g., prevention of enzymatic reaction or activation of downstream pathway', 'parent_type': 'NEGATIVE MODULATOR'}",,24826076,"[{'comments': None, 'relation': '=', 'result_flag': 0, 'standard_relation': '=', 'standard_text_value': None, 'standard_type': 'TIME', 'standard_units': 'hr', 'standard_value': '2.0', 'text_value': None, 'type': 'Time', 'units': 'hrs', 'value': '2.0'}]",CHEMBL5141607,Inhibition of N-terminal recombinant PKMYT1 (76 to 362 residues) in CCNE1 amplified human FU-OV-1 cells assessed as phosphorylation of CDK1 at Thr14 incubated for 2 hrs by AlphaLisa assay,B,,,BAO_0000190,BAO_0000219,cell-based format,Cc1ccc(O)c(C)c1-n1cc(C(N)=O)c2nc3ccccc3nc21,,,CHEMBL5137074,J Med Chem,2022,"{'bei': '18.81', 'le': '0.34', 'lle': '3.25', 'sei': '6.65'}",,CHEMBL5184635,,CHEMBL5184635,6.25,0,http://www.openphacts.org/units/Nanomolar,3877377,=,1,1,=,,IC50,nM,,560,CHEMBL3984,Homo sapiens,Membrane-associated tyrosine- and threonine-specific cdc2-inhibitory kinase,9606,,,IC50,uM,UO_0000065,,0.56,6.251811973
"{'action_type': 'INHIBITOR', 'description': 'Negatively effects (inhibits) the normal functioning of the protein e.g., prevention of enzymatic reaction or activation of downstream pathway', 'parent_type': 'NEGATIVE MODULATOR'}",,24826077,"[{'comments': None, 'relation': '=', 'result_flag': 0, 'standard_relation': '=', 'standard_text_value': None, 'standard_type': 'TIME', 'standard_units': 'hr', 'standard_value': '2.0', 'text_value': None, 'type': 'Time', 'units': 'hrs', 'value': '2.0'}]",CHEMBL5141607,Inhibition of N-terminal recombinant PKMYT1 (76 to 362 residues) in CCNE1 amplified human FU-OV-1 cells assessed as phosphorylation of CDK1 at Thr14 incubated for 2 hrs by AlphaLisa assay,B,,,BAO_0000190,BAO_0000219,cell-based format,Cc1ccc(O)cc1-n1c(N)c(C(N)=O)c2cc3ccccc3nc21,,,CHEMBL5137074,J Med Chem,2022,"{'bei': '19.39', 'le': '0.35', 'lle': '3.57', 'sei': '6.01'}",,CHEMBL5203261,,CHEMBL5203261,6.44,0,http://www.openphacts.org/units/Nanomolar,3877380,=,1,1,=,,IC50,nM,,360,CHEMBL3984,Homo sapiens,Membrane-associated tyrosine- and threonine-specific cdc2-inhibitory kinase,9606,,,IC50,uM,UO_0000065,,0.36,6.443697499
"{'action_type': 'INHIBITOR', 'description': 'Negatively effects (inhibits) the normal functioning of the protein e.g., prevention of enzymatic reaction or activation of downstream pathway', 'parent_type': 'NEGATIVE MODULATOR'}",,24826078,"[{'comments': None, 'relation': '=', 'result_flag': 0, 'standard_relation': '=', 'standard_text_value': None, 'standard_type': 'TIME', 'standard_units': 'hr', 'standard_value': '2.0', 'text_value': None, 'type': 'Time', 'units': 'hrs', 'value': '2.0'}]",CHEMBL5141607,Inhibition of N-terminal recombinant PKMYT1 (76 to 362 residues) in CCNE1 amplified human FU-OV-1 cells assessed as phosphorylation of CDK1 at Thr14 incubated for 2 hrs by AlphaLisa assay,B,,,BAO_0000190,BAO_0000219,cell-based format,Cc1ccc(O)c(C)c1-n1c(N)c(C(N)=O)c2nc3cccc(Br)c3nc21,,,CHEMBL5137074,J Med Chem,2022,"{'bei': '15.77', 'le': '0.34', 'lle': '3.38', 'sei': '5.60'}",,CHEMBL5186220,,CHEMBL5186220,6.72,0,http://www.openphacts.org/units/Nanomolar,3877381,=,1,1,=,,IC50,nM,,190,CHEMBL3984,Homo sapiens,Membrane-associated tyrosine- and threonine-specific cdc2-inhibitory kinase,9606,,,IC50,uM,UO_0000065,,0.19,6.721246399
"{'action_type': 'INHIBITOR', 'description': 'Negatively effects (inhibits) the normal functioning of the protein e.g., prevention of enzymatic reaction or activation of downstream pathway', 'parent_type': 'NEGATIVE MODULATOR'}",,24826079,"[{'comments': None, 'relation': '=', 'result_flag': 0, 'standard_relation': '=', 'standard_text_value': None, 'standard_type': 'TIME', 'standard_units': 'hr', 'standard_value': '2.0', 'text_value': None, 'type': 'Time', 'units': 'hrs', 'value': '2.0'}]",CHEMBL5141607,Inhibition of N-terminal recombinant PKMYT1 (76 to 362 residues) in CCNE1 amplified human FU-OV-1 cells assessed as phosphorylation of CDK1 at Thr14 incubated for 2 hrs by AlphaLisa assay,B,,,BAO_0000190,BAO_0000219,cell-based format,Cc1ccc(O)c(C)c1-n1c(N)c(C(N)=O)c2nc3ccc(Br)cc3nc21,,,CHEMBL5137074,J Med Chem,2022,"{'bei': '13.75', 'le': '0.30', 'lle': '2.52', 'sei': '4.88'}",,CHEMBL5195417,,CHEMBL5195417,5.86,0,http://www.openphacts.org/units/Nanomolar,3877382,=,1,1,=,,IC50,nM,,1370,CHEMBL3984,Homo sapiens,Membrane-associated tyrosine- and threonine-specific cdc2-inhibitory kinase,9606,,,IC50,uM,UO_0000065,,1.37,5.863279433
"{'action_type': 'INHIBITOR', 'description': 'Negatively effects (inhibits) the normal functioning of the protein e.g., prevention of enzymatic reaction or activation of downstream pathway', 'parent_type': 'NEGATIVE MODULATOR'}",,24826080,"[{'comments': None, 'relation': '=', 'result_flag': 0, 'standard_relation': '=', 'standard_text_value': None, 'standard_type': 'TIME', 'standard_units': 'hr', 'standard_value': '2.0', 'text_value': None, 'type': 'Time', 'units': 'hrs', 'value': '2.0'}]",CHEMBL5141607,Inhibition of N-terminal recombinant PKMYT1 (76 to 362 residues) in CCNE1 amplified human FU-OV-1 cells assessed as phosphorylation of CDK1 at Thr14 incubated for 2 hrs by AlphaLisa assay,B,,,BAO_0000190,BAO_0000219,cell-based format,Cc1ccc(O)c(C)c1-n1c(N)c(C(N)=O)c2nc3cc(Br)ccc3nc21,,,CHEMBL5137074,J Med Chem,2022,"{'bei': '15.12', 'le': '0.33', 'lle': '3.10', 'sei': '5.37'}",,CHEMBL5185146,,CHEMBL5185146,6.44,0,http://www.openphacts.org/units/Nanomolar,3877383,=,1,1,=,,IC50,nM,,360,CHEMBL3984,Homo sapiens,Membrane-associated tyrosine- and threonine-specific cdc2-inhibitory kinase,9606,,,IC50,uM,UO_0000065,,0.36,6.443697499
"{'action_type': 'INHIBITOR', 'description': 'Negatively effects (inhibits) the normal functioning of the protein e.g., prevention of enzymatic reaction or activation of downstream pathway', 'parent_type': 'NEGATIVE MODULATOR'}",,24826081,"[{'comments': None, 'relation': '=', 'result_flag': 0, 'standard_relation': '=', 'standard_text_value': None, 'standard_type': 'TIME', 'standard_units': 'hr', 'standard_value': '2.0', 'text_value': None, 'type': 'Time', 'units': 'hrs', 'value': '2.0'}]",CHEMBL5141607,Inhibition of N-terminal recombinant PKMYT1 (76 to 362 residues) in CCNE1 amplified human FU-OV-1 cells assessed as phosphorylation of CDK1 at Thr14 incubated for 2 hrs by AlphaLisa assay,B,,,BAO_0000190,BAO_0000219,cell-based format,Cc1ccc(O)c(C)c1-n1c(N)c(C(N)=O)c2nc3c(Br)cccc3nc21,,,CHEMBL5137074,J Med Chem,2022,"{'bei': '18.01', 'le': '0.39', 'lle': '4.34', 'sei': '6.40'}",,CHEMBL5181222,,CHEMBL5181222,7.68,0,http://www.openphacts.org/units/Nanomolar,3877384,=,1,1,=,,IC50,nM,,21,CHEMBL3984,Homo sapiens,Membrane-associated tyrosine- and threonine-specific cdc2-inhibitory kinase,9606,,,IC50,uM,UO_0000065,,0.021,7.677780705
"{'action_type': 'INHIBITOR', 'description': 'Negatively effects (inhibits) the normal functioning of the protein e.g., prevention of enzymatic reaction or activation of downstream pathway', 'parent_type': 'NEGATIVE MODULATOR'}",,24826082,"[{'comments': None, 'relation': '=', 'result_flag': 0, 'standard_relation': '=', 'standard_text_value': None, 'standard_type': 'TIME', 'standard_units': 'hr', 'standard_value': '2.0', 'text_value': None, 'type': 'Time', 'units': 'hrs', 'value': '2.0'}]",CHEMBL5141607,Inhibition of N-terminal recombinant PKMYT1 (76 to 362 residues) in CCNE1 amplified human FU-OV-1 cells assessed as phosphorylation of CDK1 at Thr14 incubated for 2 hrs by AlphaLisa assay,B,,,BAO_0000190,BAO_0000219,cell-based format,Cc1ccc(O)c(C)c1-n1c(N)c(C(N)=O)c2nc3cccc(C#N)c3nc21,,,CHEMBL5137074,J Med Chem,2022,"{'bei': '19.99', 'le': '0.36', 'lle': '4.99', 'sei': '5.17'}",,CHEMBL5198360,,CHEMBL5198360,7.44,0,http://www.openphacts.org/units/Nanomolar,3877385,=,1,1,=,,IC50,nM,,36,CHEMBL3984,Homo sapiens,Membrane-associated tyrosine- and threonine-specific cdc2-inhibitory kinase,9606,,,IC50,uM,UO_0000065,,0.036,7.443697499
"{'action_type': 'INHIBITOR', 'description': 'Negatively effects (inhibits) the normal functioning of the protein e.g., prevention of enzymatic reaction or activation of downstream pathway', 'parent_type': 'NEGATIVE MODULATOR'}",,24826083,"[{'comments': None, 'relation': '=', 'result_flag': 0, 'standard_relation': '=', 'standard_text_value': None, 'standard_type': 'TIME', 'standard_units': 'hr', 'standard_value': '2.0', 'text_value': None, 'type': 'Time', 'units': 'hrs', 'value': '2.0'}]",CHEMBL5141607,Inhibition of N-terminal recombinant PKMYT1 (76 to 362 residues) in CCNE1 amplified human FU-OV-1 cells assessed as phosphorylation of CDK1 at Thr14 incubated for 2 hrs by AlphaLisa assay,B,,,BAO_0000190,BAO_0000219,cell-based format,Cc1ccc(O)c(C)c1-n1c(N)c(C(N)=O)c2nc3cccc(-c4ccnn4C)c3nc21,,,CHEMBL5137074,J Med Chem,2022,"{'bei': '16.19', 'le': '0.30', 'lle': '3.94', 'sei': '5.02'}",,CHEMBL5169345,,CHEMBL5169345,6.92,0,http://www.openphacts.org/units/Nanomolar,3877386,=,1,1,=,,IC50,nM,,120,CHEMBL3984,Homo sapiens,Membrane-associated tyrosine- and threonine-specific cdc2-inhibitory kinase,9606,,,IC50,uM,UO_0000065,,0.12,6.920818754
"{'action_type': 'INHIBITOR', 'description': 'Negatively effects (inhibits) the normal functioning of the protein e.g., prevention of enzymatic reaction or activation of downstream pathway', 'parent_type': 'NEGATIVE MODULATOR'}",,24826084,"[{'comments': None, 'relation': '=', 'result_flag': 0, 'standard_relation': '=', 'standard_text_value': None, 'standard_type': 'TIME', 'standard_units': 'hr', 'standard_value': '2.0', 'text_value': None, 'type': 'Time', 'units': 'hrs', 'value': '2.0'}]",CHEMBL5141607,Inhibition of N-terminal recombinant PKMYT1 (76 to 362 residues) in CCNE1 amplified human FU-OV-1 cells assessed as phosphorylation of CDK1 at Thr14 incubated for 2 hrs by AlphaLisa assay,B,,,BAO_0000190,BAO_0000219,cell-based format,Cc1ccc(O)c(C)c1-n1c(N)c(C(N)=O)c2nc3cccc(C4=CCCC4)c3nc21,,,CHEMBL5137074,J Med Chem,2022,"{'bei': '15.14', 'le': '0.28', 'lle': '2.12', 'sei': '5.21'}",,CHEMBL5190822,,CHEMBL5190822,6.26,0,http://www.openphacts.org/units/Nanomolar,3877387,=,1,1,=,,IC50,nM,,550,CHEMBL3984,Homo sapiens,Membrane-associated tyrosine- and threonine-specific cdc2-inhibitory kinase,9606,,,IC50,uM,UO_0000065,,0.55,6.259637311
"{'action_type': 'INHIBITOR', 'description': 'Negatively effects (inhibits) the normal functioning of the protein e.g., prevention of enzymatic reaction or activation of downstream pathway', 'parent_type': 'NEGATIVE MODULATOR'}",,24826085,"[{'comments': None, 'relation': '=', 'result_flag': 0, 'standard_relation': '=', 'standard_text_value': None, 'standard_type': 'TIME', 'standard_units': 'hr', 'standard_value': '2.0', 'text_value': None, 'type': 'Time', 'units': 'hrs', 'value': '2.0'}]",CHEMBL5141607,Inhibition of N-terminal recombinant PKMYT1 (76 to 362 residues) in CCNE1 amplified human FU-OV-1 cells assessed as phosphorylation of CDK1 at Thr14 incubated for 2 hrs by AlphaLisa assay,B,,,BAO_0000190,BAO_0000219,cell-based format,Cc1ccc(O)c(C)c1-n1c(N)c(C(N)=O)c2nc3cc(C#N)ccc3nc21,,,CHEMBL5137074,J Med Chem,2022,"{'bei': '17.99', 'le': '0.33', 'lle': '4.25', 'sei': '4.66'}",,CHEMBL5187022,,CHEMBL5187022,6.7,0,http://www.openphacts.org/units/Nanomolar,3877388,=,1,1,=,,IC50,nM,,200,CHEMBL3984,Homo sapiens,Membrane-associated tyrosine- and threonine-specific cdc2-inhibitory kinase,9606,,,IC50,uM,UO_0000065,,0.2,6.698970004
"{'action_type': 'INHIBITOR', 'description': 'Negatively effects (inhibits) the normal functioning of the protein e.g., prevention of enzymatic reaction or activation of downstream pathway', 'parent_type': 'NEGATIVE MODULATOR'}",,24826086,"[{'comments': None, 'relation': '=', 'result_flag': 0, 'standard_relation': '=', 'standard_text_value': None, 'standard_type': 'TIME', 'standard_units': 'hr', 'standard_value': '2.0', 'text_value': None, 'type': 'Time', 'units': 'hrs', 'value': '2.0'}]",CHEMBL5141607,Inhibition of N-terminal recombinant PKMYT1 (76 to 362 residues) in CCNE1 amplified human FU-OV-1 cells assessed as phosphorylation of CDK1 at Thr14 incubated for 2 hrs by AlphaLisa assay,B,,,BAO_0000190,BAO_0000219,cell-based format,Cc1ccc(O)c(C)c1-n1c(N)c(C(N)=O)c2nc3cc(-c4ccnn4C)ccc3nc21,,,CHEMBL5137074,J Med Chem,2022,"{'bei': '15.84', 'le': '0.29', 'lle': '3.79', 'sei': '4.91'}",,CHEMBL5172086,,CHEMBL5172086,6.77,0,http://www.openphacts.org/units/Nanomolar,3877389,=,1,1,=,,IC50,nM,,170,CHEMBL3984,Homo sapiens,Membrane-associated tyrosine- and threonine-specific cdc2-inhibitory kinase,9606,,,IC50,uM,UO_0000065,,0.17,6.769551079
"{'action_type': 'INHIBITOR', 'description': 'Negatively effects (inhibits) the normal functioning of the protein e.g., prevention of enzymatic reaction or activation of downstream pathway', 'parent_type': 'NEGATIVE MODULATOR'}",,24826087,"[{'comments': None, 'relation': '=', 'result_flag': 0, 'standard_relation': '=', 'standard_text_value': None, 'standard_type': 'TIME', 'standard_units': 'hr', 'standard_value': '2.0', 'text_value': None, 'type': 'Time', 'units': 'hrs', 'value': '2.0'}]",CHEMBL5141607,Inhibition of N-terminal recombinant PKMYT1 (76 to 362 residues) in CCNE1 amplified human FU-OV-1 cells assessed as phosphorylation of CDK1 at Thr14 incubated for 2 hrs by AlphaLisa assay,B,,,BAO_0000190,BAO_0000219,cell-based format,Cc1ccc(O)c(C)c1-n1c(N)c(C(N)=O)c2nc3cc(C4=CCCC4)ccc3nc21,,,CHEMBL5137074,J Med Chem,2022,"{'bei': '15.78', 'le': '0.29', 'lle': '2.38', 'sei': '5.43'}",,CHEMBL5184178,,CHEMBL5184178,6.52,0,http://www.openphacts.org/units/Nanomolar,3877390,=,1,1,=,,IC50,nM,,300,CHEMBL3984,Homo sapiens,Membrane-associated tyrosine- and threonine-specific cdc2-inhibitory kinase,9606,,,IC50,uM,UO_0000065,,0.3,6.522878745
"{'action_type': 'INHIBITOR', 'description': 'Negatively effects (inhibits) the normal functioning of the protein e.g., prevention of enzymatic reaction or activation of downstream pathway', 'parent_type': 'NEGATIVE MODULATOR'}",,24826088,"[{'comments': None, 'relation': '=', 'result_flag': 0, 'standard_relation': '=', 'standard_text_value': None, 'standard_type': 'TIME', 'standard_units': 'hr', 'standard_value': '2.0', 'text_value': None, 'type': 'Time', 'units': 'hrs', 'value': '2.0'}]",CHEMBL5141607,Inhibition of N-terminal recombinant PKMYT1 (76 to 362 residues) in CCNE1 amplified human FU-OV-1 cells assessed as phosphorylation of CDK1 at Thr14 incubated for 2 hrs by AlphaLisa assay,B,,,BAO_0000190,BAO_0000219,cell-based format,Cc1ccc(O)c(C)c1-n1c(N)c(C(N)=O)c2nc3c(C#N)cccc3nc21,,,CHEMBL5137074,J Med Chem,2022,"{'bei': '20.06', 'le': '0.36', 'lle': '5.02', 'sei': '5.19'}",,CHEMBL5199806,,CHEMBL5199806,7.47,0,http://www.openphacts.org/units/Nanomolar,3877391,=,1,1,=,,IC50,nM,,34,CHEMBL3984,Homo sapiens,Membrane-associated tyrosine- and threonine-specific cdc2-inhibitory kinase,9606,,,IC50,uM,UO_0000065,,0.034,7.468521083
"{'action_type': 'INHIBITOR', 'description': 'Negatively effects (inhibits) the normal functioning of the protein e.g., prevention of enzymatic reaction or activation of downstream pathway', 'parent_type': 'NEGATIVE MODULATOR'}",,24826089,"[{'comments': None, 'relation': '=', 'result_flag': 0, 'standard_relation': '=', 'standard_text_value': None, 'standard_type': 'TIME', 'standard_units': 'hr', 'standard_value': '2.0', 'text_value': None, 'type': 'Time', 'units': 'hrs', 'value': '2.0'}]",CHEMBL5141607,Inhibition of N-terminal recombinant PKMYT1 (76 to 362 residues) in CCNE1 amplified human FU-OV-1 cells assessed as phosphorylation of CDK1 at Thr14 incubated for 2 hrs by AlphaLisa assay,B,,,BAO_0000190,BAO_0000219,cell-based format,Cc1ccc(O)c(C)c1-n1c(N)c(C(N)=O)c2nc3c(-c4ccnn4C)cccc3nc21,,,CHEMBL5137074,J Med Chem,2022,"{'bei': '15.19', 'le': '0.28', 'lle': '3.51', 'sei': '4.71'}",,CHEMBL5196095,,CHEMBL5196095,6.5,0,http://www.openphacts.org/units/Nanomolar,3877392,=,1,1,=,,IC50,nM,,320,CHEMBL3984,Homo sapiens,Membrane-associated tyrosine- and threonine-specific cdc2-inhibitory kinase,9606,,,IC50,uM,UO_0000065,,0.32,6.494850022
"{'action_type': 'INHIBITOR', 'description': 'Negatively effects (inhibits) the normal functioning of the protein e.g., prevention of enzymatic reaction or activation of downstream pathway', 'parent_type': 'NEGATIVE MODULATOR'}",,24826090,"[{'comments': None, 'relation': '=', 'result_flag': 0, 'standard_relation': '=', 'standard_text_value': None, 'standard_type': 'TIME', 'standard_units': 'hr', 'standard_value': '2.0', 'text_value': None, 'type': 'Time', 'units': 'hrs', 'value': '2.0'}]",CHEMBL5141607,Inhibition of N-terminal recombinant PKMYT1 (76 to 362 residues) in CCNE1 amplified human FU-OV-1 cells assessed as phosphorylation of CDK1 at Thr14 incubated for 2 hrs by AlphaLisa assay,B,,,BAO_0000190,BAO_0000219,cell-based format,Cc1ccc(O)c(C)c1-n1c(N)c(C(N)=O)c2nc3c(C4=CCCC4)cccc3nc21,,,CHEMBL5137074,J Med Chem,2022,"{'bei': '14.46', 'le': '0.26', 'lle': '1.84', 'sei': '4.98'}",,CHEMBL5176413,,CHEMBL5176413,5.98,0,http://www.openphacts.org/units/Nanomolar,3877393,=,1,1,=,,IC50,nM,,1050,CHEMBL3984,Homo sapiens,Membrane-associated tyrosine- and threonine-specific cdc2-inhibitory kinase,9606,,,IC50,uM,UO_0000065,,1.05,5.978810701
"{'action_type': 'INHIBITOR', 'description': 'Negatively effects (inhibits) the normal functioning of the protein e.g., prevention of enzymatic reaction or activation of downstream pathway', 'parent_type': 'NEGATIVE MODULATOR'}",,24826091,"[{'comments': None, 'relation': '=', 'result_flag': 0, 'standard_relation': '=', 'standard_text_value': None, 'standard_type': 'TIME', 'standard_units': 'hr', 'standard_value': '2.0', 'text_value': None, 'type': 'Time', 'units': 'hrs', 'value': '2.0'}]",CHEMBL5141607,Inhibition of N-terminal recombinant PKMYT1 (76 to 362 residues) in CCNE1 amplified human FU-OV-1 cells assessed as phosphorylation of CDK1 at Thr14 incubated for 2 hrs by AlphaLisa assay,B,,,BAO_0000190,BAO_0000219,cell-based format,Cc1ccc(O)c(C)c1-n1c(N)c(C(N)=O)c2nc3c(Br)cccc3nc21,,,CHEMBL5137074,J Med Chem,2022,"{'bei': '18.06', 'le': '0.39', 'lle': '4.36', 'sei': '6.41'}",,CHEMBL5181222,,CHEMBL5181222,7.7,0,http://www.openphacts.org/units/Nanomolar,3877394,=,1,1,=,,IC50,nM,,20,CHEMBL3984,Homo sapiens,Membrane-associated tyrosine- and threonine-specific cdc2-inhibitory kinase,9606,,,IC50,uM,UO_0000065,,0.02,7.698970004
"{'action_type': 'INHIBITOR', 'description': 'Negatively effects (inhibits) the normal functioning of the protein e.g., prevention of enzymatic reaction or activation of downstream pathway', 'parent_type': 'NEGATIVE MODULATOR'}",,24826092,"[{'comments': None, 'relation': '=', 'result_flag': 0, 'standard_relation': '=', 'standard_text_value': None, 'standard_type': 'TIME', 'standard_units': 'hr', 'standard_value': '2.0', 'text_value': None, 'type': 'Time', 'units': 'hrs', 'value': '2.0'}]",CHEMBL5141607,Inhibition of N-terminal recombinant PKMYT1 (76 to 362 residues) in CCNE1 amplified human FU-OV-1 cells assessed as phosphorylation of CDK1 at Thr14 incubated for 2 hrs by AlphaLisa assay,B,,,BAO_0000190,BAO_0000219,cell-based format,Cc1ccc(O)c(C)c1-n1c(N)c(C(N)=O)c2nccnc21,,,CHEMBL5137074,J Med Chem,2022,"{'bei': '20.86', 'le': '0.39', 'lle': '4.78', 'sei': '5.17'}",,CHEMBL5208938,,CHEMBL5208938,6.2,0,http://www.openphacts.org/units/Nanomolar,3877395,=,1,1,=,,IC50,nM,,626,CHEMBL3984,Homo sapiens,Membrane-associated tyrosine- and threonine-specific cdc2-inhibitory kinase,9606,,,IC50,uM,UO_0000065,,0.626,6.203425667
"{'action_type': 'INHIBITOR', 'description': 'Negatively effects (inhibits) the normal functioning of the protein e.g., prevention of enzymatic reaction or activation of downstream pathway', 'parent_type': 'NEGATIVE MODULATOR'}",,24826093,"[{'comments': None, 'relation': '=', 'result_flag': 0, 'standard_relation': '=', 'standard_text_value': None, 'standard_type': 'TIME', 'standard_units': 'hr', 'standard_value': '2.0', 'text_value': None, 'type': 'Time', 'units': 'hrs', 'value': '2.0'}]",CHEMBL5141607,Inhibition of N-terminal recombinant PKMYT1 (76 to 362 residues) in CCNE1 amplified human FU-OV-1 cells assessed as phosphorylation of CDK1 at Thr14 incubated for 2 hrs by AlphaLisa assay,B,,,BAO_0000190,BAO_0000219,cell-based format,Cc1ccc(O)c(C)c1-n1c(N)c(C(N)=O)c2nc(C)c(C)nc21,,,CHEMBL5137074,J Med Chem,2022,"{'bei': '21.93', 'le': '0.41', 'lle': '5.10', 'sei': '5.94'}",,CHEMBL5200005,,CHEMBL5200005,7.14,0,http://www.openphacts.org/units/Nanomolar,3877396,=,1,1,=,,IC50,nM,,73,CHEMBL3984,Homo sapiens,Membrane-associated tyrosine- and threonine-specific cdc2-inhibitory kinase,9606,,,IC50,uM,UO_0000065,,0.073,7.13667714
"{'action_type': 'INHIBITOR', 'description': 'Negatively effects (inhibits) the normal functioning of the protein e.g., prevention of enzymatic reaction or activation of downstream pathway', 'parent_type': 'NEGATIVE MODULATOR'}",,24826094,"[{'comments': None, 'relation': '=', 'result_flag': 0, 'standard_relation': '=', 'standard_text_value': None, 'standard_type': 'TIME', 'standard_units': 'hr', 'standard_value': '2.0', 'text_value': None, 'type': 'Time', 'units': 'hrs', 'value': '2.0'}]",CHEMBL5141607,Inhibition of N-terminal recombinant PKMYT1 (76 to 362 residues) in CCNE1 amplified human FU-OV-1 cells assessed as phosphorylation of CDK1 at Thr14 incubated for 2 hrs by AlphaLisa assay,B,,,BAO_0000190,BAO_0000219,cell-based format,Cc1cnc2c(C(N)=O)c(N)n(-c3c(C)ccc(O)c3C)c2n1,,,CHEMBL5137074,J Med Chem,2022,"{'bei': '20.27', 'le': '0.37', 'lle': '4.58', 'sei': '5.26'}",,CHEMBL5175722,,CHEMBL5175722,6.31,0,http://www.openphacts.org/units/Nanomolar,3877397,=,1,1,=,,IC50,nM,,488,CHEMBL3984,Homo sapiens,Membrane-associated tyrosine- and threonine-specific cdc2-inhibitory kinase,9606,,,IC50,uM,UO_0000065,,0.488,6.311580178
"{'action_type': 'INHIBITOR', 'description': 'Negatively effects (inhibits) the normal functioning of the protein e.g., prevention of enzymatic reaction or activation of downstream pathway', 'parent_type': 'NEGATIVE MODULATOR'}",,24826095,"[{'comments': None, 'relation': '=', 'result_flag': 0, 'standard_relation': '=', 'standard_text_value': None, 'standard_type': 'TIME', 'standard_units': 'hr', 'standard_value': '2.0', 'text_value': None, 'type': 'Time', 'units': 'hrs', 'value': '2.0'}]",CHEMBL5141607,Inhibition of N-terminal recombinant PKMYT1 (76 to 362 residues) in CCNE1 amplified human FU-OV-1 cells assessed as phosphorylation of CDK1 at Thr14 incubated for 2 hrs by AlphaLisa assay,B,,,BAO_0000190,BAO_0000219,cell-based format,Cc1cnc2c(n1)c(C(N)=O)c(N)n2-c1c(C)ccc(O)c1C,,,CHEMBL5137074,J Med Chem,2022,"{'bei': '22.38', 'le': '0.41', 'lle': '5.24', 'sei': '5.80'}",,CHEMBL5169330,,CHEMBL5169330,6.97,0,http://www.openphacts.org/units/Nanomolar,3877398,=,1,1,=,,IC50,nM,,108,CHEMBL3984,Homo sapiens,Membrane-associated tyrosine- and threonine-specific cdc2-inhibitory kinase,9606,,,IC50,uM,UO_0000065,,0.108,6.966576245
"{'action_type': 'INHIBITOR', 'description': 'Negatively effects (inhibits) the normal functioning of the protein e.g., prevention of enzymatic reaction or activation of downstream pathway', 'parent_type': 'NEGATIVE MODULATOR'}",,24826096,"[{'comments': None, 'relation': '=', 'result_flag': 0, 'standard_relation': '=', 'standard_text_value': None, 'standard_type': 'TIME', 'standard_units': 'hr', 'standard_value': '2.0', 'text_value': None, 'type': 'Time', 'units': 'hrs', 'value': '2.0'}]",CHEMBL5141607,Inhibition of N-terminal recombinant PKMYT1 (76 to 362 residues) in CCNE1 amplified human FU-OV-1 cells assessed as phosphorylation of CDK1 at Thr14 incubated for 2 hrs by AlphaLisa assay,B,,,BAO_0000190,BAO_0000219,cell-based format,Cc1ccc(O)c(C)c1-n1c(N)c(C(N)=O)c2nc(C3CC3)cnc21,,,CHEMBL5137074,J Med Chem,2022,"{'bei': '21.86', 'le': '0.40', 'lle': '5.08', 'sei': '6.14'}",,CHEMBL5201803,,CHEMBL5201803,7.38,0,http://www.openphacts.org/units/Nanomolar,3877399,=,1,1,=,,IC50,nM,,42,CHEMBL3984,Homo sapiens,Membrane-associated tyrosine- and threonine-specific cdc2-inhibitory kinase,9606,,,IC50,uM,UO_0000065,,0.042,7.37675071
"{'action_type': 'INHIBITOR', 'description': 'Negatively effects (inhibits) the normal functioning of the protein e.g., prevention of enzymatic reaction or activation of downstream pathway', 'parent_type': 'NEGATIVE MODULATOR'}",,24826097,"[{'comments': None, 'relation': '=', 'result_flag': 0, 'standard_relation': '=', 'standard_text_value': None, 'standard_type': 'TIME', 'standard_units': 'hr', 'standard_value': '2.0', 'text_value': None, 'type': 'Time', 'units': 'hrs', 'value': '2.0'}]",CHEMBL5141607,Inhibition of N-terminal recombinant PKMYT1 (76 to 362 residues) in CCNE1 amplified human FU-OV-1 cells assessed as phosphorylation of CDK1 at Thr14 incubated for 2 hrs by AlphaLisa assay,B,,,BAO_0000190,BAO_0000219,cell-based format,Cc1ccc(O)c(C)c1-n1c(N)c(C(N)=O)c2nc(C(C)(C)O)cnc21,,,CHEMBL5137074,J Med Chem,2022,"{'bei': '21.34', 'le': '0.40', 'lle': '5.94', 'sei': '5.41'}",,CHEMBL5179743,,CHEMBL5179743,7.58,0,http://www.openphacts.org/units/Nanomolar,3877400,=,1,1,=,,IC50,nM,,26,CHEMBL3984,Homo sapiens,Membrane-associated tyrosine- and threonine-specific cdc2-inhibitory kinase,9606,,,IC50,uM,UO_0000065,,0.026,7.585026652
"{'action_type': 'INHIBITOR', 'description': 'Negatively effects (inhibits) the normal functioning of the protein e.g., prevention of enzymatic reaction or activation of downstream pathway', 'parent_type': 'NEGATIVE MODULATOR'}",,24826098,"[{'comments': None, 'relation': '=', 'result_flag': 0, 'standard_relation': '=', 'standard_text_value': None, 'standard_type': 'TIME', 'standard_units': 'hr', 'standard_value': '2.0', 'text_value': None, 'type': 'Time', 'units': 'hrs', 'value': '2.0'}]",CHEMBL5141607,Inhibition of N-terminal recombinant PKMYT1 (76 to 362 residues) in CCNE1 amplified human FU-OV-1 cells assessed as phosphorylation of CDK1 at Thr14 incubated for 2 hrs by AlphaLisa assay,B,,,BAO_0000190,BAO_0000219,cell-based format,Cc1ccc(O)c(C)c1-n1c(N)c(C(N)=O)c2nc(N3CCOCC3)cnc21,,,CHEMBL5137074,J Med Chem,2022,"{'bei': '19.88', 'le': '0.37', 'lle': '6.34', 'sei': '5.74'}",,CHEMBL5200849,,CHEMBL5200849,7.6,0,http://www.openphacts.org/units/Nanomolar,3877401,=,1,1,=,,IC50,nM,,25,CHEMBL3984,Homo sapiens,Membrane-associated tyrosine- and threonine-specific cdc2-inhibitory kinase,9606,,,IC50,uM,UO_0000065,,0.025,7.602059991
"{'action_type': 'INHIBITOR', 'description': 'Negatively effects (inhibits) the normal functioning of the protein e.g., prevention of enzymatic reaction or activation of downstream pathway', 'parent_type': 'NEGATIVE MODULATOR'}",,24826099,"[{'comments': None, 'relation': '=', 'result_flag': 0, 'standard_relation': '=', 'standard_text_value': None, 'standard_type': 'TIME', 'standard_units': 'hr', 'standard_value': '2.0', 'text_value': None, 'type': 'Time', 'units': 'hrs', 'value': '2.0'}]",CHEMBL5141607,Inhibition of N-terminal recombinant PKMYT1 (76 to 362 residues) in CCNE1 amplified human FU-OV-1 cells assessed as phosphorylation of CDK1 at Thr14 incubated for 2 hrs by AlphaLisa assay,B,,,BAO_0000190,BAO_0000219,cell-based format,Cc1ccc(O)c(C)c1-n1c(N)c(C(N)=O)c2nc(-c3ncc(F)cc3F)cnc21,,,CHEMBL5137074,J Med Chem,2022,"{'bei': '17.79', 'le': '0.33', 'lle': '4.54', 'sei': '5.49'}",,CHEMBL5182071,,CHEMBL5182071,7.3,0,http://www.openphacts.org/units/Nanomolar,3877402,=,1,1,=,,IC50,nM,,50,CHEMBL3984,Homo sapiens,Membrane-associated tyrosine- and threonine-specific cdc2-inhibitory kinase,9606,,,IC50,uM,UO_0000065,,0.05,7.301029996
"{'action_type': 'INHIBITOR', 'description': 'Negatively effects (inhibits) the normal functioning of the protein e.g., prevention of enzymatic reaction or activation of downstream pathway', 'parent_type': 'NEGATIVE MODULATOR'}",,24826100,"[{'comments': None, 'relation': '=', 'result_flag': 0, 'standard_relation': '=', 'standard_text_value': None, 'standard_type': 'TIME', 'standard_units': 'hr', 'standard_value': '2.0', 'text_value': None, 'type': 'Time', 'units': 'hrs', 'value': '2.0'}]",CHEMBL5141607,Inhibition of N-terminal recombinant PKMYT1 (76 to 362 residues) in CCNE1 amplified human FU-OV-1 cells assessed as phosphorylation of CDK1 at Thr14 incubated for 2 hrs by AlphaLisa assay,B,,,BAO_0000190,BAO_0000219,cell-based format,Cc1ccc(O)c(C)c1-n1c(N)c(C(N)=O)c2nc(-c3nccs3)cnc21,,,CHEMBL5137074,J Med Chem,2022,"{'bei': '19.63', 'le': '0.38', 'lle': '4.92', 'sei': '5.62'}",,CHEMBL5204520,,CHEMBL5204520,7.47,0,http://www.openphacts.org/units/Nanomolar,3877403,=,1,1,=,,IC50,nM,,34,CHEMBL3984,Homo sapiens,Membrane-associated tyrosine- and threonine-specific cdc2-inhibitory kinase,9606,,,IC50,uM,UO_0000065,,0.034,7.468521083
"{'action_type': 'INHIBITOR', 'description': 'Negatively effects (inhibits) the normal functioning of the protein e.g., prevention of enzymatic reaction or activation of downstream pathway', 'parent_type': 'NEGATIVE MODULATOR'}",,24826101,"[{'comments': None, 'relation': '=', 'result_flag': 0, 'standard_relation': '=', 'standard_text_value': None, 'standard_type': 'TIME', 'standard_units': 'hr', 'standard_value': '2.0', 'text_value': None, 'type': 'Time', 'units': 'hrs', 'value': '2.0'}]",CHEMBL5141607,Inhibition of N-terminal recombinant PKMYT1 (76 to 362 residues) in CCNE1 amplified human FU-OV-1 cells assessed as phosphorylation of CDK1 at Thr14 incubated for 2 hrs by AlphaLisa assay,B,,,BAO_0000190,BAO_0000219,cell-based format,Cc1cnc2c(c1)c(C(N)=O)c(N)n2-c1c(C)ccc(O)c1C,,,CHEMBL5137074,J Med Chem,2022,"{'bei': '24.55', 'le': '0.45', 'lle': '5.28', 'sei': '7.11'}",,CHEMBL5174684,,CHEMBL5174684,7.62,0,http://www.openphacts.org/units/Nanomolar,3877404,=,1,1,=,,IC50,nM,,24,CHEMBL3984,Homo sapiens,Membrane-associated tyrosine- and threonine-specific cdc2-inhibitory kinase,9606,,,IC50,uM,UO_0000065,,0.024,7.619788758
"{'action_type': 'INHIBITOR', 'description': 'Negatively effects (inhibits) the normal functioning of the protein e.g., prevention of enzymatic reaction or activation of downstream pathway', 'parent_type': 'NEGATIVE MODULATOR'}",,24826102,"[{'comments': None, 'relation': '=', 'result_flag': 0, 'standard_relation': '=', 'standard_text_value': None, 'standard_type': 'TIME', 'standard_units': 'hr', 'standard_value': '2.0', 'text_value': None, 'type': 'Time', 'units': 'hrs', 'value': '2.0'}]",CHEMBL5141607,Inhibition of N-terminal recombinant PKMYT1 (76 to 362 residues) in CCNE1 amplified human FU-OV-1 cells assessed as phosphorylation of CDK1 at Thr14 incubated for 2 hrs by AlphaLisa assay,B,,,BAO_0000190,BAO_0000219,cell-based format,Cc1ccc(O)c(C)c1-n1c(N)c(C(N)=O)c2cc(Cl)cnc21,,,CHEMBL5137074,J Med Chem,2022,"{'bei': '23.49', 'le': '0.46', 'lle': '5.09', 'sei': '7.25'}",,CHEMBL5196713,,CHEMBL5196713,7.77,0,http://www.openphacts.org/units/Nanomolar,3877405,=,1,1,=,,IC50,nM,,17,CHEMBL3984,Homo sapiens,Membrane-associated tyrosine- and threonine-specific cdc2-inhibitory kinase,9606,,,IC50,uM,UO_0000065,,0.017,7.769551079
"{'action_type': 'INHIBITOR', 'description': 'Negatively effects (inhibits) the normal functioning of the protein e.g., prevention of enzymatic reaction or activation of downstream pathway', 'parent_type': 'NEGATIVE MODULATOR'}",,24826103,"[{'comments': None, 'relation': '=', 'result_flag': 0, 'standard_relation': '=', 'standard_text_value': None, 'standard_type': 'TIME', 'standard_units': 'hr', 'standard_value': '2.0', 'text_value': None, 'type': 'Time', 'units': 'hrs', 'value': '2.0'}]",CHEMBL5141607,Inhibition of N-terminal recombinant PKMYT1 (76 to 362 residues) in CCNE1 amplified human FU-OV-1 cells assessed as phosphorylation of CDK1 at Thr14 incubated for 2 hrs by AlphaLisa assay,B,,,BAO_0000190,BAO_0000219,cell-based format,Cc1ccc(O)c(C)c1-n1c(N)c(C(N)=O)c2cc(C3CC3)cnc21,,,CHEMBL5137074,J Med Chem,2022,"{'bei': '24.68', 'le': '0.45', 'lle': '5.39', 'sei': '7.75'}",,CHEMBL5190904,,CHEMBL5190904,8.3,0,http://www.openphacts.org/units/Nanomolar,3877406,=,1,1,=,,IC50,nM,,5,CHEMBL3984,Homo sapiens,Membrane-associated tyrosine- and threonine-specific cdc2-inhibitory kinase,9606,,,IC50,uM,UO_0000065,,0.005,8.301029996
"{'action_type': 'INHIBITOR', 'description': 'Negatively effects (inhibits) the normal functioning of the protein e.g., prevention of enzymatic reaction or activation of downstream pathway', 'parent_type': 'NEGATIVE MODULATOR'}",,24826104,"[{'comments': None, 'relation': '=', 'result_flag': 0, 'standard_relation': '=', 'standard_text_value': None, 'standard_type': 'TIME', 'standard_units': 'hr', 'standard_value': '2.0', 'text_value': None, 'type': 'Time', 'units': 'hrs', 'value': '2.0'}]",CHEMBL5141607,Inhibition of N-terminal recombinant PKMYT1 (76 to 362 residues) in CCNE1 amplified human FU-OV-1 cells assessed as phosphorylation of CDK1 at Thr14 incubated for 2 hrs by AlphaLisa assay,B,,,BAO_0000190,BAO_0000219,cell-based format,Cc1ccc(O)c(C)c1-n1c(N)c(C(N)=O)c2cc(Cl)c(C)nc21,,,CHEMBL5137074,J Med Chem,2022,"{'bei': '23.65', 'le': '0.46', 'lle': '5.16', 'sei': '7.61'}",,CHEMBL5174072,,CHEMBL5174072,8.15,0,http://www.openphacts.org/units/Nanomolar,3877407,=,1,1,=,,IC50,nM,,7,CHEMBL3984,Homo sapiens,Membrane-associated tyrosine- and threonine-specific cdc2-inhibitory kinase,9606,,,IC50,uM,UO_0000065,,0.007,8.15490196
"{'action_type': 'INHIBITOR', 'description': 'Negatively effects (inhibits) the normal functioning of the protein e.g., prevention of enzymatic reaction or activation of downstream pathway', 'parent_type': 'NEGATIVE MODULATOR'}",,24826105,"[{'comments': None, 'relation': '=', 'result_flag': 0, 'standard_relation': '=', 'standard_text_value': None, 'standard_type': 'TIME', 'standard_units': 'hr', 'standard_value': '2.0', 'text_value': None, 'type': 'Time', 'units': 'hrs', 'value': '2.0'}]",CHEMBL5141607,Inhibition of N-terminal recombinant PKMYT1 (76 to 362 residues) in CCNE1 amplified human FU-OV-1 cells assessed as phosphorylation of CDK1 at Thr14 incubated for 2 hrs by AlphaLisa assay,B,,,BAO_0000190,BAO_0000219,cell-based format,Cc1cc2c(C(N)=O)c(N)n(-c3c(C)ccc(O)c3C)c2nc1C,,,CHEMBL5137074,J Med Chem,2022,"{'bei': '24.21', 'le': '0.45', 'lle': '5.20', 'sei': '7.33'}",,CHEMBL5199076,LUNRESERTIB,CHEMBL5199076,7.85,0,http://www.openphacts.org/units/Nanomolar,3877408,=,1,1,=,,IC50,nM,,14,CHEMBL3984,Homo sapiens,Membrane-associated tyrosine- and threonine-specific cdc2-inhibitory kinase,9606,,,IC50,uM,UO_0000065,,0.014,7.853871964
"{'action_type': 'INHIBITOR', 'description': 'Negatively effects (inhibits) the normal functioning of the protein e.g., prevention of enzymatic reaction or activation of downstream pathway', 'parent_type': 'NEGATIVE MODULATOR'}",,24826106,"[{'comments': None, 'relation': '=', 'result_flag': 0, 'standard_relation': '=', 'standard_text_value': None, 'standard_type': 'TIME', 'standard_units': 'hr', 'standard_value': '2.0', 'text_value': None, 'type': 'Time', 'units': 'hrs', 'value': '2.0'}]",CHEMBL5141608,Inhibition of full length Nano-luc fused PKMYT1 in human HEK-293T cells incubated for 2 hrs by cell based NanoBRET target engagement assay,B,,,BAO_0000190,BAO_0000219,cell-based format,Cc1ccc(O)c(C)c1-n1c(N)c(C(N)=O)c2nc3c(Br)cccc3nc21,,,CHEMBL5137074,J Med Chem,2022,"{'bei': '18.87', 'le': '0.41', 'lle': '4.71', 'sei': '6.70'}",,CHEMBL5181222,,CHEMBL5181222,8.05,0,http://www.openphacts.org/units/Nanomolar,3877394,=,1,1,=,,IC50,nM,,9,CHEMBL3984,Homo sapiens,Membrane-associated tyrosine- and threonine-specific cdc2-inhibitory kinase,9606,,,IC50,uM,UO_0000065,,0.009,8.045757491
"{'action_type': 'INHIBITOR', 'description': 'Negatively effects (inhibits) the normal functioning of the protein e.g., prevention of enzymatic reaction or activation of downstream pathway', 'parent_type': 'NEGATIVE MODULATOR'}",,24826107,"[{'comments': None, 'relation': '=', 'result_flag': 0, 'standard_relation': '=', 'standard_text_value': None, 'standard_type': 'TIME', 'standard_units': 'hr', 'standard_value': '2.0', 'text_value': None, 'type': 'Time', 'units': 'hrs', 'value': '2.0'}]",CHEMBL5141608,Inhibition of full length Nano-luc fused PKMYT1 in human HEK-293T cells incubated for 2 hrs by cell based NanoBRET target engagement assay,B,,,BAO_0000190,BAO_0000219,cell-based format,Cc1ccc(O)c(C)c1-n1c(N)c(C(N)=O)c2nccnc21,,,CHEMBL5137074,J Med Chem,2022,"{'bei': '26.64', 'le': '0.49', 'lle': '6.50', 'sei': '6.60'}",,CHEMBL5208938,,CHEMBL5208938,7.92,0,http://www.openphacts.org/units/Nanomolar,3877395,=,1,1,=,,IC50,nM,,12,CHEMBL3984,Homo sapiens,Membrane-associated tyrosine- and threonine-specific cdc2-inhibitory kinase,9606,,,IC50,uM,UO_0000065,,0.012,7.920818754
"{'action_type': 'INHIBITOR', 'description': 'Negatively effects (inhibits) the normal functioning of the protein e.g., prevention of enzymatic reaction or activation of downstream pathway', 'parent_type': 'NEGATIVE MODULATOR'}",,24826108,"[{'comments': None, 'relation': '=', 'result_flag': 0, 'standard_relation': '=', 'standard_text_value': None, 'standard_type': 'TIME', 'standard_units': 'hr', 'standard_value': '2.0', 'text_value': None, 'type': 'Time', 'units': 'hrs', 'value': '2.0'}]",CHEMBL5141608,Inhibition of full length Nano-luc fused PKMYT1 in human HEK-293T cells incubated for 2 hrs by cell based NanoBRET target engagement assay,B,,,BAO_0000190,BAO_0000219,cell-based format,Cc1ccc(O)c(C)c1-n1c(N)c(C(N)=O)c2nc(C)c(C)nc21,,,CHEMBL5137074,J Med Chem,2022,"{'bei': '25.51', 'le': '0.47', 'lle': '6.26', 'sei': '6.91'}",,CHEMBL5200005,,CHEMBL5200005,8.3,0,http://www.openphacts.org/units/Nanomolar,3877396,=,1,1,=,,IC50,nM,,5,CHEMBL3984,Homo sapiens,Membrane-associated tyrosine- and threonine-specific cdc2-inhibitory kinase,9606,,,IC50,uM,UO_0000065,,0.005,8.301029996
"{'action_type': 'INHIBITOR', 'description': 'Negatively effects (inhibits) the normal functioning of the protein e.g., prevention of enzymatic reaction or activation of downstream pathway', 'parent_type': 'NEGATIVE MODULATOR'}",,24826109,"[{'comments': None, 'relation': '=', 'result_flag': 0, 'standard_relation': '=', 'standard_text_value': None, 'standard_type': 'TIME', 'standard_units': 'hr', 'standard_value': '2.0', 'text_value': None, 'type': 'Time', 'units': 'hrs', 'value': '2.0'}]",CHEMBL5141608,Inhibition of full length Nano-luc fused PKMYT1 in human HEK-293T cells incubated for 2 hrs by cell based NanoBRET target engagement assay,B,,,BAO_0000190,BAO_0000219,cell-based format,Cc1ccc(O)c(C)c1-n1c(N)c(C(N)=O)c2nc(C3CC3)cnc21,,,CHEMBL5137074,J Med Chem,2022,"{'bei': '26.68', 'le': '0.49', 'lle': '6.70', 'sei': '7.50'}",,CHEMBL5201803,,CHEMBL5201803,9,0,http://www.openphacts.org/units/Nanomolar,3877399,=,1,1,=,,IC50,nM,,1,CHEMBL3984,Homo sapiens,Membrane-associated tyrosine- and threonine-specific cdc2-inhibitory kinase,9606,,,IC50,uM,UO_0000065,,0.001,9
"{'action_type': 'INHIBITOR', 'description': 'Negatively effects (inhibits) the normal functioning of the protein e.g., prevention of enzymatic reaction or activation of downstream pathway', 'parent_type': 'NEGATIVE MODULATOR'}",,24826110,"[{'comments': None, 'relation': '=', 'result_flag': 0, 'standard_relation': '=', 'standard_text_value': None, 'standard_type': 'TIME', 'standard_units': 'hr', 'standard_value': '2.0', 'text_value': None, 'type': 'Time', 'units': 'hrs', 'value': '2.0'}]",CHEMBL5141608,Inhibition of full length Nano-luc fused PKMYT1 in human HEK-293T cells incubated for 2 hrs by cell based NanoBRET target engagement assay,B,,,BAO_0000190,BAO_0000219,cell-based format,Cc1ccc(O)c(C)c1-n1c(N)c(C(N)=O)c2nc(C(C)(C)O)cnc21,,,CHEMBL5137074,J Med Chem,2022,"{'bei': '21.49', 'le': '0.40', 'lle': '5.99', 'sei': '5.45'}",,CHEMBL5179743,,CHEMBL5179743,7.64,0,http://www.openphacts.org/units/Nanomolar,3877400,=,1,1,=,,IC50,nM,,23,CHEMBL3984,Homo sapiens,Membrane-associated tyrosine- and threonine-specific cdc2-inhibitory kinase,9606,,,IC50,uM,UO_0000065,,0.023,7.638272164
"{'action_type': 'INHIBITOR', 'description': 'Negatively effects (inhibits) the normal functioning of the protein e.g., prevention of enzymatic reaction or activation of downstream pathway', 'parent_type': 'NEGATIVE MODULATOR'}",,24826111,"[{'comments': None, 'relation': '=', 'result_flag': 0, 'standard_relation': '=', 'standard_text_value': None, 'standard_type': 'TIME', 'standard_units': 'hr', 'standard_value': '2.0', 'text_value': None, 'type': 'Time', 'units': 'hrs', 'value': '2.0'}]",CHEMBL5141608,Inhibition of full length Nano-luc fused PKMYT1 in human HEK-293T cells incubated for 2 hrs by cell based NanoBRET target engagement assay,B,,,BAO_0000190,BAO_0000219,cell-based format,Cc1cnc2c(c1)c(C(N)=O)c(N)n2-c1c(C)ccc(O)c1C,,,CHEMBL5137074,J Med Chem,2022,"{'bei': '29.00', 'le': '0.53', 'lle': '6.66', 'sei': '8.40'}",,CHEMBL5174684,,CHEMBL5174684,9,0,http://www.openphacts.org/units/Nanomolar,3877404,=,1,1,=,,IC50,nM,,1,CHEMBL3984,Homo sapiens,Membrane-associated tyrosine- and threonine-specific cdc2-inhibitory kinase,9606,,,IC50,uM,UO_0000065,,0.001,9
"{'action_type': 'INHIBITOR', 'description': 'Negatively effects (inhibits) the normal functioning of the protein e.g., prevention of enzymatic reaction or activation of downstream pathway', 'parent_type': 'NEGATIVE MODULATOR'}",,24826112,"[{'comments': None, 'relation': '=', 'result_flag': 0, 'standard_relation': '=', 'standard_text_value': None, 'standard_type': 'TIME', 'standard_units': 'hr', 'standard_value': '2.0', 'text_value': None, 'type': 'Time', 'units': 'hrs', 'value': '2.0'}]",CHEMBL5141608,Inhibition of full length Nano-luc fused PKMYT1 in human HEK-293T cells incubated for 2 hrs by cell based NanoBRET target engagement assay,B,,,BAO_0000190,BAO_0000219,cell-based format,Cc1ccc(O)c(C)c1-n1c(N)c(C(N)=O)c2cc(Cl)cnc21,,,CHEMBL5137074,J Med Chem,2022,"{'bei': '27.21', 'le': '0.53', 'lle': '6.32', 'sei': '8.40'}",,CHEMBL5196713,,CHEMBL5196713,9,0,http://www.openphacts.org/units/Nanomolar,3877405,=,1,1,=,,IC50,nM,,1,CHEMBL3984,Homo sapiens,Membrane-associated tyrosine- and threonine-specific cdc2-inhibitory kinase,9606,,,IC50,uM,UO_0000065,,0.001,9
"{'action_type': 'INHIBITOR', 'description': 'Negatively effects (inhibits) the normal functioning of the protein e.g., prevention of enzymatic reaction or activation of downstream pathway', 'parent_type': 'NEGATIVE MODULATOR'}",,24826113,"[{'comments': None, 'relation': '=', 'result_flag': 0, 'standard_relation': '=', 'standard_text_value': None, 'standard_type': 'TIME', 'standard_units': 'hr', 'standard_value': '2.0', 'text_value': None, 'type': 'Time', 'units': 'hrs', 'value': '2.0'}]",CHEMBL5141608,Inhibition of full length Nano-luc fused PKMYT1 in human HEK-293T cells incubated for 2 hrs by cell based NanoBRET target engagement assay,B,,,BAO_0000190,BAO_0000219,cell-based format,Cc1ccc(O)c(C)c1-n1c(N)c(C(N)=O)c2cc(C3CC3)cnc21,,,CHEMBL5137074,J Med Chem,2022,"{'bei': '25.34', 'le': '0.47', 'lle': '5.61', 'sei': '7.95'}",,CHEMBL5190904,,CHEMBL5190904,8.52,0,http://www.openphacts.org/units/Nanomolar,3877406,=,1,1,=,,IC50,nM,,3,CHEMBL3984,Homo sapiens,Membrane-associated tyrosine- and threonine-specific cdc2-inhibitory kinase,9606,,,IC50,uM,UO_0000065,,0.003,8.522878745
"{'action_type': 'INHIBITOR', 'description': 'Negatively effects (inhibits) the normal functioning of the protein e.g., prevention of enzymatic reaction or activation of downstream pathway', 'parent_type': 'NEGATIVE MODULATOR'}",,24826114,"[{'comments': None, 'relation': '=', 'result_flag': 0, 'standard_relation': '=', 'standard_text_value': None, 'standard_type': 'TIME', 'standard_units': 'hr', 'standard_value': '2.0', 'text_value': None, 'type': 'Time', 'units': 'hrs', 'value': '2.0'}]",CHEMBL5141608,Inhibition of full length Nano-luc fused PKMYT1 in human HEK-293T cells incubated for 2 hrs by cell based NanoBRET target engagement assay,B,,,BAO_0000190,BAO_0000219,cell-based format,Cc1cc2c(C(N)=O)c(N)n(-c3c(C)ccc(O)c3C)c2nc1C,,,CHEMBL5137074,J Med Chem,2022,"{'bei': '26.82', 'le': '0.50', 'lle': '6.05', 'sei': '8.12'}",,CHEMBL5199076,LUNRESERTIB,CHEMBL5199076,8.7,0,http://www.openphacts.org/units/Nanomolar,3877408,=,1,1,=,,IC50,nM,,2,CHEMBL3984,Homo sapiens,Membrane-associated tyrosine- and threonine-specific cdc2-inhibitory kinase,9606,,,IC50,uM,UO_0000065,,0.002,8.698970004
"{'action_type': 'INHIBITOR', 'description': 'Negatively effects (inhibits) the normal functioning of the protein e.g., prevention of enzymatic reaction or activation of downstream pathway', 'parent_type': 'NEGATIVE MODULATOR'}",,26047851,"[{'comments': None, 'relation': '=', 'result_flag': 0, 'standard_relation': '=', 'standard_text_value': None, 'standard_type': 'TIME', 'standard_units': 'hr', 'standard_value': '1.25', 'text_value': None, 'type': 'TIME', 'units': 'min', 'value': '75.0'}]",CHEMBL5588046,Inhibition of recombinant human GST-tagged PKMYT1 (75 to 362 residues) expressed in insect cells using GTDEGIYDVPLLG as substrate preincubated for 15 mins followed by substrate and ATP addition and measured after 1 hr by ADP-Glo kinase assay,B,,,BAO_0000190,BAO_0000219,cell-based format,Cc1ccc(O)c(C)c1-c1cc(-c2ccncc2)cc(C(N)=O)c1N,,,CHEMBL5584337,J Med Chem,2024,"{'bei': '20.99', 'le': '0.38', 'lle': '3.58', 'sei': '6.84'}",,CHEMBL5597456,,CHEMBL5597456,7,0,http://www.openphacts.org/units/Nanomolar,4096574,=,1,1,=,,IC50,nM,,100.8,CHEMBL3984,Homo sapiens,Membrane-associated tyrosine- and threonine-specific cdc2-inhibitory kinase,9606,,,IC50,nM,UO_0000065,,100.8,6.996539468
"{'action_type': 'INHIBITOR', 'description': 'Negatively effects (inhibits) the normal functioning of the protein e.g., prevention of enzymatic reaction or activation of downstream pathway', 'parent_type': 'NEGATIVE MODULATOR'}",,26047852,"[{'comments': None, 'relation': '=', 'result_flag': 0, 'standard_relation': '=', 'standard_text_value': None, 'standard_type': 'TIME', 'standard_units': 'hr', 'standard_value': '1.25', 'text_value': None, 'type': 'TIME', 'units': 'min', 'value': '75.0'}]",CHEMBL5588046,Inhibition of recombinant human GST-tagged PKMYT1 (75 to 362 residues) expressed in insect cells using GTDEGIYDVPLLG as substrate preincubated for 15 mins followed by substrate and ATP addition and measured after 1 hr by ADP-Glo kinase assay,B,,,BAO_0000190,BAO_0000219,cell-based format,Cc1cc2c(C(N)=O)c(N)n(-c3c(C)ccc(O)c3C)c2nc1C,,,CHEMBL5584337,J Med Chem,2024,"{'bei': '24.90', 'le': '0.46', 'lle': '5.43', 'sei': '7.54'}",,CHEMBL5199076,LUNRESERTIB,CHEMBL5199076,8.08,0,http://www.openphacts.org/units/Nanomolar,4096582,=,1,1,=,,IC50,nM,,8.4,CHEMBL3984,Homo sapiens,Membrane-associated tyrosine- and threonine-specific cdc2-inhibitory kinase,9606,,,IC50,nM,UO_0000065,,8.4,8.075720714
"{'action_type': 'INHIBITOR', 'description': 'Negatively effects (inhibits) the normal functioning of the protein e.g., prevention of enzymatic reaction or activation of downstream pathway', 'parent_type': 'NEGATIVE MODULATOR'}",,26047853,"[{'comments': None, 'relation': '=', 'result_flag': 0, 'standard_relation': '=', 'standard_text_value': None, 'standard_type': 'TIME', 'standard_units': 'hr', 'standard_value': '1.25', 'text_value': None, 'type': 'TIME', 'units': 'min', 'value': '75.0'}]",CHEMBL5588046,Inhibition of recombinant human GST-tagged PKMYT1 (75 to 362 residues) expressed in insect cells using GTDEGIYDVPLLG as substrate preincubated for 15 mins followed by substrate and ATP addition and measured after 1 hr by ADP-Glo kinase assay,B,,,BAO_0000190,BAO_0000219,cell-based format,Cc1ccc(O)c(C)c1-c1cc(-c2cc(F)nc(N3CC[C@@H](N)C3)c2)cc(C(N)=O)c1N,,,CHEMBL5584337,J Med Chem,2024,"{'bei': '17.87', 'le': '0.33', 'lle': '4.68', 'sei': '5.92'}",,CHEMBL5598020,,CHEMBL5598020,7.78,0,http://www.openphacts.org/units/Nanomolar,4096555,=,1,1,=,,IC50,nM,,16.5,CHEMBL3984,Homo sapiens,Membrane-associated tyrosine- and threonine-specific cdc2-inhibitory kinase,9606,,,IC50,nM,UO_0000065,,16.5,7.782516056
,,26270377,[],CHEMBL5675296,Inhibition of human PKMYT1 by discoverX kinome scan assay,B,,,BAO_0000190,BAO_0000357,single protein format,Cc1cn(CCN2CCN(c3ccccc3-c3cc(C#N)cc(C(=O)NCCCN4CCCC4)c3)CC2)c2ccccc12,,,CHEMBL5674866,J Biol Chem,2015,,,CHEMBL3414623,,CHEMBL3414623,,0,http://www.openphacts.org/units/Nanomolar,4139421,>,72,1,>,,IC50,nM,,20000,CHEMBL3984,Homo sapiens,Membrane-associated tyrosine- and threonine-specific cdc2-inhibitory kinase,9606,,,IC50,uM,UO_0000065,,20,4.698970004
,1169498,28697660,[],CHEMBL5738087,"HotSpot Kinase Assay: PKMYT1: Inhibition of PKMYT1 kinase activity by test compounds was measured by the HotSpot Kinase Assay at Reaction Biology Corporation (Malvern, Pa.). Briefly, Myelin Basic Protein substrate was prepared in Reaction Buffer (20 mM Hepes (pH 7.5), 10 mM MgCl2, 1 mM EGTA, 0.01% Brij35, 0.02 mg/mL BSA, 0.1 mM Na3VO4, 2 mM DTT, 1% DMSO). PKMYT1 kinase was delivered into the substrate solution and gently mixed. Test compounds in 100% DMSO were added into the kinase reaction mixture by Acoustic technology (Echo550; nanoliter range) and incubated for 20 min at room temperature. 33P-ATP was delivered into the reaction mixture to initiate the reaction. Reactions were carried out at 10 μM ATP. After a 2 hour incubation at room temperature, kinase activity was detected by P81 filter-binding method. Compounds were tested in 10-dose IC50 mode with a 3-fold serial dilution.",B,,,BAO_0000190,BAO_0000357,single protein format,CC(C)n1c(=O)c2cnc(Nc3ccc4c(c3)CCNC4)nc2n1-c1ccc(F)c(C(C)(C)F)n1,,,CHEMBL5729109,,2022,"{'bei': '10.81', 'le': '0.20', 'lle': '0.89', 'sei': '5.78'}",,CHEMBL4873633,,CHEMBL4873633,5.18,1,http://www.openphacts.org/units/Nanomolar,4572350,=,37,1,=,,IC50,nM,,6570,CHEMBL3984,Homo sapiens,Membrane-associated tyrosine- and threonine-specific cdc2-inhibitory kinase,9606,,,IC50,nM,UO_0000065,,6570,5.18243463
,1169499,28697663,[],CHEMBL5738087,"HotSpot Kinase Assay: PKMYT1: Inhibition of PKMYT1 kinase activity by test compounds was measured by the HotSpot Kinase Assay at Reaction Biology Corporation (Malvern, Pa.). Briefly, Myelin Basic Protein substrate was prepared in Reaction Buffer (20 mM Hepes (pH 7.5), 10 mM MgCl2, 1 mM EGTA, 0.01% Brij35, 0.02 mg/mL BSA, 0.1 mM Na3VO4, 2 mM DTT, 1% DMSO). PKMYT1 kinase was delivered into the substrate solution and gently mixed. Test compounds in 100% DMSO were added into the kinase reaction mixture by Acoustic technology (Echo550; nanoliter range) and incubated for 20 min at room temperature. 33P-ATP was delivered into the reaction mixture to initiate the reaction. Reactions were carried out at 10 μM ATP. After a 2 hour incubation at room temperature, kinase activity was detected by P81 filter-binding method. Compounds were tested in 10-dose IC50 mode with a 3-fold serial dilution.",B,,,BAO_0000190,BAO_0000357,single protein format,CC(C)(F)c1nc(-n2c3nc(Nc4ccc5c(c4)CCNC5)ncc3c(=O)n2C2CC2)ccc1F,,,CHEMBL5729109,,2022,"{'bei': '10.45', 'le': '0.19', 'lle': '0.94', 'sei': '5.57'}",,CHEMBL4878176,,CHEMBL4878176,4.99,1,http://www.openphacts.org/units/Nanomolar,4572351,=,37,1,=,,IC50,nM,,10200,CHEMBL3984,Homo sapiens,Membrane-associated tyrosine- and threonine-specific cdc2-inhibitory kinase,9606,,,IC50,nM,UO_0000065,,10200,4.991399828
,1169500,28697666,[],CHEMBL5738087,"HotSpot Kinase Assay: PKMYT1: Inhibition of PKMYT1 kinase activity by test compounds was measured by the HotSpot Kinase Assay at Reaction Biology Corporation (Malvern, Pa.). Briefly, Myelin Basic Protein substrate was prepared in Reaction Buffer (20 mM Hepes (pH 7.5), 10 mM MgCl2, 1 mM EGTA, 0.01% Brij35, 0.02 mg/mL BSA, 0.1 mM Na3VO4, 2 mM DTT, 1% DMSO). PKMYT1 kinase was delivered into the substrate solution and gently mixed. Test compounds in 100% DMSO were added into the kinase reaction mixture by Acoustic technology (Echo550; nanoliter range) and incubated for 20 min at room temperature. 33P-ATP was delivered into the reaction mixture to initiate the reaction. Reactions were carried out at 10 μM ATP. After a 2 hour incubation at room temperature, kinase activity was detected by P81 filter-binding method. Compounds were tested in 10-dose IC50 mode with a 3-fold serial dilution.",B,,,BAO_0000190,BAO_0000357,single protein format,CC(C)n1c(=O)c2cnc(Nc3ccc4c(c3)CNCC4)nc2n1-c1ccc(F)c(C(C)(C)F)n1,,,CHEMBL5729109,,2022,"{'bei': '9.90', 'le': '0.19', 'lle': '0.46', 'sei': '5.30'}",,CHEMBL4852723,,CHEMBL4852723,4.75,1,http://www.openphacts.org/units/Nanomolar,4572352,=,37,1,=,,IC50,nM,,17800,CHEMBL3984,Homo sapiens,Membrane-associated tyrosine- and threonine-specific cdc2-inhibitory kinase,9606,,,IC50,nM,UO_0000065,,17800,4.749579998
,1169501,28697669,[],CHEMBL5738087,"HotSpot Kinase Assay: PKMYT1: Inhibition of PKMYT1 kinase activity by test compounds was measured by the HotSpot Kinase Assay at Reaction Biology Corporation (Malvern, Pa.). Briefly, Myelin Basic Protein substrate was prepared in Reaction Buffer (20 mM Hepes (pH 7.5), 10 mM MgCl2, 1 mM EGTA, 0.01% Brij35, 0.02 mg/mL BSA, 0.1 mM Na3VO4, 2 mM DTT, 1% DMSO). PKMYT1 kinase was delivered into the substrate solution and gently mixed. Test compounds in 100% DMSO were added into the kinase reaction mixture by Acoustic technology (Echo550; nanoliter range) and incubated for 20 min at room temperature. 33P-ATP was delivered into the reaction mixture to initiate the reaction. Reactions were carried out at 10 μM ATP. After a 2 hour incubation at room temperature, kinase activity was detected by P81 filter-binding method. Compounds were tested in 10-dose IC50 mode with a 3-fold serial dilution.",B,,,BAO_0000190,BAO_0000357,single protein format,CC(C)(F)c1nc(-n2c3nc(Nc4ccc5c(c4)CCNC5(C)C)ncc3c(=O)n2C2CC2)ccc1F,,,CHEMBL5729109,,2022,"{'bei': '10.40', 'le': '0.19', 'lle': '0.48', 'sei': '5.87'}",,CHEMBL4869534,,CHEMBL4869534,5.26,1,http://www.openphacts.org/units/Nanomolar,4572353,=,37,1,=,,IC50,nM,,5500,CHEMBL3984,Homo sapiens,Membrane-associated tyrosine- and threonine-specific cdc2-inhibitory kinase,9606,,,IC50,nM,UO_0000065,,5500,5.259637311
,1169502,28697672,[],CHEMBL5738087,"HotSpot Kinase Assay: PKMYT1: Inhibition of PKMYT1 kinase activity by test compounds was measured by the HotSpot Kinase Assay at Reaction Biology Corporation (Malvern, Pa.). Briefly, Myelin Basic Protein substrate was prepared in Reaction Buffer (20 mM Hepes (pH 7.5), 10 mM MgCl2, 1 mM EGTA, 0.01% Brij35, 0.02 mg/mL BSA, 0.1 mM Na3VO4, 2 mM DTT, 1% DMSO). PKMYT1 kinase was delivered into the substrate solution and gently mixed. Test compounds in 100% DMSO were added into the kinase reaction mixture by Acoustic technology (Echo550; nanoliter range) and incubated for 20 min at room temperature. 33P-ATP was delivered into the reaction mixture to initiate the reaction. Reactions were carried out at 10 μM ATP. After a 2 hour incubation at room temperature, kinase activity was detected by P81 filter-binding method. Compounds were tested in 10-dose IC50 mode with a 3-fold serial dilution.",B,,,BAO_0000190,BAO_0000357,single protein format,N#CC1(c2cccc(-n3c4nc(Nc5ccc6c(c5)CNCC6)ncc4c(=O)n3CC(F)(F)F)n2)CC1,,,CHEMBL5729109,,2022,"{'bei': '12.07', 'le': '0.23', 'lle': '2.64', 'sei': '5.39'}",,CHEMBL4854253,,CHEMBL4854253,6.12,1,http://www.openphacts.org/units/Nanomolar,4572354,=,37,1,=,,IC50,nM,,767,CHEMBL3984,Homo sapiens,Membrane-associated tyrosine- and threonine-specific cdc2-inhibitory kinase,9606,,,IC50,nM,UO_0000065,,767,6.115204636
,1169503,28697675,[],CHEMBL5738087,"HotSpot Kinase Assay: PKMYT1: Inhibition of PKMYT1 kinase activity by test compounds was measured by the HotSpot Kinase Assay at Reaction Biology Corporation (Malvern, Pa.). Briefly, Myelin Basic Protein substrate was prepared in Reaction Buffer (20 mM Hepes (pH 7.5), 10 mM MgCl2, 1 mM EGTA, 0.01% Brij35, 0.02 mg/mL BSA, 0.1 mM Na3VO4, 2 mM DTT, 1% DMSO). PKMYT1 kinase was delivered into the substrate solution and gently mixed. Test compounds in 100% DMSO were added into the kinase reaction mixture by Acoustic technology (Echo550; nanoliter range) and incubated for 20 min at room temperature. 33P-ATP was delivered into the reaction mixture to initiate the reaction. Reactions were carried out at 10 μM ATP. After a 2 hour incubation at room temperature, kinase activity was detected by P81 filter-binding method. Compounds were tested in 10-dose IC50 mode with a 3-fold serial dilution.",B,,,BAO_0000190,BAO_0000357,single protein format,CCn1c(=O)c2cnc(Nc3ccc4c(c3)CCNC4)nc2n1-c1cccc(C2(C#N)CC2)n1,,,CHEMBL5729109,,2022,"{'bei': '13.61', 'le': '0.25', 'lle': '3.22', 'sei': '5.43'}",,CHEMBL4878169,,CHEMBL4878169,6.16,1,http://www.openphacts.org/units/Nanomolar,4572355,=,37,1,=,,IC50,nM,,691,CHEMBL3984,Homo sapiens,Membrane-associated tyrosine- and threonine-specific cdc2-inhibitory kinase,9606,,,IC50,nM,UO_0000065,,691,6.160521953
,1169504,28697678,[],CHEMBL5738087,"HotSpot Kinase Assay: PKMYT1: Inhibition of PKMYT1 kinase activity by test compounds was measured by the HotSpot Kinase Assay at Reaction Biology Corporation (Malvern, Pa.). Briefly, Myelin Basic Protein substrate was prepared in Reaction Buffer (20 mM Hepes (pH 7.5), 10 mM MgCl2, 1 mM EGTA, 0.01% Brij35, 0.02 mg/mL BSA, 0.1 mM Na3VO4, 2 mM DTT, 1% DMSO). PKMYT1 kinase was delivered into the substrate solution and gently mixed. Test compounds in 100% DMSO were added into the kinase reaction mixture by Acoustic technology (Echo550; nanoliter range) and incubated for 20 min at room temperature. 33P-ATP was delivered into the reaction mixture to initiate the reaction. Reactions were carried out at 10 μM ATP. After a 2 hour incubation at room temperature, kinase activity was detected by P81 filter-binding method. Compounds were tested in 10-dose IC50 mode with a 3-fold serial dilution.",B,,,BAO_0000190,BAO_0000357,single protein format,CCn1c(=O)c2cnc(Nc3ccc4c(c3)CNCC4)nc2n1-c1cccc(C2(C#N)CC2)n1,,,CHEMBL5729109,,2022,"{'bei': '14.70', 'le': '0.27', 'lle': '3.71', 'sei': '5.86'}",,CHEMBL4866501,,CHEMBL4866501,6.65,1,http://www.openphacts.org/units/Nanomolar,4572356,=,37,1,=,,IC50,nM,,223,CHEMBL3984,Homo sapiens,Membrane-associated tyrosine- and threonine-specific cdc2-inhibitory kinase,9606,,,IC50,nM,UO_0000065,,223,6.651695137
,1169505,28697681,[],CHEMBL5738087,"HotSpot Kinase Assay: PKMYT1: Inhibition of PKMYT1 kinase activity by test compounds was measured by the HotSpot Kinase Assay at Reaction Biology Corporation (Malvern, Pa.). Briefly, Myelin Basic Protein substrate was prepared in Reaction Buffer (20 mM Hepes (pH 7.5), 10 mM MgCl2, 1 mM EGTA, 0.01% Brij35, 0.02 mg/mL BSA, 0.1 mM Na3VO4, 2 mM DTT, 1% DMSO). PKMYT1 kinase was delivered into the substrate solution and gently mixed. Test compounds in 100% DMSO were added into the kinase reaction mixture by Acoustic technology (Echo550; nanoliter range) and incubated for 20 min at room temperature. 33P-ATP was delivered into the reaction mixture to initiate the reaction. Reactions were carried out at 10 μM ATP. After a 2 hour incubation at room temperature, kinase activity was detected by P81 filter-binding method. Compounds were tested in 10-dose IC50 mode with a 3-fold serial dilution.",B,,,BAO_0000190,BAO_0000357,single protein format,CCn1c(=O)c2cnc(Nc3ccc4c(c3)CNCC4(C)C)nc2n1-c1cccc(C2(C#N)CC2)n1,,,CHEMBL5729109,,2022,"{'bei': '14.39', 'le': '0.26', 'lle': '3.24', 'sei': '6.10'}",,CHEMBL4850280,,CHEMBL4850280,6.92,1,http://www.openphacts.org/units/Nanomolar,4572358,=,37,1,=,,IC50,nM,,121,CHEMBL3984,Homo sapiens,Membrane-associated tyrosine- and threonine-specific cdc2-inhibitory kinase,9606,,,IC50,nM,UO_0000065,,121,6.91721463
,1169506,28697684,[],CHEMBL5738087,"HotSpot Kinase Assay: PKMYT1: Inhibition of PKMYT1 kinase activity by test compounds was measured by the HotSpot Kinase Assay at Reaction Biology Corporation (Malvern, Pa.). Briefly, Myelin Basic Protein substrate was prepared in Reaction Buffer (20 mM Hepes (pH 7.5), 10 mM MgCl2, 1 mM EGTA, 0.01% Brij35, 0.02 mg/mL BSA, 0.1 mM Na3VO4, 2 mM DTT, 1% DMSO). PKMYT1 kinase was delivered into the substrate solution and gently mixed. Test compounds in 100% DMSO were added into the kinase reaction mixture by Acoustic technology (Echo550; nanoliter range) and incubated for 20 min at room temperature. 33P-ATP was delivered into the reaction mixture to initiate the reaction. Reactions were carried out at 10 μM ATP. After a 2 hour incubation at room temperature, kinase activity was detected by P81 filter-binding method. Compounds were tested in 10-dose IC50 mode with a 3-fold serial dilution.",B,,,BAO_0000190,BAO_0000357,single protein format,CC(C)n1c(=O)c2cnc(Nc3ccc4c(c3)CCNC4)nc2n1-c1cccc(C2(C#N)CC2)n1,,,CHEMBL5729109,,2022,"{'bei': '11.25', 'le': '0.20', 'lle': '1.75', 'sei': '4.63'}",,CHEMBL4870383,,CHEMBL4870383,5.25,1,http://www.openphacts.org/units/Nanomolar,4572360,=,37,1,=,,IC50,nM,,5630,CHEMBL3984,Homo sapiens,Membrane-associated tyrosine- and threonine-specific cdc2-inhibitory kinase,9606,,,IC50,nM,UO_0000065,,5630,5.249491605
,1169507,28697687,[],CHEMBL5738087,"HotSpot Kinase Assay: PKMYT1: Inhibition of PKMYT1 kinase activity by test compounds was measured by the HotSpot Kinase Assay at Reaction Biology Corporation (Malvern, Pa.). Briefly, Myelin Basic Protein substrate was prepared in Reaction Buffer (20 mM Hepes (pH 7.5), 10 mM MgCl2, 1 mM EGTA, 0.01% Brij35, 0.02 mg/mL BSA, 0.1 mM Na3VO4, 2 mM DTT, 1% DMSO). PKMYT1 kinase was delivered into the substrate solution and gently mixed. Test compounds in 100% DMSO were added into the kinase reaction mixture by Acoustic technology (Echo550; nanoliter range) and incubated for 20 min at room temperature. 33P-ATP was delivered into the reaction mixture to initiate the reaction. Reactions were carried out at 10 μM ATP. After a 2 hour incubation at room temperature, kinase activity was detected by P81 filter-binding method. Compounds were tested in 10-dose IC50 mode with a 3-fold serial dilution.",B,,,BAO_0000190,BAO_0000357,single protein format,CC(C)n1c(=O)c2cnc(Nc3ccc4c(c3)CNCC4)nc2n1-c1cccc(C2(C#N)CC2)n1,,,CHEMBL5729109,,2022,"{'bei': '12.71', 'le': '0.23', 'lle': '2.43', 'sei': '5.23'}",,CHEMBL4848944,,CHEMBL4848944,5.93,1,http://www.openphacts.org/units/Nanomolar,4572361,=,37,1,=,,IC50,nM,,1170,CHEMBL3984,Homo sapiens,Membrane-associated tyrosine- and threonine-specific cdc2-inhibitory kinase,9606,,,IC50,nM,UO_0000065,,1170,5.931814138
,1169508,28697690,[],CHEMBL5738087,"HotSpot Kinase Assay: PKMYT1: Inhibition of PKMYT1 kinase activity by test compounds was measured by the HotSpot Kinase Assay at Reaction Biology Corporation (Malvern, Pa.). Briefly, Myelin Basic Protein substrate was prepared in Reaction Buffer (20 mM Hepes (pH 7.5), 10 mM MgCl2, 1 mM EGTA, 0.01% Brij35, 0.02 mg/mL BSA, 0.1 mM Na3VO4, 2 mM DTT, 1% DMSO). PKMYT1 kinase was delivered into the substrate solution and gently mixed. Test compounds in 100% DMSO were added into the kinase reaction mixture by Acoustic technology (Echo550; nanoliter range) and incubated for 20 min at room temperature. 33P-ATP was delivered into the reaction mixture to initiate the reaction. Reactions were carried out at 10 μM ATP. After a 2 hour incubation at room temperature, kinase activity was detected by P81 filter-binding method. Compounds were tested in 10-dose IC50 mode with a 3-fold serial dilution.",B,,,BAO_0000190,BAO_0000357,single protein format,CC(C)n1c(=O)c2cnc(Nc3ccc4c(c3)CCNC4(C)C)nc2n1-c1cccc(C2(C#N)CC2)n1,,,CHEMBL5729109,,2022,"{'bei': '11.75', 'le': '0.21', 'lle': '1.57', 'sei': '5.12'}",,CHEMBL4872330,,CHEMBL4872330,5.81,1,http://www.openphacts.org/units/Nanomolar,4572362,=,37,1,=,,IC50,nM,,1540,CHEMBL3984,Homo sapiens,Membrane-associated tyrosine- and threonine-specific cdc2-inhibitory kinase,9606,,,IC50,nM,UO_0000065,,1540,5.812479279
,1169509,28697693,[],CHEMBL5738087,"HotSpot Kinase Assay: PKMYT1: Inhibition of PKMYT1 kinase activity by test compounds was measured by the HotSpot Kinase Assay at Reaction Biology Corporation (Malvern, Pa.). Briefly, Myelin Basic Protein substrate was prepared in Reaction Buffer (20 mM Hepes (pH 7.5), 10 mM MgCl2, 1 mM EGTA, 0.01% Brij35, 0.02 mg/mL BSA, 0.1 mM Na3VO4, 2 mM DTT, 1% DMSO). PKMYT1 kinase was delivered into the substrate solution and gently mixed. Test compounds in 100% DMSO were added into the kinase reaction mixture by Acoustic technology (Echo550; nanoliter range) and incubated for 20 min at room temperature. 33P-ATP was delivered into the reaction mixture to initiate the reaction. Reactions were carried out at 10 μM ATP. After a 2 hour incubation at room temperature, kinase activity was detected by P81 filter-binding method. Compounds were tested in 10-dose IC50 mode with a 3-fold serial dilution.",B,,,BAO_0000190,BAO_0000357,single protein format,CC(C)n1c(=O)c2cnc(Nc3ccc4c(c3)CCNC4)nc2n1-c1ccnc(C2(C#N)CC2)c1,,,CHEMBL5729109,,2022,"{'bei': '11.87', 'le': '0.22', 'lle': '2.04', 'sei': '4.88'}",,CHEMBL4855151,,CHEMBL4855151,5.54,1,http://www.openphacts.org/units/Nanomolar,4572364,=,37,1,=,,IC50,nM,,2900,CHEMBL3984,Homo sapiens,Membrane-associated tyrosine- and threonine-specific cdc2-inhibitory kinase,9606,,,IC50,nM,UO_0000065,,2900,5.537602002
,1169510,28697696,[],CHEMBL5738087,"HotSpot Kinase Assay: PKMYT1: Inhibition of PKMYT1 kinase activity by test compounds was measured by the HotSpot Kinase Assay at Reaction Biology Corporation (Malvern, Pa.). Briefly, Myelin Basic Protein substrate was prepared in Reaction Buffer (20 mM Hepes (pH 7.5), 10 mM MgCl2, 1 mM EGTA, 0.01% Brij35, 0.02 mg/mL BSA, 0.1 mM Na3VO4, 2 mM DTT, 1% DMSO). PKMYT1 kinase was delivered into the substrate solution and gently mixed. Test compounds in 100% DMSO were added into the kinase reaction mixture by Acoustic technology (Echo550; nanoliter range) and incubated for 20 min at room temperature. 33P-ATP was delivered into the reaction mixture to initiate the reaction. Reactions were carried out at 10 μM ATP. After a 2 hour incubation at room temperature, kinase activity was detected by P81 filter-binding method. Compounds were tested in 10-dose IC50 mode with a 3-fold serial dilution.",B,,,BAO_0000190,BAO_0000357,single protein format,CCn1c(=O)c2cnc(Nc3ccc4c(c3)CNCC4)nc2n1-c1cccc(C2(CF)CC2)n1,,,CHEMBL5729109,,2022,"{'bei': '11.70', 'le': '0.22', 'lle': '1.99', 'sei': '6.00'}",,CHEMBL4861984,,CHEMBL4861984,5.38,1,http://www.openphacts.org/units/Nanomolar,4572365,=,37,1,=,,IC50,nM,,4200,CHEMBL3984,Homo sapiens,Membrane-associated tyrosine- and threonine-specific cdc2-inhibitory kinase,9606,,,IC50,nM,UO_0000065,,4200,5.37675071
,1169511,28697699,[],CHEMBL5738087,"HotSpot Kinase Assay: PKMYT1: Inhibition of PKMYT1 kinase activity by test compounds was measured by the HotSpot Kinase Assay at Reaction Biology Corporation (Malvern, Pa.). Briefly, Myelin Basic Protein substrate was prepared in Reaction Buffer (20 mM Hepes (pH 7.5), 10 mM MgCl2, 1 mM EGTA, 0.01% Brij35, 0.02 mg/mL BSA, 0.1 mM Na3VO4, 2 mM DTT, 1% DMSO). PKMYT1 kinase was delivered into the substrate solution and gently mixed. Test compounds in 100% DMSO were added into the kinase reaction mixture by Acoustic technology (Echo550; nanoliter range) and incubated for 20 min at room temperature. 33P-ATP was delivered into the reaction mixture to initiate the reaction. Reactions were carried out at 10 μM ATP. After a 2 hour incubation at room temperature, kinase activity was detected by P81 filter-binding method. Compounds were tested in 10-dose IC50 mode with a 3-fold serial dilution.",B,,,BAO_0000190,BAO_0000357,single protein format,CC(C)n1c(=O)c2cnc(Nc3ccc4c(c3)CCNC4)nc2n1-c1cccc(C2(CF)CC2)n1,,,CHEMBL5729109,,2022,"{'bei': '10.90', 'le': '0.20', 'lle': '1.21', 'sei': '5.75'}",,CHEMBL4872553,,CHEMBL4872553,5.16,1,http://www.openphacts.org/units/Nanomolar,4572366,=,37,1,=,,IC50,nM,,6920,CHEMBL3984,Homo sapiens,Membrane-associated tyrosine- and threonine-specific cdc2-inhibitory kinase,9606,,,IC50,nM,UO_0000065,,6920,5.159893906
,1169512,28697702,[],CHEMBL5738087,"HotSpot Kinase Assay: PKMYT1: Inhibition of PKMYT1 kinase activity by test compounds was measured by the HotSpot Kinase Assay at Reaction Biology Corporation (Malvern, Pa.). Briefly, Myelin Basic Protein substrate was prepared in Reaction Buffer (20 mM Hepes (pH 7.5), 10 mM MgCl2, 1 mM EGTA, 0.01% Brij35, 0.02 mg/mL BSA, 0.1 mM Na3VO4, 2 mM DTT, 1% DMSO). PKMYT1 kinase was delivered into the substrate solution and gently mixed. Test compounds in 100% DMSO were added into the kinase reaction mixture by Acoustic technology (Echo550; nanoliter range) and incubated for 20 min at room temperature. 33P-ATP was delivered into the reaction mixture to initiate the reaction. Reactions were carried out at 10 μM ATP. After a 2 hour incubation at room temperature, kinase activity was detected by P81 filter-binding method. Compounds were tested in 10-dose IC50 mode with a 3-fold serial dilution.",B,,,BAO_0000190,BAO_0000357,single protein format,CCn1c(=O)c2cnc(Nc3ccc4c(c3)CNCC4)nc2n1-c1ccc(F)c(C(C)(C)F)n1,,,CHEMBL5729109,,2022,"{'bei': '12.14', 'le': '0.23', 'lle': '1.92', 'sei': '6.30'}",,CHEMBL4848608,,CHEMBL4848608,5.65,1,http://www.openphacts.org/units/Nanomolar,4572367,=,37,1,=,,IC50,nM,,2240,CHEMBL3984,Homo sapiens,Membrane-associated tyrosine- and threonine-specific cdc2-inhibitory kinase,9606,,,IC50,nM,UO_0000065,,2240,5.649751982
,1169513,28697705,[],CHEMBL5738087,"HotSpot Kinase Assay: PKMYT1: Inhibition of PKMYT1 kinase activity by test compounds was measured by the HotSpot Kinase Assay at Reaction Biology Corporation (Malvern, Pa.). Briefly, Myelin Basic Protein substrate was prepared in Reaction Buffer (20 mM Hepes (pH 7.5), 10 mM MgCl2, 1 mM EGTA, 0.01% Brij35, 0.02 mg/mL BSA, 0.1 mM Na3VO4, 2 mM DTT, 1% DMSO). PKMYT1 kinase was delivered into the substrate solution and gently mixed. Test compounds in 100% DMSO were added into the kinase reaction mixture by Acoustic technology (Echo550; nanoliter range) and incubated for 20 min at room temperature. 33P-ATP was delivered into the reaction mixture to initiate the reaction. Reactions were carried out at 10 μM ATP. After a 2 hour incubation at room temperature, kinase activity was detected by P81 filter-binding method. Compounds were tested in 10-dose IC50 mode with a 3-fold serial dilution.",B,,,BAO_0000190,BAO_0000357,single protein format,CC(C)n1c(=O)c2cnc(Nc3ccc4c(c3)CCNC4)nc2n1-c1ccc(F)c(C(C)(C)O)n1,,,CHEMBL5729109,,2022,"{'bei': '9.84', 'le': '0.18', 'lle': '1.39', 'sei': '4.27'}",,CHEMBL4875614,,CHEMBL4875614,4.7,1,http://www.openphacts.org/units/Nanomolar,4572368,=,37,1,=,,IC50,nM,,20100,CHEMBL3984,Homo sapiens,Membrane-associated tyrosine- and threonine-specific cdc2-inhibitory kinase,9606,,,IC50,nM,UO_0000065,,20100,4.696803943
,1169514,28697708,[],CHEMBL5738087,"HotSpot Kinase Assay: PKMYT1: Inhibition of PKMYT1 kinase activity by test compounds was measured by the HotSpot Kinase Assay at Reaction Biology Corporation (Malvern, Pa.). Briefly, Myelin Basic Protein substrate was prepared in Reaction Buffer (20 mM Hepes (pH 7.5), 10 mM MgCl2, 1 mM EGTA, 0.01% Brij35, 0.02 mg/mL BSA, 0.1 mM Na3VO4, 2 mM DTT, 1% DMSO). PKMYT1 kinase was delivered into the substrate solution and gently mixed. Test compounds in 100% DMSO were added into the kinase reaction mixture by Acoustic technology (Echo550; nanoliter range) and incubated for 20 min at room temperature. 33P-ATP was delivered into the reaction mixture to initiate the reaction. Reactions were carried out at 10 μM ATP. After a 2 hour incubation at room temperature, kinase activity was detected by P81 filter-binding method. Compounds were tested in 10-dose IC50 mode with a 3-fold serial dilution.",B,,,BAO_0000190,BAO_0000357,single protein format,CC(C)n1c(=O)c2cnc(Nc3ccc4c(c3)CNCC4)nc2n1-c1ccc(F)c(C(C)(C)O)n1,,,CHEMBL5729109,,2022,"{'bei': '10.20', 'le': '0.19', 'lle': '1.56', 'sei': '4.43'}",,CHEMBL4877216,,CHEMBL4877216,4.87,1,http://www.openphacts.org/units/Nanomolar,4572369,=,37,1,=,,IC50,nM,,13500,CHEMBL3984,Homo sapiens,Membrane-associated tyrosine- and threonine-specific cdc2-inhibitory kinase,9606,,,IC50,nM,UO_0000065,,13500,4.869666232
,1169515,28697711,[],CHEMBL5738087,"HotSpot Kinase Assay: PKMYT1: Inhibition of PKMYT1 kinase activity by test compounds was measured by the HotSpot Kinase Assay at Reaction Biology Corporation (Malvern, Pa.). Briefly, Myelin Basic Protein substrate was prepared in Reaction Buffer (20 mM Hepes (pH 7.5), 10 mM MgCl2, 1 mM EGTA, 0.01% Brij35, 0.02 mg/mL BSA, 0.1 mM Na3VO4, 2 mM DTT, 1% DMSO). PKMYT1 kinase was delivered into the substrate solution and gently mixed. Test compounds in 100% DMSO were added into the kinase reaction mixture by Acoustic technology (Echo550; nanoliter range) and incubated for 20 min at room temperature. 33P-ATP was delivered into the reaction mixture to initiate the reaction. Reactions were carried out at 10 μM ATP. After a 2 hour incubation at room temperature, kinase activity was detected by P81 filter-binding method. Compounds were tested in 10-dose IC50 mode with a 3-fold serial dilution.",B,,,BAO_0000190,BAO_0000357,single protein format,CC(C)n1c(=O)c2cnc(Nc3ccc4c(c3)CCNC4(C)C)nc2n1-c1ccc(F)c(C(C)(C)O)n1,,,CHEMBL5729109,,2022,"{'bei': '10.23', 'le': '0.19', 'lle': '1.12', 'sei': '4.71'}",,CHEMBL4855347,,CHEMBL4855347,5.17,1,http://www.openphacts.org/units/Nanomolar,4572370,=,37,1,=,,IC50,nM,,6690,CHEMBL3984,Homo sapiens,Membrane-associated tyrosine- and threonine-specific cdc2-inhibitory kinase,9606,,,IC50,nM,UO_0000065,,6690,5.174573882
,1169516,28697714,[],CHEMBL5738087,"HotSpot Kinase Assay: PKMYT1: Inhibition of PKMYT1 kinase activity by test compounds was measured by the HotSpot Kinase Assay at Reaction Biology Corporation (Malvern, Pa.). Briefly, Myelin Basic Protein substrate was prepared in Reaction Buffer (20 mM Hepes (pH 7.5), 10 mM MgCl2, 1 mM EGTA, 0.01% Brij35, 0.02 mg/mL BSA, 0.1 mM Na3VO4, 2 mM DTT, 1% DMSO). PKMYT1 kinase was delivered into the substrate solution and gently mixed. Test compounds in 100% DMSO were added into the kinase reaction mixture by Acoustic technology (Echo550; nanoliter range) and incubated for 20 min at room temperature. 33P-ATP was delivered into the reaction mixture to initiate the reaction. Reactions were carried out at 10 μM ATP. After a 2 hour incubation at room temperature, kinase activity was detected by P81 filter-binding method. Compounds were tested in 10-dose IC50 mode with a 3-fold serial dilution.",B,,,BAO_0000190,BAO_0000357,single protein format,CC(C)n1c(=O)c2cnc(Nc3ccc4c(c3)CNCC43CC3)nc2n1-c1ccc(F)c(C(C)(C)O)n1,,,CHEMBL5729109,,2022,"{'bei': '10.82', 'le': '0.20', 'lle': '1.65', 'sei': '4.96'}",,CHEMBL4855356,,CHEMBL4855356,5.45,1,http://www.openphacts.org/units/Nanomolar,4572371,=,37,1,=,,IC50,nM,,3560,CHEMBL3984,Homo sapiens,Membrane-associated tyrosine- and threonine-specific cdc2-inhibitory kinase,9606,,,IC50,nM,UO_0000065,,3560,5.448550002
,1169517,28697717,[],CHEMBL5738087,"HotSpot Kinase Assay: PKMYT1: Inhibition of PKMYT1 kinase activity by test compounds was measured by the HotSpot Kinase Assay at Reaction Biology Corporation (Malvern, Pa.). Briefly, Myelin Basic Protein substrate was prepared in Reaction Buffer (20 mM Hepes (pH 7.5), 10 mM MgCl2, 1 mM EGTA, 0.01% Brij35, 0.02 mg/mL BSA, 0.1 mM Na3VO4, 2 mM DTT, 1% DMSO). PKMYT1 kinase was delivered into the substrate solution and gently mixed. Test compounds in 100% DMSO were added into the kinase reaction mixture by Acoustic technology (Echo550; nanoliter range) and incubated for 20 min at room temperature. 33P-ATP was delivered into the reaction mixture to initiate the reaction. Reactions were carried out at 10 μM ATP. After a 2 hour incubation at room temperature, kinase activity was detected by P81 filter-binding method. Compounds were tested in 10-dose IC50 mode with a 3-fold serial dilution.",B,,,BAO_0000190,BAO_0000357,single protein format,CCn1c(=O)c2cnc(Nc3ccc4c(c3)CCNC4)nc2n1-c1ccc(F)c(C(C)(C)O)n1,,,CHEMBL5729109,,2022,"{'bei': '11.53', 'le': '0.21', 'lle': '2.59', 'sei': '4.86'}",,CHEMBL4852195,,CHEMBL4852195,5.34,1,http://www.openphacts.org/units/Nanomolar,4572372,=,37,1,=,,IC50,nM,,4540,CHEMBL3984,Homo sapiens,Membrane-associated tyrosine- and threonine-specific cdc2-inhibitory kinase,9606,,,IC50,nM,UO_0000065,,4540,5.342944147
,1169518,28697720,[],CHEMBL5738087,"HotSpot Kinase Assay: PKMYT1: Inhibition of PKMYT1 kinase activity by test compounds was measured by the HotSpot Kinase Assay at Reaction Biology Corporation (Malvern, Pa.). Briefly, Myelin Basic Protein substrate was prepared in Reaction Buffer (20 mM Hepes (pH 7.5), 10 mM MgCl2, 1 mM EGTA, 0.01% Brij35, 0.02 mg/mL BSA, 0.1 mM Na3VO4, 2 mM DTT, 1% DMSO). PKMYT1 kinase was delivered into the substrate solution and gently mixed. Test compounds in 100% DMSO were added into the kinase reaction mixture by Acoustic technology (Echo550; nanoliter range) and incubated for 20 min at room temperature. 33P-ATP was delivered into the reaction mixture to initiate the reaction. Reactions were carried out at 10 μM ATP. After a 2 hour incubation at room temperature, kinase activity was detected by P81 filter-binding method. Compounds were tested in 10-dose IC50 mode with a 3-fold serial dilution.",B,,,BAO_0000190,BAO_0000357,single protein format,CCn1c(=O)c2cnc(Nc3ccc4c(c3)CNCC4)nc2n1-c1ccc(F)c(C(C)(C)O)n1,,,CHEMBL5729109,,2022,"{'bei': '10.30', 'le': '0.19', 'lle': '2.02', 'sei': '4.34'}",,CHEMBL4848860,,CHEMBL4848860,4.78,1,http://www.openphacts.org/units/Nanomolar,4572373,=,37,1,=,,IC50,nM,,16800,CHEMBL3984,Homo sapiens,Membrane-associated tyrosine- and threonine-specific cdc2-inhibitory kinase,9606,,,IC50,nM,UO_0000065,,16800,4.774690718
,1169519,28697723,[],CHEMBL5738087,"HotSpot Kinase Assay: PKMYT1: Inhibition of PKMYT1 kinase activity by test compounds was measured by the HotSpot Kinase Assay at Reaction Biology Corporation (Malvern, Pa.). Briefly, Myelin Basic Protein substrate was prepared in Reaction Buffer (20 mM Hepes (pH 7.5), 10 mM MgCl2, 1 mM EGTA, 0.01% Brij35, 0.02 mg/mL BSA, 0.1 mM Na3VO4, 2 mM DTT, 1% DMSO). PKMYT1 kinase was delivered into the substrate solution and gently mixed. Test compounds in 100% DMSO were added into the kinase reaction mixture by Acoustic technology (Echo550; nanoliter range) and incubated for 20 min at room temperature. 33P-ATP was delivered into the reaction mixture to initiate the reaction. Reactions were carried out at 10 μM ATP. After a 2 hour incubation at room temperature, kinase activity was detected by P81 filter-binding method. Compounds were tested in 10-dose IC50 mode with a 3-fold serial dilution.",B,,,BAO_0000190,BAO_0000357,single protein format,CC(C)n1c(=O)c2cnc(Nc3ccc4c(c3)CCNC4)nc2n1-c1nc(C(C)(C)C#N)ccc1F,,,CHEMBL5729109,,2022,"{'bei': '10.18', 'le': '0.19', 'lle': '1.06', 'sei': '4.36'}",,CHEMBL4865933,,CHEMBL4865933,4.95,1,http://www.openphacts.org/units/Nanomolar,4572374,=,37,1,=,,IC50,nM,,11200,CHEMBL3984,Homo sapiens,Membrane-associated tyrosine- and threonine-specific cdc2-inhibitory kinase,9606,,,IC50,nM,UO_0000065,,11200,4.950781977
,1169520,28697726,[],CHEMBL5738087,"HotSpot Kinase Assay: PKMYT1: Inhibition of PKMYT1 kinase activity by test compounds was measured by the HotSpot Kinase Assay at Reaction Biology Corporation (Malvern, Pa.). Briefly, Myelin Basic Protein substrate was prepared in Reaction Buffer (20 mM Hepes (pH 7.5), 10 mM MgCl2, 1 mM EGTA, 0.01% Brij35, 0.02 mg/mL BSA, 0.1 mM Na3VO4, 2 mM DTT, 1% DMSO). PKMYT1 kinase was delivered into the substrate solution and gently mixed. Test compounds in 100% DMSO were added into the kinase reaction mixture by Acoustic technology (Echo550; nanoliter range) and incubated for 20 min at room temperature. 33P-ATP was delivered into the reaction mixture to initiate the reaction. Reactions were carried out at 10 μM ATP. After a 2 hour incubation at room temperature, kinase activity was detected by P81 filter-binding method. Compounds were tested in 10-dose IC50 mode with a 3-fold serial dilution.",B,,,BAO_0000190,BAO_0000357,single protein format,CC(C)n1c(=O)c2cnc(Nc3ccc4c(c3)CNCC4)nc2n1-c1nc(C(C)(C)C#N)ccc1F,,,CHEMBL5729109,,2022,"{'bei': '10.53', 'le': '0.19', 'lle': '1.24', 'sei': '4.52'}",,CHEMBL4875604,,CHEMBL4875604,5.13,1,http://www.openphacts.org/units/Nanomolar,4572375,=,37,1,=,,IC50,nM,,7490,CHEMBL3984,Homo sapiens,Membrane-associated tyrosine- and threonine-specific cdc2-inhibitory kinase,9606,,,IC50,nM,UO_0000065,,7490,5.125518182
,1169521,28697729,[],CHEMBL5738087,"HotSpot Kinase Assay: PKMYT1: Inhibition of PKMYT1 kinase activity by test compounds was measured by the HotSpot Kinase Assay at Reaction Biology Corporation (Malvern, Pa.). Briefly, Myelin Basic Protein substrate was prepared in Reaction Buffer (20 mM Hepes (pH 7.5), 10 mM MgCl2, 1 mM EGTA, 0.01% Brij35, 0.02 mg/mL BSA, 0.1 mM Na3VO4, 2 mM DTT, 1% DMSO). PKMYT1 kinase was delivered into the substrate solution and gently mixed. Test compounds in 100% DMSO were added into the kinase reaction mixture by Acoustic technology (Echo550; nanoliter range) and incubated for 20 min at room temperature. 33P-ATP was delivered into the reaction mixture to initiate the reaction. Reactions were carried out at 10 μM ATP. After a 2 hour incubation at room temperature, kinase activity was detected by P81 filter-binding method. Compounds were tested in 10-dose IC50 mode with a 3-fold serial dilution.",B,,,BAO_0000190,BAO_0000357,single protein format,CC(C)n1c(=O)c2cnc(Nc3ccc4c(c3)CNCC4)nc2n1-c1nc(C(C)(C)C)c(Cl)s1,,,CHEMBL5729109,,2022,"{'bei': '9.44', 'le': '0.19', 'lle': '-0.26', 'sei': '5.24'}",,CHEMBL4858594,,CHEMBL4858594,4.7,1,http://www.openphacts.org/units/Nanomolar,4572377,=,37,1,=,,IC50,nM,,19900,CHEMBL3984,Homo sapiens,Membrane-associated tyrosine- and threonine-specific cdc2-inhibitory kinase,9606,,,IC50,nM,UO_0000065,,19900,4.701146924
,1169522,28697732,[],CHEMBL5738087,"HotSpot Kinase Assay: PKMYT1: Inhibition of PKMYT1 kinase activity by test compounds was measured by the HotSpot Kinase Assay at Reaction Biology Corporation (Malvern, Pa.). Briefly, Myelin Basic Protein substrate was prepared in Reaction Buffer (20 mM Hepes (pH 7.5), 10 mM MgCl2, 1 mM EGTA, 0.01% Brij35, 0.02 mg/mL BSA, 0.1 mM Na3VO4, 2 mM DTT, 1% DMSO). PKMYT1 kinase was delivered into the substrate solution and gently mixed. Test compounds in 100% DMSO were added into the kinase reaction mixture by Acoustic technology (Echo550; nanoliter range) and incubated for 20 min at room temperature. 33P-ATP was delivered into the reaction mixture to initiate the reaction. Reactions were carried out at 10 μM ATP. After a 2 hour incubation at room temperature, kinase activity was detected by P81 filter-binding method. Compounds were tested in 10-dose IC50 mode with a 3-fold serial dilution.",B,,,BAO_0000190,BAO_0000357,single protein format,CC(C)n1c(=O)c2cnc(Nc3ccc4c(c3)CCNC4)nc2n1-c1csc(C2CC2)n1,,,CHEMBL5729109,,2022,"{'bei': '10.15', 'le': '0.19', 'lle': '0.65', 'sei': '5.06'}",,CHEMBL4847483,,CHEMBL4847483,4.54,1,http://www.openphacts.org/units/Nanomolar,4572378,=,37,1,=,,IC50,nM,,28800,CHEMBL3984,Homo sapiens,Membrane-associated tyrosine- and threonine-specific cdc2-inhibitory kinase,9606,,,IC50,nM,UO_0000065,,28800,4.540607512
,1169523,28697735,[],CHEMBL5738087,"HotSpot Kinase Assay: PKMYT1: Inhibition of PKMYT1 kinase activity by test compounds was measured by the HotSpot Kinase Assay at Reaction Biology Corporation (Malvern, Pa.). Briefly, Myelin Basic Protein substrate was prepared in Reaction Buffer (20 mM Hepes (pH 7.5), 10 mM MgCl2, 1 mM EGTA, 0.01% Brij35, 0.02 mg/mL BSA, 0.1 mM Na3VO4, 2 mM DTT, 1% DMSO). PKMYT1 kinase was delivered into the substrate solution and gently mixed. Test compounds in 100% DMSO were added into the kinase reaction mixture by Acoustic technology (Echo550; nanoliter range) and incubated for 20 min at room temperature. 33P-ATP was delivered into the reaction mixture to initiate the reaction. Reactions were carried out at 10 μM ATP. After a 2 hour incubation at room temperature, kinase activity was detected by P81 filter-binding method. Compounds were tested in 10-dose IC50 mode with a 3-fold serial dilution.",B,,,BAO_0000190,BAO_0000357,single protein format,CC(C)n1c(=O)c2cnc(Nc3ccc4c(c3)CNCC4)nc2n1-c1csc(C2CC2)n1,,,CHEMBL5729109,,2022,,,CHEMBL4877308,,CHEMBL4877308,,1,http://www.openphacts.org/units/Nanomolar,4572379,>,37,1,>,,IC50,nM,,30000,CHEMBL3984,Homo sapiens,Membrane-associated tyrosine- and threonine-specific cdc2-inhibitory kinase,9606,,,IC50,nM,UO_0000065,,30000,4.522878745
"{'action_type': 'INHIBITOR', 'description': 'Negatively effects (inhibits) the normal functioning of the protein e.g., prevention of enzymatic reaction or activation of downstream pathway', 'parent_type': 'NEGATIVE MODULATOR'}",,29067683,"[{'comments': None, 'relation': '=', 'result_flag': 0, 'standard_relation': '=', 'standard_text_value': None, 'standard_type': 'TIME', 'standard_units': 'hr', 'standard_value': '1.0', 'text_value': None, 'type': 'TIME', 'units': 'hrs', 'value': '1.0'}]",CHEMBL6075488,Inhibition of PKMYT1 (unknown origin) incubated for 1 hr by LanthaScreen Eu kinase binding method,B,,,BAO_0000190,BAO_0000357,single protein format,Cc1cc2c(C(N)=O)c(N)n(-c3c(C)ccc(O)c3C)c2nc1C,,,CHEMBL6074645,RSC Med Chem,2024,"{'bei': '27.75', 'le': '0.51', 'lle': '6.35', 'sei': '8.40'}",,CHEMBL5199076,LUNRESERTIB,CHEMBL5199076,9,0,http://www.openphacts.org/units/Nanomolar,4661719,=,1,1,=,,IC50,nM,,1,CHEMBL3984,Homo sapiens,Membrane-associated tyrosine- and threonine-specific cdc2-inhibitory kinase,9606,,,IC50,uM,UO_0000065,,0.001,9
"{'action_type': 'INHIBITOR', 'description': 'Negatively effects (inhibits) the normal functioning of the protein e.g., prevention of enzymatic reaction or activation of downstream pathway', 'parent_type': 'NEGATIVE MODULATOR'}",,29067684,"[{'comments': None, 'relation': '=', 'result_flag': 0, 'standard_relation': '=', 'standard_text_value': None, 'standard_type': 'TIME', 'standard_units': 'hr', 'standard_value': '1.0', 'text_value': None, 'type': 'TIME', 'units': 'hrs', 'value': '1.0'}]",CHEMBL6075488,Inhibition of PKMYT1 (unknown origin) incubated for 1 hr by LanthaScreen Eu kinase binding method,B,,,BAO_0000190,BAO_0000357,single protein format,O=C(O[C@@H]1Cc2c(O)cc(O)cc2O[C@@H]1c1cc(O)c(O)c(O)c1)c1cc(O)c(O)c(O)c1,,,CHEMBL6074645,RSC Med Chem,2024,"{'bei': '14.97', 'le': '0.28', 'lle': '4.63', 'sei': '3.48'}",,CHEMBL297453,EPIGALOCATECHIN GALLATE,CHEMBL297453,6.86,0,http://www.openphacts.org/units/Nanomolar,4661720,=,1,1,=,,IC50,nM,,137,CHEMBL3984,Homo sapiens,Membrane-associated tyrosine- and threonine-specific cdc2-inhibitory kinase,9606,,,IC50,uM,UO_0000065,,0.137,6.863279433
"{'action_type': 'INHIBITOR', 'description': 'Negatively effects (inhibits) the normal functioning of the protein e.g., prevention of enzymatic reaction or activation of downstream pathway', 'parent_type': 'NEGATIVE MODULATOR'}",,29067685,"[{'comments': None, 'relation': '=', 'result_flag': 0, 'standard_relation': '=', 'standard_text_value': None, 'standard_type': 'TIME', 'standard_units': 'hr', 'standard_value': '1.0', 'text_value': None, 'type': 'TIME', 'units': 'hrs', 'value': '1.0'}]",CHEMBL6075488,Inhibition of PKMYT1 (unknown origin) incubated for 1 hr by LanthaScreen Eu kinase binding method,B,,,BAO_0000190,BAO_0000357,single protein format,O=C(O[C@@H]1Cc2c(O)cc(O)cc2O[C@H]1c1cc(O)c(O)c(O)c1)c1cc(O)c(O)c(O)c1,,,CHEMBL6074645,RSC Med Chem,2024,"{'bei': '14.83', 'le': '0.28', 'lle': '4.57', 'sei': '3.44'}",,CHEMBL264938,GALLOCATECHIN GALLATE,CHEMBL264938,6.8,0,http://www.openphacts.org/units/Nanomolar,4661721,=,1,1,=,,IC50,nM,,159,CHEMBL3984,Homo sapiens,Membrane-associated tyrosine- and threonine-specific cdc2-inhibitory kinase,9606,,,IC50,uM,UO_0000065,,0.159,6.798602876
"{'action_type': 'INHIBITOR', 'description': 'Negatively effects (inhibits) the normal functioning of the protein e.g., prevention of enzymatic reaction or activation of downstream pathway', 'parent_type': 'NEGATIVE MODULATOR'}",,29067686,"[{'comments': None, 'relation': '=', 'result_flag': 0, 'standard_relation': '=', 'standard_text_value': None, 'standard_type': 'TIME', 'standard_units': 'hr', 'standard_value': '1.0', 'text_value': None, 'type': 'TIME', 'units': 'hrs', 'value': '1.0'}]",CHEMBL6075488,Inhibition of PKMYT1 (unknown origin) incubated for 1 hr by LanthaScreen Eu kinase binding method,B,,,BAO_0000190,BAO_0000357,single protein format,O=c1cc(-c2ccc(O)c(O)c2)oc2cc(O)cc(O)c12,,,CHEMBL6074645,RSC Med Chem,2024,"{'bei': '20.35', 'le': '0.38', 'lle': '3.54', 'sei': '5.24'}",,CHEMBL151,LUTEOLIN,CHEMBL151,5.82,0,http://www.openphacts.org/units/Nanomolar,4661722,=,1,1,=,,IC50,nM,,1500,CHEMBL3984,Homo sapiens,Membrane-associated tyrosine- and threonine-specific cdc2-inhibitory kinase,9606,,,IC50,uM,UO_0000065,,1.5,5.823908741
"{'action_type': 'INHIBITOR', 'description': 'Negatively effects (inhibits) the normal functioning of the protein e.g., prevention of enzymatic reaction or activation of downstream pathway', 'parent_type': 'NEGATIVE MODULATOR'}",,29067687,"[{'comments': None, 'relation': '=', 'result_flag': 0, 'standard_relation': '=', 'standard_text_value': None, 'standard_type': 'TIME', 'standard_units': 'hr', 'standard_value': '1.0', 'text_value': None, 'type': 'TIME', 'units': 'hrs', 'value': '1.0'}]",CHEMBL6075488,Inhibition of PKMYT1 (unknown origin) incubated for 1 hr by LanthaScreen Eu kinase binding method,B,,,BAO_0000190,BAO_0000357,single protein format,O=c1c(-c2ccc(O)cc2)coc2cc(O)cc(O)c12,,,CHEMBL6074645,RSC Med Chem,2024,"{'bei': '15.20', 'le': '0.28', 'lle': '1.53', 'sei': '4.52'}",,CHEMBL44,GENISTEIN,CHEMBL44,4.11,0,http://www.openphacts.org/units/Nanomolar,4661723,=,1,1,=,,IC50,nM,,78000,CHEMBL3984,Homo sapiens,Membrane-associated tyrosine- and threonine-specific cdc2-inhibitory kinase,9606,,,IC50,uM,UO_0000065,,78,4.107905397
"{'action_type': 'INHIBITOR', 'description': 'Negatively effects (inhibits) the normal functioning of the protein e.g., prevention of enzymatic reaction or activation of downstream pathway', 'parent_type': 'NEGATIVE MODULATOR'}",,29067688,"[{'comments': None, 'relation': '=', 'result_flag': 0, 'standard_relation': '=', 'standard_text_value': None, 'standard_type': 'TIME', 'standard_units': 'hr', 'standard_value': '1.0', 'text_value': None, 'type': 'TIME', 'units': 'hrs', 'value': '1.0'}]",CHEMBL6075488,Inhibition of PKMYT1 (unknown origin) incubated for 1 hr by LanthaScreen Eu kinase binding method,B,,,BAO_0000190,BAO_0000357,single protein format,COc1ccc(-c2oc3c(CC=C(C)C)c(O)cc(O)c3c(=O)c2O)cc1,,,CHEMBL6074645,RSC Med Chem,2024,"{'bei': '11.65', 'le': '0.22', 'lle': '0.20', 'sei': '4.29'}",,CHEMBL498485,ICARITIN,CHEMBL498485,4.29,0,http://www.openphacts.org/units/Nanomolar,4661724,=,1,1,=,,IC50,nM,,51000,CHEMBL3984,Homo sapiens,Membrane-associated tyrosine- and threonine-specific cdc2-inhibitory kinase,9606,,,IC50,uM,UO_0000065,,51,4.292429824
"{'action_type': 'INHIBITOR', 'description': 'Negatively effects (inhibits) the normal functioning of the protein e.g., prevention of enzymatic reaction or activation of downstream pathway', 'parent_type': 'NEGATIVE MODULATOR'}",,29067690,[],CHEMBL6075489,Displacement of fluorescently labeled tracer from human PKMYT1 (75 to 362 residues) expressed in Escherichia coli BL21 (DE3) by fluorescence anisotropy based kinase assay,B,,,BAO_0000190,BAO_0000019,assay format,CCN(CC)CCOc1ccc(Nc2ncc3cc(-c4c(Cl)cccc4Cl)c(=O)n(C)c3n2)cc1,,,CHEMBL6074645,RSC Med Chem,2024,"{'bei': '13.94', 'le': '0.28', 'lle': '1.37', 'sei': '9.88'}",,CHEMBL49120,PD-0166285,CHEMBL49120,7.14,0,http://www.openphacts.org/units/Nanomolar,4661726,=,1,1,=,,IC50,nM,,72,CHEMBL3984,Homo sapiens,Membrane-associated tyrosine- and threonine-specific cdc2-inhibitory kinase,9606,,,IC50,nM,UO_0000065,,72,7.142667504
"{'action_type': 'INHIBITOR', 'description': 'Negatively effects (inhibits) the normal functioning of the protein e.g., prevention of enzymatic reaction or activation of downstream pathway', 'parent_type': 'NEGATIVE MODULATOR'}",,29078743,[],CHEMBL6079420,Inhibition of PKMYT1 (unknown origin) by TR-FRET analysis,B,,,BAO_0000190,BAO_0000357,single protein format,Cc1nc(Nc2ncc(C(=O)Nc3c(C)cccc3Cl)s2)cc(N2CCN(CCO)CC2)n1,,,CHEMBL6078629,J Med Chem,2024,"{'bei': '14.75', 'le': '0.30', 'lle': '3.89', 'sei': '6.76'}",,CHEMBL1421,DASATINIB ANHYDROUS,CHEMBL1421,7.2,0,http://www.openphacts.org/units/Nanomolar,4663892,=,1,1,=,,IC50,nM,,63,CHEMBL3984,Homo sapiens,Membrane-associated tyrosine- and threonine-specific cdc2-inhibitory kinase,9606,,,IC50,nM,UO_0000065,,63,7.200659451
"{'action_type': 'INHIBITOR', 'description': 'Negatively effects (inhibits) the normal functioning of the protein e.g., prevention of enzymatic reaction or activation of downstream pathway', 'parent_type': 'NEGATIVE MODULATOR'}",,29078744,[],CHEMBL6079420,Inhibition of PKMYT1 (unknown origin) by TR-FRET analysis,B,,,BAO_0000190,BAO_0000357,single protein format,Cc1cc(Nc2ncc3cc(-c4c(Cl)cccc4Cl)c(=O)n(C)c3n2)ccc1F,,,CHEMBL6078629,J Med Chem,2024,"{'bei': '18.97', 'le': '0.38', 'lle': '2.65', 'sei': '13.61'}",,CHEMBL574058,,CHEMBL574058,8.14,0,http://www.openphacts.org/units/Nanomolar,4663894,=,1,1,=,,IC50,nM,,7.2,CHEMBL3984,Homo sapiens,Membrane-associated tyrosine- and threonine-specific cdc2-inhibitory kinase,9606,,,IC50,nM,UO_0000065,,7.2,8.142667504
"{'action_type': 'INHIBITOR', 'description': 'Negatively effects (inhibits) the normal functioning of the protein e.g., prevention of enzymatic reaction or activation of downstream pathway', 'parent_type': 'NEGATIVE MODULATOR'}",,29078745,[],CHEMBL6079420,Inhibition of PKMYT1 (unknown origin) by TR-FRET analysis,B,,,BAO_0000190,BAO_0000357,single protein format,Cc1ccc(O)c(C)c1-n1c(N)c(C(N)=O)c2c(=O)n(CF)ccc21,,,CHEMBL6078629,J Med Chem,2024,"{'bei': '25.62', 'le': '0.48', 'lle': '7.10', 'sei': '7.59'}",,CHEMBL6148600,,CHEMBL6148600,8.82,0,http://www.openphacts.org/units/Nanomolar,4663886,=,1,1,=,,IC50,nM,,1.5,CHEMBL3984,Homo sapiens,Membrane-associated tyrosine- and threonine-specific cdc2-inhibitory kinase,9606,,,IC50,nM,UO_0000065,,1.5,8.823908741
"{'action_type': 'INHIBITOR', 'description': 'Negatively effects (inhibits) the normal functioning of the protein e.g., prevention of enzymatic reaction or activation of downstream pathway', 'parent_type': 'NEGATIVE MODULATOR'}",,29078746,[],CHEMBL6079420,Inhibition of PKMYT1 (unknown origin) by TR-FRET analysis,B,,,BAO_0000190,BAO_0000357,single protein format,Cc1ncc2c(C(N)=O)c(N)n(-c3c(C)ccc(O)c3C)c2n1,,,CHEMBL6078629,J Med Chem,2024,"{'bei': '27.87', 'le': '0.52', 'lle': '6.95', 'sei': '7.23'}",,CHEMBL6134190,,CHEMBL6134190,8.68,0,http://www.openphacts.org/units/Nanomolar,4663887,=,1,1,=,,IC50,nM,,2.1,CHEMBL3984,Homo sapiens,Membrane-associated tyrosine- and threonine-specific cdc2-inhibitory kinase,9606,,,IC50,nM,UO_0000065,,2.1,8.677780705
"{'action_type': 'INHIBITOR', 'description': 'Negatively effects (inhibits) the normal functioning of the protein e.g., prevention of enzymatic reaction or activation of downstream pathway', 'parent_type': 'NEGATIVE MODULATOR'}",,29078747,[],CHEMBL6079420,Inhibition of PKMYT1 (unknown origin) by TR-FRET analysis,B,,,BAO_0000190,BAO_0000357,single protein format,Cc1ncc2c(C(N)=O)c(N)n(-c3c(C)ccc(O)c3C)c2n1,,,CHEMBL6078629,J Med Chem,2024,"{'bei': '23.56', 'le': '0.44', 'lle': '5.61', 'sei': '6.11'}",,CHEMBL6134190,,CHEMBL6134190,7.34,0,http://www.openphacts.org/units/Nanomolar,4663888,=,1,1,=,,IC50,nM,,46.1,CHEMBL3984,Homo sapiens,Membrane-associated tyrosine- and threonine-specific cdc2-inhibitory kinase,9606,,,IC50,nM,UO_0000065,,46.1,7.336299075
"{'action_type': 'INHIBITOR', 'description': 'Negatively effects (inhibits) the normal functioning of the protein e.g., prevention of enzymatic reaction or activation of downstream pathway', 'parent_type': 'NEGATIVE MODULATOR'}",,29078748,[],CHEMBL6079420,Inhibition of PKMYT1 (unknown origin) by TR-FRET analysis,B,,,BAO_0000190,BAO_0000357,single protein format,Cc1ncc2c(C(N)=O)c(N)n(-c3c(C)c(O)cc(F)c3C)c2n1,,,CHEMBL6078629,J Med Chem,2024,"{'bei': '26.55', 'le': '0.50', 'lle': '6.87', 'sei': '7.28'}",,CHEMBL6141923,,CHEMBL6141923,8.74,0,http://www.openphacts.org/units/Nanomolar,4663889,=,1,1,=,,IC50,nM,,1.8,CHEMBL3984,Homo sapiens,Membrane-associated tyrosine- and threonine-specific cdc2-inhibitory kinase,9606,,,IC50,nM,UO_0000065,,1.8,8.744727495
"{'action_type': 'INHIBITOR', 'description': 'Negatively effects (inhibits) the normal functioning of the protein e.g., prevention of enzymatic reaction or activation of downstream pathway', 'parent_type': 'NEGATIVE MODULATOR'}",,29078749,[],CHEMBL6079420,Inhibition of PKMYT1 (unknown origin) by TR-FRET analysis,B,,,BAO_0000190,BAO_0000357,single protein format,Cc1ncc2c(C(N)=O)c(N)n(-c3c(C)c(O)cc(F)c3C)c2n1,,,CHEMBL6078629,J Med Chem,2024,"{'bei': '20.55', 'le': '0.39', 'lle': '4.90', 'sei': '5.64'}",,CHEMBL6141923,,CHEMBL6141923,6.77,0,http://www.openphacts.org/units/Nanomolar,4663890,=,1,1,=,,IC50,nM,,170.3,CHEMBL3984,Homo sapiens,Membrane-associated tyrosine- and threonine-specific cdc2-inhibitory kinase,9606,,,IC50,nM,UO_0000065,,170.3,6.768785352
"{'action_type': 'INHIBITOR', 'description': 'Negatively effects (inhibits) the normal functioning of the protein e.g., prevention of enzymatic reaction or activation of downstream pathway', 'parent_type': 'NEGATIVE MODULATOR'}",,29078750,[],CHEMBL6079420,Inhibition of PKMYT1 (unknown origin) by TR-FRET analysis,B,,,BAO_0000190,BAO_0000357,single protein format,Cc1ccc(O)c(C)c1-n1c(N)c2c3c(c(C)cnc31)CCNC2=O,,,CHEMBL6078629,J Med Chem,2024,,,CHEMBL6151478,,CHEMBL6151478,,0,http://www.openphacts.org/units/Nanomolar,4663891,<=,1,1,<=,,IC50,nM,,10,CHEMBL3984,Homo sapiens,Membrane-associated tyrosine- and threonine-specific cdc2-inhibitory kinase,9606,,,IC50,nM,UO_0000065,,10,8
"{'action_type': 'INHIBITOR', 'description': 'Negatively effects (inhibits) the normal functioning of the protein e.g., prevention of enzymatic reaction or activation of downstream pathway', 'parent_type': 'NEGATIVE MODULATOR'}",,29078751,[],CHEMBL6079420,Inhibition of PKMYT1 (unknown origin) by TR-FRET analysis,B,,,BAO_0000190,BAO_0000357,single protein format,Cc1ccc(O)c(C)c1-n1c(N)c2c3c(c(C)ncc31)CCNC2=O,,,CHEMBL6078629,J Med Chem,2024,"{'bei': '23.78', 'le': '0.44', 'lle': '5.48', 'sei': '8.59'}",,CHEMBL6149249,,CHEMBL6149249,8,0,http://www.openphacts.org/units/Nanomolar,4663847,=,1,1,=,,IC50,nM,,10,CHEMBL3984,Homo sapiens,Membrane-associated tyrosine- and threonine-specific cdc2-inhibitory kinase,9606,,,IC50,nM,UO_0000065,,10,8
"{'action_type': 'INHIBITOR', 'description': 'Negatively effects (inhibits) the normal functioning of the protein e.g., prevention of enzymatic reaction or activation of downstream pathway', 'parent_type': 'NEGATIVE MODULATOR'}",,29078752,[],CHEMBL6079420,Inhibition of PKMYT1 (unknown origin) by TR-FRET analysis,B,,,BAO_0000190,BAO_0000357,single protein format,Cc1nc2c3c(c(N)n(-c4c(C)ccc(O)c4C)c3n1)C(=O)NCC2,,,CHEMBL6078629,J Med Chem,2024,,,CHEMBL6083160,,CHEMBL6083160,,0,http://www.openphacts.org/units/Nanomolar,4663865,<=,1,1,<=,,IC50,nM,,10,CHEMBL3984,Homo sapiens,Membrane-associated tyrosine- and threonine-specific cdc2-inhibitory kinase,9606,,,IC50,nM,UO_0000065,,10,8
"{'action_type': 'INHIBITOR', 'description': 'Negatively effects (inhibits) the normal functioning of the protein e.g., prevention of enzymatic reaction or activation of downstream pathway', 'parent_type': 'NEGATIVE MODULATOR'}",,29078753,[],CHEMBL6079421,Inhibition of PKMYT1 (unknown origin) extracted from insect cells by TR-FRET analysis,B,,,BAO_0000190,BAO_0000219,cell-based format,COc1cc2ncnc(Nc3cccc(Cl)c3)c2cc1OC,,,CHEMBL6078629,J Med Chem,2024,"{'bei': '16.29', 'le': '0.32', 'lle': '1.10', 'sei': '9.14'}",,CHEMBL7917,TYRPHOSTIN AG-1478,CHEMBL7917,5.14,0,http://www.openphacts.org/units/Nanomolar,4663893,=,1,1,=,,IC50,nM,,7200,CHEMBL3984,Homo sapiens,Membrane-associated tyrosine- and threonine-specific cdc2-inhibitory kinase,9606,,,IC50,uM,UO_0000065,,7.2,5.142667504
"{'action_type': 'INHIBITOR', 'description': 'Negatively effects (inhibits) the normal functioning of the protein e.g., prevention of enzymatic reaction or activation of downstream pathway', 'parent_type': 'NEGATIVE MODULATOR'}",,29078754,[],CHEMBL6079421,Inhibition of PKMYT1 (unknown origin) extracted from insect cells by TR-FRET analysis,B,,,BAO_0000190,BAO_0000219,cell-based format,COc1cc(Nc2c(C#N)cnc3cc(OCCCN4CCN(C)CC4)c(OC)cc23)c(Cl)cc1Cl,,,CHEMBL6078629,J Med Chem,2024,"{'bei': '12.96', 'le': '0.26', 'lle': '1.69', 'sei': '8.30'}",,CHEMBL288441,BOSUTINIB,CHEMBL288441,6.88,1,http://www.openphacts.org/units/Nanomolar,4663895,=,1,1,=,,IC50,nM,,133,CHEMBL3984,Homo sapiens,Membrane-associated tyrosine- and threonine-specific cdc2-inhibitory kinase,9606,,,IC50,nM,UO_0000065,,133,6.876148359
"{'action_type': 'INHIBITOR', 'description': 'Negatively effects (inhibits) the normal functioning of the protein e.g., prevention of enzymatic reaction or activation of downstream pathway', 'parent_type': 'NEGATIVE MODULATOR'}",,29078755,[],CHEMBL6079421,Inhibition of PKMYT1 (unknown origin) extracted from insect cells by TR-FRET analysis,B,,,BAO_0000190,BAO_0000219,cell-based format,CCOc1cc2ncc(C#N)c(Nc3ccc(F)c(Cl)c3)c2cc1NC(=O)/C=C\CN(C)C,,,CHEMBL6078629,J Med Chem,2024,"{'bei': '11.83', 'le': '0.23', 'lle': '0.44', 'sei': '6.13'}",,CHEMBL6142881,,CHEMBL6142881,5.54,0,http://www.openphacts.org/units/Nanomolar,4663848,=,1,1,=,,IC50,nM,,2900,CHEMBL3984,Homo sapiens,Membrane-associated tyrosine- and threonine-specific cdc2-inhibitory kinase,9606,,,IC50,nM,UO_0000065,,2900,5.537602002
"{'action_type': 'INHIBITOR', 'description': 'Negatively effects (inhibits) the normal functioning of the protein e.g., prevention of enzymatic reaction or activation of downstream pathway', 'parent_type': 'NEGATIVE MODULATOR'}",,29078756,[],CHEMBL6079422,Inhibition of PKMYT1 (unknown origin),B,,,BAO_0000190,BAO_0000357,single protein format,Cc1cc2c(C(N)=O)c(N)n(-c3c(C)ccc(O)c3C)c2nc1C,,,CHEMBL6078629,J Med Chem,2024,"{'bei': '26.75', 'le': '0.49', 'lle': '6.03', 'sei': '8.10'}",,CHEMBL5199076,LUNRESERTIB,CHEMBL5199076,8.68,0,http://www.openphacts.org/units/Nanomolar,4663878,=,1,1,=,,IC50,nM,,2.1,CHEMBL3984,Homo sapiens,Membrane-associated tyrosine- and threonine-specific cdc2-inhibitory kinase,9606,,,IC50,nM,UO_0000065,,2.1,8.677780705
"{'action_type': 'INHIBITOR', 'description': 'Negatively effects (inhibits) the normal functioning of the protein e.g., prevention of enzymatic reaction or activation of downstream pathway', 'parent_type': 'NEGATIVE MODULATOR'}",,29078757,[],CHEMBL6079422,Inhibition of PKMYT1 (unknown origin),B,,,BAO_0000190,BAO_0000357,single protein format,Cc1ccc(O)c(C)c1-n1c(N)c(C(N)=O)c2nc(-c3nccs3)cnc21,,,CHEMBL6078629,J Med Chem,2024,,,CHEMBL5204520,,CHEMBL5204520,,0,http://www.openphacts.org/units/Nanomolar,4663879,<,1,1,<,,IC50,nM,,10,CHEMBL3984,Homo sapiens,Membrane-associated tyrosine- and threonine-specific cdc2-inhibitory kinase,9606,,,IC50,nM,UO_0000065,,10,8
"{'action_type': 'INHIBITOR', 'description': 'Negatively effects (inhibits) the normal functioning of the protein e.g., prevention of enzymatic reaction or activation of downstream pathway', 'parent_type': 'NEGATIVE MODULATOR'}",,29078758,[],CHEMBL6079422,Inhibition of PKMYT1 (unknown origin),B,,,BAO_0000190,BAO_0000357,single protein format,Cc1ccc(O)c(C)c1-n1c(N)c(C(N)=O)c2nc(C3CC3)cnc21,,,CHEMBL6078629,J Med Chem,2024,,,CHEMBL5201803,,CHEMBL5201803,,0,http://www.openphacts.org/units/Nanomolar,4663880,<,1,1,<,,IC50,nM,,10,CHEMBL3984,Homo sapiens,Membrane-associated tyrosine- and threonine-specific cdc2-inhibitory kinase,9606,,,IC50,nM,UO_0000065,,10,8
"{'action_type': 'INHIBITOR', 'description': 'Negatively effects (inhibits) the normal functioning of the protein e.g., prevention of enzymatic reaction or activation of downstream pathway', 'parent_type': 'NEGATIVE MODULATOR'}",,29078759,[],CHEMBL6079422,Inhibition of PKMYT1 (unknown origin),B,,,BAO_0000190,BAO_0000357,single protein format,Cc1ccc(O)c(C)c1-n1c(N)c(C(N)=O)c2cc(Cl)cnc21,,,CHEMBL6078629,J Med Chem,2024,,,CHEMBL5196713,,CHEMBL5196713,,0,http://www.openphacts.org/units/Nanomolar,4663881,<,1,1,<,,IC50,nM,,10,CHEMBL3984,Homo sapiens,Membrane-associated tyrosine- and threonine-specific cdc2-inhibitory kinase,9606,,,IC50,nM,UO_0000065,,10,8
"{'action_type': 'INHIBITOR', 'description': 'Negatively effects (inhibits) the normal functioning of the protein e.g., prevention of enzymatic reaction or activation of downstream pathway', 'parent_type': 'NEGATIVE MODULATOR'}",,29078760,[],CHEMBL6079422,Inhibition of PKMYT1 (unknown origin),B,,,BAO_0000190,BAO_0000357,single protein format,Nc1c(-c2cccc3[nH]ncc23)cc(-c2cnn(C3COC3)c2)c2nc(-c3ccncc3)[nH]c(=O)c12,,,CHEMBL6078629,J Med Chem,2024,"{'bei': '18.89', 'le': '0.34', 'lle': '5.45', 'sei': '6.41'}",,CHEMBL6160250,,CHEMBL6160250,9,0,http://www.openphacts.org/units/Nanomolar,4663882,=,1,1,=,,IC50,nM,,1,CHEMBL3984,Homo sapiens,Membrane-associated tyrosine- and threonine-specific cdc2-inhibitory kinase,9606,,,IC50,nM,UO_0000065,,1,9
"{'action_type': 'INHIBITOR', 'description': 'Negatively effects (inhibits) the normal functioning of the protein e.g., prevention of enzymatic reaction or activation of downstream pathway', 'parent_type': 'NEGATIVE MODULATOR'}",,29078761,[],CHEMBL6079422,Inhibition of PKMYT1 (unknown origin),B,,,BAO_0000190,BAO_0000357,single protein format,Cc1ccc(O)c(C)c1-n1c(N)c(C(N)=O)c2nc(C)c(C)nc21,,,CHEMBL6078629,J Med Chem,2024,"{'bei': '26.24', 'le': '0.49', 'lle': '6.50', 'sei': '7.11'}",,CHEMBL5200005,,CHEMBL5200005,8.54,0,http://www.openphacts.org/units/Nanomolar,4663883,=,1,1,=,,IC50,nM,,2.9,CHEMBL3984,Homo sapiens,Membrane-associated tyrosine- and threonine-specific cdc2-inhibitory kinase,9606,,,IC50,nM,UO_0000065,,2.9,8.537602002
"{'action_type': 'INHIBITOR', 'description': 'Negatively effects (inhibits) the normal functioning of the protein e.g., prevention of enzymatic reaction or activation of downstream pathway', 'parent_type': 'NEGATIVE MODULATOR'}",,29078762,[],CHEMBL6079422,Inhibition of PKMYT1 (unknown origin),B,,,BAO_0000190,BAO_0000357,single protein format,Cc1ccc(O)c(C)c1-n1c(N)c(C(=O)N2CCn3nccc3C2)c2nc(C)c(C)nc21,,,CHEMBL6078629,J Med Chem,2024,"{'bei': '19.41', 'le': '0.36', 'lle': '5.59', 'sei': '7.28'}",,CHEMBL5572884,,CHEMBL5572884,8.38,0,http://www.openphacts.org/units/Nanomolar,4663884,=,1,1,=,,IC50,nM,,4.2,CHEMBL3984,Homo sapiens,Membrane-associated tyrosine- and threonine-specific cdc2-inhibitory kinase,9606,,,IC50,nM,UO_0000065,,4.2,8.37675071
"{'action_type': 'INHIBITOR', 'description': 'Negatively effects (inhibits) the normal functioning of the protein e.g., prevention of enzymatic reaction or activation of downstream pathway', 'parent_type': 'NEGATIVE MODULATOR'}",,29078763,[],CHEMBL6079422,Inhibition of PKMYT1 (unknown origin),B,,,BAO_0000190,BAO_0000357,single protein format,Cc1ccc(O)c(C)c1-n1c(N)c(C(=O)N2CCn3nccc3C2)c2nc(C3CC3)c(C)nc21,,,CHEMBL6078629,J Med Chem,2024,"{'bei': '18.76', 'le': '0.34', 'lle': '5.23', 'sei': '7.46'}",,CHEMBL5566629,,CHEMBL5566629,8.59,0,http://www.openphacts.org/units/Nanomolar,4663885,=,1,1,=,,IC50,nM,,2.6,CHEMBL3984,Homo sapiens,Membrane-associated tyrosine- and threonine-specific cdc2-inhibitory kinase,9606,,,IC50,nM,UO_0000065,,2.6,8.585026652
"{'action_type': 'INHIBITOR', 'description': 'Negatively effects (inhibits) the normal functioning of the protein e.g., prevention of enzymatic reaction or activation of downstream pathway', 'parent_type': 'NEGATIVE MODULATOR'}",,29078764,[],CHEMBL6079422,Inhibition of PKMYT1 (unknown origin),B,,,BAO_0000190,BAO_0000357,single protein format,Cc1ccc(O)c(C)c1-c1cnc2[nH]c(-c3ccc(N4CCN(C)CC4)nc3C)nc2c1,,,CHEMBL6078629,J Med Chem,2024,"{'bei': '14.70', 'le': '0.27', 'lle': '2.23', 'sei': '7.76'}",,CHEMBL6103256,,CHEMBL6103256,6.3,0,http://www.openphacts.org/units/Nanomolar,4663866,=,1,1,=,,IC50,nM,,500,CHEMBL3984,Homo sapiens,Membrane-associated tyrosine- and threonine-specific cdc2-inhibitory kinase,9606,,,IC50,nM,UO_0000065,,500,6.301029996
"{'action_type': 'INHIBITOR', 'description': 'Negatively effects (inhibits) the normal functioning of the protein e.g., prevention of enzymatic reaction or activation of downstream pathway', 'parent_type': 'NEGATIVE MODULATOR'}",,29078765,[],CHEMBL6079422,Inhibition of PKMYT1 (unknown origin),B,,,BAO_0000190,BAO_0000357,single protein format,Cc1ccc(-c2cc3c(Cl)c(-c4c(C)ccc(O)c4C)cnc3[nH]2)cn1,,,CHEMBL6078629,J Med Chem,2024,,,CHEMBL6141825,,CHEMBL6141825,,0,http://www.openphacts.org/units/Nanomolar,4663867,<=,1,1,<=,,IC50,nM,,10,CHEMBL3984,Homo sapiens,Membrane-associated tyrosine- and threonine-specific cdc2-inhibitory kinase,9606,,,IC50,nM,UO_0000065,,10,8
"{'action_type': 'INHIBITOR', 'description': 'Negatively effects (inhibits) the normal functioning of the protein e.g., prevention of enzymatic reaction or activation of downstream pathway', 'parent_type': 'NEGATIVE MODULATOR'}",,29078766,[],CHEMBL6079422,Inhibition of PKMYT1 (unknown origin),B,,,BAO_0000190,BAO_0000357,single protein format,Cc1ncc(-c2[nH]c3ncc(-c4c(C)ccc(O)c4C)nc3c2Cl)cn1,,,CHEMBL6078629,J Med Chem,2024,,,CHEMBL6141910,,CHEMBL6141910,,0,http://www.openphacts.org/units/Nanomolar,4663868,<=,1,1,<=,,IC50,nM,,10,CHEMBL3984,Homo sapiens,Membrane-associated tyrosine- and threonine-specific cdc2-inhibitory kinase,9606,,,IC50,nM,UO_0000065,,10,8
"{'action_type': 'INHIBITOR', 'description': 'Negatively effects (inhibits) the normal functioning of the protein e.g., prevention of enzymatic reaction or activation of downstream pathway', 'parent_type': 'NEGATIVE MODULATOR'}",,29078767,[],CHEMBL6079422,Inhibition of PKMYT1 (unknown origin),B,,,BAO_0000190,BAO_0000357,single protein format,Cc1ccc(O)c(C)c1-n1nc(-c2nccs2)c(C(N)=O)c1N,,,CHEMBL6078629,J Med Chem,2024,,,CHEMBL6102742,,CHEMBL6102742,,0,http://www.openphacts.org/units/Nanomolar,4663869,<=,1,1,<=,,IC50,nM,,10,CHEMBL3984,Homo sapiens,Membrane-associated tyrosine- and threonine-specific cdc2-inhibitory kinase,9606,,,IC50,nM,UO_0000065,,10,8
"{'action_type': 'INHIBITOR', 'description': 'Negatively effects (inhibits) the normal functioning of the protein e.g., prevention of enzymatic reaction or activation of downstream pathway', 'parent_type': 'NEGATIVE MODULATOR'}",,29078768,[],CHEMBL6079422,Inhibition of PKMYT1 (unknown origin),B,,,BAO_0000190,BAO_0000357,single protein format,Cc1ncc2c(C(N)=O)c(N)n(-c3c(C)ccc(O)c3C)c2n1,,,CHEMBL6078629,J Med Chem,2024,"{'bei': '26.90', 'le': '0.50', 'lle': '6.65', 'sei': '6.98'}",,CHEMBL6134190,,CHEMBL6134190,8.38,0,http://www.openphacts.org/units/Nanomolar,4663875,=,1,1,=,,IC50,nM,,4.2,CHEMBL3984,Homo sapiens,Membrane-associated tyrosine- and threonine-specific cdc2-inhibitory kinase,9606,,,IC50,nM,UO_0000065,,4.2,8.37675071
"{'action_type': 'INHIBITOR', 'description': 'Negatively effects (inhibits) the normal functioning of the protein e.g., prevention of enzymatic reaction or activation of downstream pathway', 'parent_type': 'NEGATIVE MODULATOR'}",,29078769,[],CHEMBL6079422,Inhibition of PKMYT1 (unknown origin),B,,,BAO_0000190,BAO_0000357,single protein format,Cc1ccc(O)c(C)c1-n1c(N)c2c3c(ncnc31)-c1ccccc1NC2=O,,,CHEMBL6078629,J Med Chem,2024,"{'bei': '21.69', 'le': '0.39', 'lle': '4.50', 'sei': '7.60'}",,CHEMBL6101976,,CHEMBL6101976,8.06,0,http://www.openphacts.org/units/Nanomolar,4663877,=,1,1,=,,IC50,nM,,8.8,CHEMBL3984,Homo sapiens,Membrane-associated tyrosine- and threonine-specific cdc2-inhibitory kinase,9606,,,IC50,nM,UO_0000065,,8.8,8.055517328
"{'action_type': 'INHIBITOR', 'description': 'Negatively effects (inhibits) the normal functioning of the protein e.g., prevention of enzymatic reaction or activation of downstream pathway', 'parent_type': 'NEGATIVE MODULATOR'}",,29078770,[],CHEMBL6079422,Inhibition of PKMYT1 (unknown origin),B,,,BAO_0000190,BAO_0000357,single protein format,Cc1nc2c3c(c(N)n(-c4c(C)ccc(O)c4C)c3n1)C(=O)Nc1ccccc1-2,,,CHEMBL6078629,J Med Chem,2024,"{'bei': '21.39', 'le': '0.39', 'lle': '4.37', 'sei': '7.77'}",,CHEMBL6134016,,CHEMBL6134016,8.24,0,http://www.openphacts.org/units/Nanomolar,4663846,=,1,1,=,,IC50,nM,,5.7,CHEMBL3984,Homo sapiens,Membrane-associated tyrosine- and threonine-specific cdc2-inhibitory kinase,9606,,,IC50,nM,UO_0000065,,5.7,8.244125144
"{'action_type': 'INHIBITOR', 'description': 'Negatively effects (inhibits) the normal functioning of the protein e.g., prevention of enzymatic reaction or activation of downstream pathway', 'parent_type': 'NEGATIVE MODULATOR'}",,29078771,[],CHEMBL6079422,Inhibition of PKMYT1 (unknown origin),B,,,BAO_0000190,BAO_0000357,single protein format,CSc1ncc2c(C(N)=O)c(N)n(-c3c(C)ccc(O)c3C)c2n1,,,CHEMBL6078629,J Med Chem,2024,,,CHEMBL6134017,,CHEMBL6134017,,0,http://www.openphacts.org/units/Nanomolar,4663850,<,1,1,<,,IC50,nM,,100,CHEMBL3984,Homo sapiens,Membrane-associated tyrosine- and threonine-specific cdc2-inhibitory kinase,9606,,,IC50,nM,UO_0000065,,100,7
"{'action_type': 'INHIBITOR', 'description': 'Negatively effects (inhibits) the normal functioning of the protein e.g., prevention of enzymatic reaction or activation of downstream pathway', 'parent_type': 'NEGATIVE MODULATOR'}",,29078772,[],CHEMBL6079422,Inhibition of PKMYT1 (unknown origin),B,,,BAO_0000190,BAO_0000357,single protein format,Cc1ccc(O)c(C)c1-n1c2ncc(N3CCOCC3)nc2c2c(N)ncnc21,,,CHEMBL6078629,J Med Chem,2024,,,CHEMBL6102982,,CHEMBL6102982,,0,http://www.openphacts.org/units/Nanomolar,4663851,<,1,1,<,,IC50,nM,,100,CHEMBL3984,Homo sapiens,Membrane-associated tyrosine- and threonine-specific cdc2-inhibitory kinase,9606,,,IC50,nM,UO_0000065,,100,7
"{'action_type': 'INHIBITOR', 'description': 'Negatively effects (inhibits) the normal functioning of the protein e.g., prevention of enzymatic reaction or activation of downstream pathway', 'parent_type': 'NEGATIVE MODULATOR'}",,29078773,[],CHEMBL6079422,Inhibition of PKMYT1 (unknown origin),B,,,BAO_0000190,BAO_0000357,single protein format,Cc1cc2c3c(N)ncnc3n(-c3c(C)ccc(O)c3C)c2nc1C,,,CHEMBL6078629,J Med Chem,2024,,,CHEMBL6147646,,CHEMBL6147646,,0,http://www.openphacts.org/units/Nanomolar,4663852,<,1,1,<,,IC50,nM,,100,CHEMBL3984,Homo sapiens,Membrane-associated tyrosine- and threonine-specific cdc2-inhibitory kinase,9606,,,IC50,nM,UO_0000065,,100,7
"{'action_type': 'INHIBITOR', 'description': 'Negatively effects (inhibits) the normal functioning of the protein e.g., prevention of enzymatic reaction or activation of downstream pathway', 'parent_type': 'NEGATIVE MODULATOR'}",,29078774,[],CHEMBL6079422,Inhibition of PKMYT1 (unknown origin),B,,,BAO_0000190,BAO_0000357,single protein format,Cc1ccc(O)c(C)c1-n1c(N)c(C(N)=O)c2cc(NC(N)=O)cnc21,,,CHEMBL6078629,J Med Chem,2024,,,CHEMBL6143592,,CHEMBL6143592,,0,http://www.openphacts.org/units/Nanomolar,4663853,<,1,1,<,,IC50,nM,,20,CHEMBL3984,Homo sapiens,Membrane-associated tyrosine- and threonine-specific cdc2-inhibitory kinase,9606,,,IC50,nM,UO_0000065,,20,7.698970004
"{'action_type': 'INHIBITOR', 'description': 'Negatively effects (inhibits) the normal functioning of the protein e.g., prevention of enzymatic reaction or activation of downstream pathway', 'parent_type': 'NEGATIVE MODULATOR'}",,29078775,[],CHEMBL6079422,Inhibition of PKMYT1 (unknown origin),B,,,BAO_0000190,BAO_0000357,single protein format,Cc1cc2c(C(N)=O)c(N)n(-c3c(C)c(O)cc(F)c3C)c2nc1C,,,CHEMBL6078629,J Med Chem,2024,,,CHEMBL6101855,,CHEMBL6101855,,0,http://www.openphacts.org/units/Nanomolar,4663854,<=,1,1,<=,,IC50,nM,,200,CHEMBL3984,Homo sapiens,Membrane-associated tyrosine- and threonine-specific cdc2-inhibitory kinase,9606,,,IC50,nM,UO_0000065,,200,6.698970004
"{'action_type': 'INHIBITOR', 'description': 'Negatively effects (inhibits) the normal functioning of the protein e.g., prevention of enzymatic reaction or activation of downstream pathway', 'parent_type': 'NEGATIVE MODULATOR'}",,29078776,[],CHEMBL6079422,Inhibition of PKMYT1 (unknown origin),B,,,BAO_0000190,BAO_0000357,single protein format,Cc1c(O)cccc1-c1c(N)c(C(N)=O)nc2cccnc12,,,CHEMBL6078629,J Med Chem,2024,,,CHEMBL6120304,,CHEMBL6120304,,0,http://www.openphacts.org/units/Nanomolar,4663855,<,1,1,<,,IC50,nM,,50,CHEMBL3984,Homo sapiens,Membrane-associated tyrosine- and threonine-specific cdc2-inhibitory kinase,9606,,,IC50,nM,UO_0000065,,50,7.301029996
"{'action_type': 'INHIBITOR', 'description': 'Negatively effects (inhibits) the normal functioning of the protein e.g., prevention of enzymatic reaction or activation of downstream pathway', 'parent_type': 'NEGATIVE MODULATOR'}",,29078777,[],CHEMBL6079422,Inhibition of PKMYT1 (unknown origin),B,,,BAO_0000190,BAO_0000357,single protein format,Cc1ccc(O)c(C)c1-c1c(N)c(C(N)=O)nc2cccnc12,,,CHEMBL6078629,J Med Chem,2024,,,CHEMBL6092002,,CHEMBL6092002,,0,http://www.openphacts.org/units/Nanomolar,4663856,<,1,1,<,,IC50,nM,,50,CHEMBL3984,Homo sapiens,Membrane-associated tyrosine- and threonine-specific cdc2-inhibitory kinase,9606,,,IC50,nM,UO_0000065,,50,7.301029996
"{'action_type': 'INHIBITOR', 'description': 'Negatively effects (inhibits) the normal functioning of the protein e.g., prevention of enzymatic reaction or activation of downstream pathway', 'parent_type': 'NEGATIVE MODULATOR'}",,29078778,[],CHEMBL6079422,Inhibition of PKMYT1 (unknown origin),B,,,BAO_0000190,BAO_0000357,single protein format,Cc1ccc(O)c(C)c1-c1c(N)c(C(N)=O)nc2nccnc12,,,CHEMBL6078629,J Med Chem,2024,,,CHEMBL6132811,,CHEMBL6132811,,0,http://www.openphacts.org/units/Nanomolar,4663857,<,1,1,<,,IC50,nM,,50,CHEMBL3984,Homo sapiens,Membrane-associated tyrosine- and threonine-specific cdc2-inhibitory kinase,9606,,,IC50,nM,UO_0000065,,50,7.301029996
"{'action_type': 'INHIBITOR', 'description': 'Negatively effects (inhibits) the normal functioning of the protein e.g., prevention of enzymatic reaction or activation of downstream pathway', 'parent_type': 'NEGATIVE MODULATOR'}",,29078779,[],CHEMBL6079422,Inhibition of PKMYT1 (unknown origin),B,,,BAO_0000190,BAO_0000357,single protein format,Cc1c(O)cccc1-c1c(N)c(C(N)=O)nc2cccc(C#N)c12,,,CHEMBL6078629,J Med Chem,2024,,,CHEMBL6142199,,CHEMBL6142199,,0,http://www.openphacts.org/units/Nanomolar,4663858,<,1,1,<,,IC50,nM,,50,CHEMBL3984,Homo sapiens,Membrane-associated tyrosine- and threonine-specific cdc2-inhibitory kinase,9606,,,IC50,nM,UO_0000065,,50,7.301029996
"{'action_type': 'INHIBITOR', 'description': 'Negatively effects (inhibits) the normal functioning of the protein e.g., prevention of enzymatic reaction or activation of downstream pathway', 'parent_type': 'NEGATIVE MODULATOR'}",,29078780,[],CHEMBL6079422,Inhibition of PKMYT1 (unknown origin),B,,,BAO_0000190,BAO_0000357,single protein format,Cc1c(O)cccc1-c1c(N)c(C(N)=O)cc2nccc(C#N)c12,,,CHEMBL6078629,J Med Chem,2024,,,CHEMBL6144116,,CHEMBL6144116,,0,http://www.openphacts.org/units/Nanomolar,4663859,<,1,1,<,,IC50,nM,,50,CHEMBL3984,Homo sapiens,Membrane-associated tyrosine- and threonine-specific cdc2-inhibitory kinase,9606,,,IC50,nM,UO_0000065,,50,7.301029996
"{'action_type': 'INHIBITOR', 'description': 'Negatively effects (inhibits) the normal functioning of the protein e.g., prevention of enzymatic reaction or activation of downstream pathway', 'parent_type': 'NEGATIVE MODULATOR'}",,29078781,[],CHEMBL6079422,Inhibition of PKMYT1 (unknown origin),B,,,BAO_0000190,BAO_0000357,single protein format,Cc1c(O)cccc1-c1c(N)c(C(N)=O)nc2cccc(C#N)c12,,,CHEMBL6078629,J Med Chem,2024,,,CHEMBL6142199,,CHEMBL6142199,,0,http://www.openphacts.org/units/Nanomolar,4663860,<,1,1,<,,IC50,nM,,50,CHEMBL3984,Homo sapiens,Membrane-associated tyrosine- and threonine-specific cdc2-inhibitory kinase,9606,,,IC50,nM,UO_0000065,,50,7.301029996
"{'action_type': 'INHIBITOR', 'description': 'Negatively effects (inhibits) the normal functioning of the protein e.g., prevention of enzymatic reaction or activation of downstream pathway', 'parent_type': 'NEGATIVE MODULATOR'}",,29078782,[],CHEMBL6079422,Inhibition of PKMYT1 (unknown origin),B,,,BAO_0000190,BAO_0000357,single protein format,COc1ccnc2c(-c3cccc(O)c3C)c(N)c(C(N)=O)cc12,,,CHEMBL6078629,J Med Chem,2024,,,CHEMBL6148188,,CHEMBL6148188,,0,http://www.openphacts.org/units/Nanomolar,4663861,<,1,1,<,,IC50,nM,,50,CHEMBL3984,Homo sapiens,Membrane-associated tyrosine- and threonine-specific cdc2-inhibitory kinase,9606,,,IC50,nM,UO_0000065,,50,7.301029996
"{'action_type': 'INHIBITOR', 'description': 'Negatively effects (inhibits) the normal functioning of the protein e.g., prevention of enzymatic reaction or activation of downstream pathway', 'parent_type': 'NEGATIVE MODULATOR'}",,29078783,[],CHEMBL6079422,Inhibition of PKMYT1 (unknown origin),B,,,BAO_0000190,BAO_0000357,single protein format,COc1ccnc2c(-c3c(C)ccc(O)c3C)c(N)c(C(N)=O)cc12,,,CHEMBL6078629,J Med Chem,2024,,,CHEMBL6102222,,CHEMBL6102222,,0,http://www.openphacts.org/units/Nanomolar,4663862,<,1,1,<,,IC50,nM,,50,CHEMBL3984,Homo sapiens,Membrane-associated tyrosine- and threonine-specific cdc2-inhibitory kinase,9606,,,IC50,nM,UO_0000065,,50,7.301029996
"{'action_type': 'INHIBITOR', 'description': 'Negatively effects (inhibits) the normal functioning of the protein e.g., prevention of enzymatic reaction or activation of downstream pathway', 'parent_type': 'NEGATIVE MODULATOR'}",,29078784,[],CHEMBL6079422,Inhibition of PKMYT1 (unknown origin),B,,,BAO_0000190,BAO_0000357,single protein format,CC1=CC2C(C(N)=O)=C(N)C(c3c(C)ccc(O)c3C)N2N=C1,,,CHEMBL6078629,J Med Chem,2024,,,CHEMBL6150553,,CHEMBL6150553,,0,http://www.openphacts.org/units/Nanomolar,4663863,<,1,1,<,,IC50,nM,,10,CHEMBL3984,Homo sapiens,Membrane-associated tyrosine- and threonine-specific cdc2-inhibitory kinase,9606,,,IC50,nM,UO_0000065,,10,8
"{'action_type': 'INHIBITOR', 'description': 'Negatively effects (inhibits) the normal functioning of the protein e.g., prevention of enzymatic reaction or activation of downstream pathway', 'parent_type': 'NEGATIVE MODULATOR'}",,29078785,[],CHEMBL6079422,Inhibition of PKMYT1 (unknown origin),B,,,BAO_0000190,BAO_0000357,single protein format,CC1=CC2C(C(N)=O)=C(N)C(c3c(C)ccc(O)c3C)N2N=C1C,,,CHEMBL6078629,J Med Chem,2024,,,CHEMBL6160324,,CHEMBL6160324,,0,http://www.openphacts.org/units/Nanomolar,4663864,<,1,1,<,,IC50,nM,,10,CHEMBL3984,Homo sapiens,Membrane-associated tyrosine- and threonine-specific cdc2-inhibitory kinase,9606,,,IC50,nM,UO_0000065,,10,8
"{'action_type': 'INHIBITOR', 'description': 'Negatively effects (inhibits) the normal functioning of the protein e.g., prevention of enzymatic reaction or activation of downstream pathway', 'parent_type': 'NEGATIVE MODULATOR'}",,29078786,[],CHEMBL6079422,Inhibition of PKMYT1 (unknown origin),B,,,BAO_0000190,BAO_0000357,single protein format,Cc1ccc(O)c(C)c1C1C(N)=C(C(N)=O)C2C=C(C(C)C)C=NN21,,,CHEMBL6078629,J Med Chem,2024,,,CHEMBL6142973,,CHEMBL6142973,,0,http://www.openphacts.org/units/Nanomolar,4663845,<,1,1,<,,IC50,nM,,10,CHEMBL3984,Homo sapiens,Membrane-associated tyrosine- and threonine-specific cdc2-inhibitory kinase,9606,,,IC50,nM,UO_0000065,,10,8
"{'action_type': 'INHIBITOR', 'description': 'Negatively effects (inhibits) the normal functioning of the protein e.g., prevention of enzymatic reaction or activation of downstream pathway', 'parent_type': 'NEGATIVE MODULATOR'}",,29078787,[],CHEMBL6079422,Inhibition of PKMYT1 (unknown origin),B,,,BAO_0000190,BAO_0000357,single protein format,CC1=NN2C(C=C1C1CC1)C(C(N)=O)=C(N)C2c1c(C)ccc(O)c1C,,,CHEMBL6078629,J Med Chem,2024,,,CHEMBL6144603,,CHEMBL6144603,,0,http://www.openphacts.org/units/Nanomolar,4663849,<,1,1,<,,IC50,nM,,10,CHEMBL3984,Homo sapiens,Membrane-associated tyrosine- and threonine-specific cdc2-inhibitory kinase,9606,,,IC50,nM,UO_0000065,,10,8
"{'action_type': 'INHIBITOR', 'description': 'Negatively effects (inhibits) the normal functioning of the protein e.g., prevention of enzymatic reaction or activation of downstream pathway', 'parent_type': 'NEGATIVE MODULATOR'}",,29138084,"[{'comments': None, 'relation': '=', 'result_flag': 0, 'standard_relation': '=', 'standard_text_value': None, 'standard_type': 'TIME', 'standard_units': 'hr', 'standard_value': '0.25', 'text_value': None, 'type': 'TIME', 'units': 'min', 'value': '15.0'}]",CHEMBL6097253,Binding affinity to recombinant human PKMYT1 incubated for15 mins by HTRF assay,B,,,BAO_0000190,BAO_0000357,single protein format,Cc1ccc(O)c(C)c1-n1c(N)c(C(N)=O)c2c(=O)n(C)c(C)cc21,,,CHEMBL6096637,Eur J Med Chem,2025,"{'bei': '23.29', 'le': '0.43', 'lle': '6.29', 'sei': '6.82'}",,CHEMBL6160366,,CHEMBL6160366,7.93,0,http://www.openphacts.org/units/Nanomolar,4675381,=,1,1,=,,IC50,nM,,11.8,CHEMBL3984,Homo sapiens,Membrane-associated tyrosine- and threonine-specific cdc2-inhibitory kinase,9606,,,IC50,nM,UO_0000065,,11.8,7.928117993
"{'action_type': 'INHIBITOR', 'description': 'Negatively effects (inhibits) the normal functioning of the protein e.g., prevention of enzymatic reaction or activation of downstream pathway', 'parent_type': 'NEGATIVE MODULATOR'}",,29138085,"[{'comments': None, 'relation': '=', 'result_flag': 0, 'standard_relation': '=', 'standard_text_value': None, 'standard_type': 'TIME', 'standard_units': 'hr', 'standard_value': '0.25', 'text_value': None, 'type': 'TIME', 'units': 'min', 'value': '15.0'}]",CHEMBL6097253,Binding affinity to recombinant human PKMYT1 incubated for15 mins by HTRF assay,B,,,BAO_0000190,BAO_0000357,single protein format,Cc1ccc(O)c(C)c1-n1c(N)c(C(N)=O)c2c(=O)n(C3CC3)c(C)cc21,,,CHEMBL6096637,Eur J Med Chem,2025,"{'bei': '22.81', 'le': '0.42', 'lle': '5.92', 'sei': '7.19'}",,CHEMBL6148980,,CHEMBL6148980,8.36,0,http://www.openphacts.org/units/Nanomolar,4675382,=,1,1,=,,IC50,nM,,4.4,CHEMBL3984,Homo sapiens,Membrane-associated tyrosine- and threonine-specific cdc2-inhibitory kinase,9606,,,IC50,nM,UO_0000065,,4.4,8.356547324
"{'action_type': 'INHIBITOR', 'description': 'Negatively effects (inhibits) the normal functioning of the protein e.g., prevention of enzymatic reaction or activation of downstream pathway', 'parent_type': 'NEGATIVE MODULATOR'}",,29138086,"[{'comments': None, 'relation': '=', 'result_flag': 0, 'standard_relation': '=', 'standard_text_value': None, 'standard_type': 'TIME', 'standard_units': 'hr', 'standard_value': '0.25', 'text_value': None, 'type': 'TIME', 'units': 'min', 'value': '15.0'}]",CHEMBL6097253,Binding affinity to recombinant human PKMYT1 incubated for15 mins by HTRF assay,B,,,BAO_0000190,BAO_0000357,single protein format,Cc1ccc(O)c(C)c1-n1c(N)c(C(N)=O)c2c(=O)n(C)c(C)nc21,,,CHEMBL6096637,Eur J Med Chem,2025,"{'bei': '24.81', 'le': '0.46', 'lle': '7.43', 'sei': '6.56'}",,CHEMBL6166275,,CHEMBL6166275,8.47,0,http://www.openphacts.org/units/Nanomolar,4675383,=,1,1,=,,IC50,nM,,3.4,CHEMBL3984,Homo sapiens,Membrane-associated tyrosine- and threonine-specific cdc2-inhibitory kinase,9606,,,IC50,nM,UO_0000065,,3.4,8.468521083
"{'action_type': 'INHIBITOR', 'description': 'Negatively effects (inhibits) the normal functioning of the protein e.g., prevention of enzymatic reaction or activation of downstream pathway', 'parent_type': 'NEGATIVE MODULATOR'}",,29138087,"[{'comments': None, 'relation': '=', 'result_flag': 0, 'standard_relation': '=', 'standard_text_value': None, 'standard_type': 'TIME', 'standard_units': 'hr', 'standard_value': '0.25', 'text_value': None, 'type': 'TIME', 'units': 'min', 'value': '15.0'}]",CHEMBL6097253,Binding affinity to recombinant human PKMYT1 incubated for15 mins by HTRF assay,B,,,BAO_0000190,BAO_0000357,single protein format,Cc1ccc(O)c(C)c1-n1c(N)c(C(N)=O)c2c(=O)n(CC3CC3)c(C)nc21,,,CHEMBL6096637,Eur J Med Chem,2025,"{'bei': '22.75', 'le': '0.42', 'lle': '6.77', 'sei': '6.72'}",,CHEMBL6142344,,CHEMBL6142344,8.68,0,http://www.openphacts.org/units/Nanomolar,4675384,=,1,1,=,,IC50,nM,,2.1,CHEMBL3984,Homo sapiens,Membrane-associated tyrosine- and threonine-specific cdc2-inhibitory kinase,9606,,,IC50,nM,UO_0000065,,2.1,8.677780705
"{'action_type': 'INHIBITOR', 'description': 'Negatively effects (inhibits) the normal functioning of the protein e.g., prevention of enzymatic reaction or activation of downstream pathway', 'parent_type': 'NEGATIVE MODULATOR'}",,29138088,"[{'comments': None, 'relation': '=', 'result_flag': 0, 'standard_relation': '=', 'standard_text_value': None, 'standard_type': 'TIME', 'standard_units': 'hr', 'standard_value': '0.25', 'text_value': None, 'type': 'TIME', 'units': 'min', 'value': '15.0'}]",CHEMBL6097253,Binding affinity to recombinant human PKMYT1 incubated for15 mins by HTRF assay,B,,,BAO_0000190,BAO_0000357,single protein format,Cc1cc2c(C(N)=O)c(N)n(-c3c(C)ccc(O)c3C)c2nc1C,,,CHEMBL6096637,Eur J Med Chem,2025,"{'bei': '27.12', 'le': '0.50', 'lle': '6.15', 'sei': '8.21'}",,CHEMBL5199076,LUNRESERTIB,CHEMBL5199076,8.8,0,http://www.openphacts.org/units/Nanomolar,4675385,=,1,1,=,,IC50,nM,,1.6,CHEMBL3984,Homo sapiens,Membrane-associated tyrosine- and threonine-specific cdc2-inhibitory kinase,9606,,,IC50,nM,UO_0000065,,1.6,8.795880017
"{'action_type': 'INHIBITOR', 'description': 'Negatively effects (inhibits) the normal functioning of the protein e.g., prevention of enzymatic reaction or activation of downstream pathway', 'parent_type': 'NEGATIVE MODULATOR'}",,29138089,"[{'comments': None, 'relation': '=', 'result_flag': 0, 'standard_relation': '=', 'standard_text_value': None, 'standard_type': 'TIME', 'standard_units': 'hr', 'standard_value': '0.25', 'text_value': None, 'type': 'TIME', 'units': 'min', 'value': '15.0'}]",CHEMBL6097253,Binding affinity to recombinant human PKMYT1 incubated for15 mins by HTRF assay,B,,,BAO_0000190,BAO_0000357,single protein format,C=CCn1c(C)nc2c(c(C(N)=O)c(N)n2-c2c(C)ccc(O)c2C)c1=O,,,CHEMBL6096637,Eur J Med Chem,2025,"{'bei': '22.86', 'le': '0.42', 'lle': '6.71', 'sei': '6.50'}",,CHEMBL6166383,,CHEMBL6166383,8.4,0,http://www.openphacts.org/units/Nanomolar,4675386,=,1,1,=,,IC50,nM,,4,CHEMBL3984,Homo sapiens,Membrane-associated tyrosine- and threonine-specific cdc2-inhibitory kinase,9606,,,IC50,nM,UO_0000065,,4,8.397940009
"{'action_type': 'INHIBITOR', 'description': 'Negatively effects (inhibits) the normal functioning of the protein e.g., prevention of enzymatic reaction or activation of downstream pathway', 'parent_type': 'NEGATIVE MODULATOR'}",,29138090,"[{'comments': None, 'relation': '=', 'result_flag': 0, 'standard_relation': '=', 'standard_text_value': None, 'standard_type': 'TIME', 'standard_units': 'hr', 'standard_value': '0.25', 'text_value': None, 'type': 'TIME', 'units': 'min', 'value': '15.0'}]",CHEMBL6097253,Binding affinity to recombinant human PKMYT1 incubated for15 mins by HTRF assay,B,,,BAO_0000190,BAO_0000357,single protein format,C#CCn1c(C)nc2c(c(C(N)=O)c(N)n2-c2c(C)ccc(O)c2C)c1=O,,,CHEMBL6096637,Eur J Med Chem,2025,"{'bei': '23.14', 'le': '0.43', 'lle': '7.33', 'sei': '6.55'}",,CHEMBL6162213,,CHEMBL6162213,8.46,0,http://www.openphacts.org/units/Nanomolar,4675387,=,1,1,=,,IC50,nM,,3.5,CHEMBL3984,Homo sapiens,Membrane-associated tyrosine- and threonine-specific cdc2-inhibitory kinase,9606,,,IC50,nM,UO_0000065,,3.5,8.455931956
"{'action_type': 'INHIBITOR', 'description': 'Negatively effects (inhibits) the normal functioning of the protein e.g., prevention of enzymatic reaction or activation of downstream pathway', 'parent_type': 'NEGATIVE MODULATOR'}",,29138091,"[{'comments': None, 'relation': '=', 'result_flag': 0, 'standard_relation': '=', 'standard_text_value': None, 'standard_type': 'TIME', 'standard_units': 'hr', 'standard_value': '0.25', 'text_value': None, 'type': 'TIME', 'units': 'min', 'value': '15.0'}]",CHEMBL6097253,Binding affinity to recombinant human PKMYT1 incubated for15 mins by HTRF assay,B,,,BAO_0000190,BAO_0000357,single protein format,Cc1ccc(O)c(C)c1-n1c(N)c(C(N)=O)c2c(=O)n(CF)c(C)nc21,,,CHEMBL6096637,Eur J Med Chem,2025,"{'bei': '24.48', 'le': '0.46', 'lle': '7.37', 'sei': '6.81'}",,CHEMBL6166891,,CHEMBL6166891,8.8,0,http://www.openphacts.org/units/Nanomolar,4675388,=,1,1,=,,IC50,nM,,1.6,CHEMBL3984,Homo sapiens,Membrane-associated tyrosine- and threonine-specific cdc2-inhibitory kinase,9606,,,IC50,nM,UO_0000065,,1.6,8.795880017
"{'action_type': 'INHIBITOR', 'description': 'Negatively effects (inhibits) the normal functioning of the protein e.g., prevention of enzymatic reaction or activation of downstream pathway', 'parent_type': 'NEGATIVE MODULATOR'}",,29138092,"[{'comments': None, 'relation': '=', 'result_flag': 0, 'standard_relation': '=', 'standard_text_value': None, 'standard_type': 'TIME', 'standard_units': 'hr', 'standard_value': '0.25', 'text_value': None, 'type': 'TIME', 'units': 'min', 'value': '15.0'}]",CHEMBL6097253,Binding affinity to recombinant human PKMYT1 incubated for15 mins by HTRF assay,B,,,BAO_0000190,BAO_0000357,single protein format,Cc1ccc(O)c(C)c1-n1c(N)c(C(N)=O)c2c(=O)n(CCF)c(C)nc21,,,CHEMBL6096637,Eur J Med Chem,2025,"{'bei': '23.09', 'le': '0.44', 'lle': '7.15', 'sei': '6.67'}",,CHEMBL6160348,,CHEMBL6160348,8.62,0,http://www.openphacts.org/units/Nanomolar,4675389,=,1,1,=,,IC50,nM,,2.4,CHEMBL3984,Homo sapiens,Membrane-associated tyrosine- and threonine-specific cdc2-inhibitory kinase,9606,,,IC50,nM,UO_0000065,,2.4,8.619788758
"{'action_type': 'INHIBITOR', 'description': 'Negatively effects (inhibits) the normal functioning of the protein e.g., prevention of enzymatic reaction or activation of downstream pathway', 'parent_type': 'NEGATIVE MODULATOR'}",,29138093,"[{'comments': None, 'relation': '=', 'result_flag': 0, 'standard_relation': '=', 'standard_text_value': None, 'standard_type': 'TIME', 'standard_units': 'hr', 'standard_value': '0.25', 'text_value': None, 'type': 'TIME', 'units': 'min', 'value': '15.0'}]",CHEMBL6097253,Binding affinity to recombinant human PKMYT1 incubated for15 mins by HTRF assay,B,,,BAO_0000190,BAO_0000357,single protein format,Cc1ccc(O)c(C)c1-n1c(N)c(C(N)=O)c2c(=O)n(CC(F)F)c(C)nc21,,,CHEMBL6096637,Eur J Med Chem,2025,"{'bei': '22.07', 'le': '0.42', 'lle': '6.88', 'sei': '6.69'}",,CHEMBL6142455,,CHEMBL6142455,8.64,0,http://www.openphacts.org/units/Nanomolar,4675390,=,1,1,=,,IC50,nM,,2.3,CHEMBL3984,Homo sapiens,Membrane-associated tyrosine- and threonine-specific cdc2-inhibitory kinase,9606,,,IC50,nM,UO_0000065,,2.3,8.638272164
"{'action_type': 'INHIBITOR', 'description': 'Negatively effects (inhibits) the normal functioning of the protein e.g., prevention of enzymatic reaction or activation of downstream pathway', 'parent_type': 'NEGATIVE MODULATOR'}",,29138094,"[{'comments': None, 'relation': '=', 'result_flag': 0, 'standard_relation': '=', 'standard_text_value': None, 'standard_type': 'TIME', 'standard_units': 'hr', 'standard_value': '0.25', 'text_value': None, 'type': 'TIME', 'units': 'min', 'value': '15.0'}]",CHEMBL6097253,Binding affinity to recombinant human PKMYT1 incubated for15 mins by HTRF assay,B,,,BAO_0000190,BAO_0000357,single protein format,Cc1ccc(O)c(C)c1-n1c(N)c(C(N)=O)c2c(=O)n(CC(F)(F)F)c(C)nc21,,,CHEMBL6096637,Eur J Med Chem,2025,"{'bei': '21.30', 'le': '0.41', 'lle': '6.66', 'sei': '6.75'}",,CHEMBL6142087,,CHEMBL6142087,8.72,0,http://www.openphacts.org/units/Nanomolar,4675391,=,1,1,=,,IC50,nM,,1.9,CHEMBL3984,Homo sapiens,Membrane-associated tyrosine- and threonine-specific cdc2-inhibitory kinase,9606,,,IC50,nM,UO_0000065,,1.9,8.721246399
"{'action_type': 'INHIBITOR', 'description': 'Negatively effects (inhibits) the normal functioning of the protein e.g., prevention of enzymatic reaction or activation of downstream pathway', 'parent_type': 'NEGATIVE MODULATOR'}",,29138095,"[{'comments': None, 'relation': '=', 'result_flag': 0, 'standard_relation': '=', 'standard_text_value': None, 'standard_type': 'TIME', 'standard_units': 'hr', 'standard_value': '0.25', 'text_value': None, 'type': 'TIME', 'units': 'min', 'value': '15.0'}]",CHEMBL6097253,Binding affinity to recombinant human PKMYT1 incubated for15 mins by HTRF assay,B,,,BAO_0000190,BAO_0000357,single protein format,Cc1ccc(O)c(C)c1-n1c(N)c(C(N)=O)c2c(=O)n(CC#N)c(C)nc21,,,CHEMBL6096637,Eur J Med Chem,2025,"{'bei': '22.98', 'le': '0.43', 'lle': '7.40', 'sei': '5.51'}",,CHEMBL6165726,,CHEMBL6165726,8.42,0,http://www.openphacts.org/units/Nanomolar,4675392,=,1,1,=,,IC50,nM,,3.8,CHEMBL3984,Homo sapiens,Membrane-associated tyrosine- and threonine-specific cdc2-inhibitory kinase,9606,,,IC50,nM,UO_0000065,,3.8,8.420216403
"{'action_type': 'INHIBITOR', 'description': 'Negatively effects (inhibits) the normal functioning of the protein e.g., prevention of enzymatic reaction or activation of downstream pathway', 'parent_type': 'NEGATIVE MODULATOR'}",,29138096,"[{'comments': None, 'relation': '=', 'result_flag': 0, 'standard_relation': '=', 'standard_text_value': None, 'standard_type': 'TIME', 'standard_units': 'hr', 'standard_value': '0.25', 'text_value': None, 'type': 'TIME', 'units': 'min', 'value': '15.0'}]",CHEMBL6097253,Binding affinity to recombinant human PKMYT1 incubated for15 mins by HTRF assay,B,,,BAO_0000190,BAO_0000357,single protein format,Cc1ccc(O)c(C)c1-n1c(N)c(C(N)=O)c2c(=O)n(CCO)c(C)nc21,,,CHEMBL6096637,Eur J Med Chem,2025,"{'bei': '22.99', 'le': '0.43', 'lle': '8.05', 'sei': '5.71'}",,CHEMBL6161355,,CHEMBL6161355,8.54,0,http://www.openphacts.org/units/Nanomolar,4675393,=,1,1,=,,IC50,nM,,2.9,CHEMBL3984,Homo sapiens,Membrane-associated tyrosine- and threonine-specific cdc2-inhibitory kinase,9606,,,IC50,nM,UO_0000065,,2.9,8.537602002
"{'action_type': 'INHIBITOR', 'description': 'Negatively effects (inhibits) the normal functioning of the protein e.g., prevention of enzymatic reaction or activation of downstream pathway', 'parent_type': 'NEGATIVE MODULATOR'}",,29138233,"[{'comments': None, 'relation': '=', 'result_flag': 0, 'standard_relation': '=', 'standard_text_value': None, 'standard_type': 'TIME', 'standard_units': 'hr', 'standard_value': '1.25', 'text_value': None, 'type': 'TIME', 'units': 'min', 'value': '75.0'}]",CHEMBL6097331,Inhibition of full length recombinant GST-tagged human PKMYT1 preincubated with compound for 15 mins followed by ATP addition and measured after 1 hr by ADP-GLO kinase assay,B,,,BAO_0000190,BAO_0000357,single protein format,Cc1cc2c(C(N)=O)c(N)n(-c3c(C)ccc(O)c3C)c2nc1C,,,CHEMBL6096637,Eur J Med Chem,2025,"{'bei': '26.23', 'le': '0.48', 'lle': '5.86', 'sei': '7.94'}",,CHEMBL5199076,LUNRESERTIB,CHEMBL5199076,8.51,0,http://www.openphacts.org/units/Nanomolar,4675385,=,1,1,=,,IC50,nM,,3.1,CHEMBL3984,Homo sapiens,Membrane-associated tyrosine- and threonine-specific cdc2-inhibitory kinase,9606,,,IC50,nM,UO_0000065,,3.1,8.508638306
"{'action_type': 'INHIBITOR', 'description': 'Negatively effects (inhibits) the normal functioning of the protein e.g., prevention of enzymatic reaction or activation of downstream pathway', 'parent_type': 'NEGATIVE MODULATOR'}",,29138234,[],CHEMBL6097332,Inhibition of PKMYT1 (unknown origin),B,,,BAO_0000190,BAO_0000357,single protein format,O=C(O[C@@H]1Cc2c(O)cc(O)cc2O[C@@H]1c1cc(O)c(O)c(O)c1)c1cc(O)c(O)c(O)c1,,,CHEMBL6096637,Eur J Med Chem,2025,"{'bei': '14.97', 'le': '0.28', 'lle': '4.63', 'sei': '3.48'}",,CHEMBL297453,EPIGALOCATECHIN GALLATE,CHEMBL297453,6.86,1,http://www.openphacts.org/units/Nanomolar,4675394,=,1,1,=,,IC50,nM,,137,CHEMBL3984,Homo sapiens,Membrane-associated tyrosine- and threonine-specific cdc2-inhibitory kinase,9606,,,IC50,nM,UO_0000065,,137,6.863279433
"{'action_type': 'INHIBITOR', 'description': 'Negatively effects (inhibits) the normal functioning of the protein e.g., prevention of enzymatic reaction or activation of downstream pathway', 'parent_type': 'NEGATIVE MODULATOR'}",,29185293,"[{'comments': None, 'relation': '=', 'result_flag': 0, 'standard_relation': '=', 'standard_text_value': None, 'standard_type': 'TIME', 'standard_units': 'hr', 'standard_value': '1.25', 'text_value': None, 'type': 'TIME', 'units': 'min', 'value': '75.0'}]",CHEMBL6113803,Inhibition of GST-tagged PKMYT1 (unknown origin) preincubated with compound for 15 mins followed by ATP addition and measured after 60 mins ADP-Glo reagent based microplate reader analysis,B,,,BAO_0000190,BAO_0000357,single protein format,Nc1c(-c2cccc(O)c2)c2cc(Cl)ccc2[nH]c1=O,,,CHEMBL6109150,J Med Chem,2025,"{'bei': '25.57', 'le': '0.50', 'lle': '4.19', 'sei': '9.27'}",,CHEMBL6172134,,CHEMBL6172134,7.33,0,http://www.openphacts.org/units/Nanomolar,4684751,=,1,1,=,,IC50,nM,,46.7,CHEMBL3984,Homo sapiens,Membrane-associated tyrosine- and threonine-specific cdc2-inhibitory kinase,9606,,,IC50,nM,UO_0000065,,46.7,7.330683119
"{'action_type': 'INHIBITOR', 'description': 'Negatively effects (inhibits) the normal functioning of the protein e.g., prevention of enzymatic reaction or activation of downstream pathway', 'parent_type': 'NEGATIVE MODULATOR'}",,29185294,"[{'comments': None, 'relation': '=', 'result_flag': 0, 'standard_relation': '=', 'standard_text_value': None, 'standard_type': 'TIME', 'standard_units': 'hr', 'standard_value': '1.25', 'text_value': None, 'type': 'TIME', 'units': 'min', 'value': '75.0'}]",CHEMBL6113803,Inhibition of GST-tagged PKMYT1 (unknown origin) preincubated with compound for 15 mins followed by ATP addition and measured after 60 mins ADP-Glo reagent based microplate reader analysis,B,,,BAO_0000190,BAO_0000357,single protein format,Nc1c(-c2cccc(O)c2)c2ncc(Cl)cc2[nH]c1=O,,,CHEMBL6109150,J Med Chem,2025,"{'bei': '27.00', 'le': '0.53', 'lle': '5.24', 'sei': '8.45'}",,CHEMBL6166852,,CHEMBL6166852,7.77,0,http://www.openphacts.org/units/Nanomolar,4684752,=,1,1,=,,IC50,nM,,17,CHEMBL3984,Homo sapiens,Membrane-associated tyrosine- and threonine-specific cdc2-inhibitory kinase,9606,,,IC50,nM,UO_0000065,,17,7.769551079
"{'action_type': 'INHIBITOR', 'description': 'Negatively effects (inhibits) the normal functioning of the protein e.g., prevention of enzymatic reaction or activation of downstream pathway', 'parent_type': 'NEGATIVE MODULATOR'}",,29185295,"[{'comments': None, 'relation': '=', 'result_flag': 0, 'standard_relation': '=', 'standard_text_value': None, 'standard_type': 'TIME', 'standard_units': 'hr', 'standard_value': '1.25', 'text_value': None, 'type': 'TIME', 'units': 'min', 'value': '75.0'}]",CHEMBL6113803,Inhibition of GST-tagged PKMYT1 (unknown origin) preincubated with compound for 15 mins followed by ATP addition and measured after 60 mins ADP-Glo reagent based microplate reader analysis,B,,,BAO_0000190,BAO_0000357,single protein format,Cc1ccc(O)cc1-c1c(N)c(=O)[nH]c2cc(Cl)cnc12,,,CHEMBL6109150,J Med Chem,2025,"{'bei': '25.66', 'le': '0.50', 'lle': '4.90', 'sei': '8.42'}",,CHEMBL6146657,,CHEMBL6146657,7.74,0,http://www.openphacts.org/units/Nanomolar,4684753,=,1,1,=,,IC50,nM,,18.1,CHEMBL3984,Homo sapiens,Membrane-associated tyrosine- and threonine-specific cdc2-inhibitory kinase,9606,,,IC50,nM,UO_0000065,,18.1,7.742321425
"{'action_type': 'INHIBITOR', 'description': 'Negatively effects (inhibits) the normal functioning of the protein e.g., prevention of enzymatic reaction or activation of downstream pathway', 'parent_type': 'NEGATIVE MODULATOR'}",,29185296,"[{'comments': None, 'relation': '=', 'result_flag': 0, 'standard_relation': '=', 'standard_text_value': None, 'standard_type': 'TIME', 'standard_units': 'hr', 'standard_value': '1.25', 'text_value': None, 'type': 'TIME', 'units': 'min', 'value': '75.0'}]",CHEMBL6113803,Inhibition of GST-tagged PKMYT1 (unknown origin) preincubated with compound for 15 mins followed by ATP addition and measured after 60 mins ADP-Glo reagent based microplate reader analysis,B,,,BAO_0000190,BAO_0000357,single protein format,Cc1c(O)cccc1-c1c(N)c(=O)[nH]c2cc(Cl)cnc12,,,CHEMBL6109150,J Med Chem,2025,"{'bei': '25.33', 'le': '0.50', 'lle': '4.80', 'sei': '8.31'}",,CHEMBL6164430,,CHEMBL6164430,7.64,0,http://www.openphacts.org/units/Nanomolar,4684754,=,1,1,=,,IC50,nM,,22.7,CHEMBL3984,Homo sapiens,Membrane-associated tyrosine- and threonine-specific cdc2-inhibitory kinase,9606,,,IC50,nM,UO_0000065,,22.7,7.643974143
"{'action_type': 'INHIBITOR', 'description': 'Negatively effects (inhibits) the normal functioning of the protein e.g., prevention of enzymatic reaction or activation of downstream pathway', 'parent_type': 'NEGATIVE MODULATOR'}",,29185297,"[{'comments': None, 'relation': '=', 'result_flag': 0, 'standard_relation': '=', 'standard_text_value': None, 'standard_type': 'TIME', 'standard_units': 'hr', 'standard_value': '1.25', 'text_value': None, 'type': 'TIME', 'units': 'min', 'value': '75.0'}]",CHEMBL6113803,Inhibition of GST-tagged PKMYT1 (unknown origin) preincubated with compound for 15 mins followed by ATP addition and measured after 60 mins ADP-Glo reagent based microplate reader analysis,B,,,BAO_0000190,BAO_0000357,single protein format,Cc1ccc(O)c(C)c1-c1c(N)c(=O)[nH]c2cc(Cl)cnc12,,,CHEMBL6109150,J Med Chem,2025,"{'bei': '24.50', 'le': '0.48', 'lle': '4.59', 'sei': '8.41'}",,CHEMBL6176805,,CHEMBL6176805,7.74,0,http://www.openphacts.org/units/Nanomolar,4684755,=,1,1,=,,IC50,nM,,18.4,CHEMBL3984,Homo sapiens,Membrane-associated tyrosine- and threonine-specific cdc2-inhibitory kinase,9606,,,IC50,nM,UO_0000065,,18.4,7.735182177
"{'action_type': 'INHIBITOR', 'description': 'Negatively effects (inhibits) the normal functioning of the protein e.g., prevention of enzymatic reaction or activation of downstream pathway', 'parent_type': 'NEGATIVE MODULATOR'}",,29185298,"[{'comments': None, 'relation': '=', 'result_flag': 0, 'standard_relation': '=', 'standard_text_value': None, 'standard_type': 'TIME', 'standard_units': 'hr', 'standard_value': '1.25', 'text_value': None, 'type': 'TIME', 'units': 'min', 'value': '75.0'}]",CHEMBL6113803,Inhibition of GST-tagged PKMYT1 (unknown origin) preincubated with compound for 15 mins followed by ATP addition and measured after 60 mins ADP-Glo reagent based microplate reader analysis,B,,,BAO_0000190,BAO_0000357,single protein format,Nc1c(-c2cccc3c2CC(=O)N3)c2ncc(Cl)cc2[nH]c1=O,,,CHEMBL6109150,J Med Chem,2025,"{'bei': '16.11', 'le': '0.31', 'lle': '2.94', 'sei': '5.22'}",,CHEMBL6163071,,CHEMBL6163071,5.26,0,http://www.openphacts.org/units/Nanomolar,4684756,=,1,1,=,,IC50,nM,,5446,CHEMBL3984,Homo sapiens,Membrane-associated tyrosine- and threonine-specific cdc2-inhibitory kinase,9606,,,IC50,nM,UO_0000065,,5446,5.263922363
"{'action_type': 'INHIBITOR', 'description': 'Negatively effects (inhibits) the normal functioning of the protein e.g., prevention of enzymatic reaction or activation of downstream pathway', 'parent_type': 'NEGATIVE MODULATOR'}",,29185299,"[{'comments': None, 'relation': '=', 'result_flag': 0, 'standard_relation': '=', 'standard_text_value': None, 'standard_type': 'TIME', 'standard_units': 'hr', 'standard_value': '1.25', 'text_value': None, 'type': 'TIME', 'units': 'min', 'value': '75.0'}]",CHEMBL6113803,Inhibition of GST-tagged PKMYT1 (unknown origin) preincubated with compound for 15 mins followed by ATP addition and measured after 60 mins ADP-Glo reagent based microplate reader analysis,B,,,BAO_0000190,BAO_0000357,single protein format,Cc1cnc2c(-c3cccc4[nH]ncc34)c(N)c(=O)[nH]c2c1,,,CHEMBL6109150,J Med Chem,2025,"{'bei': '26.77', 'le': '0.48', 'lle': '5.44', 'sei': '7.76'}",,CHEMBL6149933,,CHEMBL6149933,7.8,0,http://www.openphacts.org/units/Nanomolar,4684757,=,1,1,=,,IC50,nM,,15.9,CHEMBL3984,Homo sapiens,Membrane-associated tyrosine- and threonine-specific cdc2-inhibitory kinase,9606,,,IC50,nM,UO_0000065,,15.9,7.798602876
"{'action_type': 'INHIBITOR', 'description': 'Negatively effects (inhibits) the normal functioning of the protein e.g., prevention of enzymatic reaction or activation of downstream pathway', 'parent_type': 'NEGATIVE MODULATOR'}",,29185300,"[{'comments': None, 'relation': '=', 'result_flag': 0, 'standard_relation': '=', 'standard_text_value': None, 'standard_type': 'TIME', 'standard_units': 'hr', 'standard_value': '1.25', 'text_value': None, 'type': 'TIME', 'units': 'min', 'value': '75.0'}]",CHEMBL6113803,Inhibition of GST-tagged PKMYT1 (unknown origin) preincubated with compound for 15 mins followed by ATP addition and measured after 60 mins ADP-Glo reagent based microplate reader analysis,B,,,BAO_0000190,BAO_0000357,single protein format,Nc1c(-c2ccc(F)c3[nH]ncc23)c2ncc(Cl)cc2[nH]c1=O,,,CHEMBL6109150,J Med Chem,2025,"{'bei': '24.20', 'le': '0.47', 'lle': '5.14', 'sei': '7.94'}",,CHEMBL6152793,,CHEMBL6152793,7.98,0,http://www.openphacts.org/units/Nanomolar,4684758,=,1,1,=,,IC50,nM,,10.5,CHEMBL3984,Homo sapiens,Membrane-associated tyrosine- and threonine-specific cdc2-inhibitory kinase,9606,,,IC50,nM,UO_0000065,,10.5,7.978810701
"{'action_type': 'INHIBITOR', 'description': 'Negatively effects (inhibits) the normal functioning of the protein e.g., prevention of enzymatic reaction or activation of downstream pathway', 'parent_type': 'NEGATIVE MODULATOR'}",,29185301,"[{'comments': None, 'relation': '=', 'result_flag': 0, 'standard_relation': '=', 'standard_text_value': None, 'standard_type': 'TIME', 'standard_units': 'hr', 'standard_value': '1.25', 'text_value': None, 'type': 'TIME', 'units': 'min', 'value': '75.0'}]",CHEMBL6113803,Inhibition of GST-tagged PKMYT1 (unknown origin) preincubated with compound for 15 mins followed by ATP addition and measured after 60 mins ADP-Glo reagent based microplate reader analysis,B,,,BAO_0000190,BAO_0000357,single protein format,Cc1cc2c(C(N)=O)c(N)n(-c3c(C)ccc(O)c3C)c2nc1C,,,CHEMBL6109150,J Med Chem,2025,,,CHEMBL5199076,LUNRESERTIB,CHEMBL5199076,,0,http://www.openphacts.org/units/Nanomolar,4684759,<,1,1,<,,IC50,nM,,10,CHEMBL3984,Homo sapiens,Membrane-associated tyrosine- and threonine-specific cdc2-inhibitory kinase,9606,,,IC50,nM,UO_0000065,,10,8
"{'action_type': 'INHIBITOR', 'description': 'Negatively effects (inhibits) the normal functioning of the protein e.g., prevention of enzymatic reaction or activation of downstream pathway', 'parent_type': 'NEGATIVE MODULATOR'}",,29185348,"[{'comments': None, 'relation': '=', 'result_flag': 0, 'standard_relation': '=', 'standard_text_value': None, 'standard_type': 'TIME', 'standard_units': 'hr', 'standard_value': '2.083', 'text_value': None, 'type': 'TIME', 'units': 'min', 'value': '125.0'}]",CHEMBL6113807,Binding affinity to NanoLuc-fused PKMYT1 (unknown origin) transfected in HEK293T cells preincubated with compound for 2 hrs followed by substrate addition and measured after 5 mins by NanoBRET assay,B,,,BAO_0000190,BAO_0000219,cell-based format,Nc1c(-c2ccc(F)c3[nH]ncc23)c2ncc(Cl)cc2[nH]c1=O,,,CHEMBL6109150,J Med Chem,2025,"{'bei': '23.77', 'le': '0.47', 'lle': '5.00', 'sei': '7.80'}",,CHEMBL6152793,,CHEMBL6152793,7.84,0,http://www.openphacts.org/units/Nanomolar,4684758,=,1,1,=,,IC50,nM,,14.5,CHEMBL3984,Homo sapiens,Membrane-associated tyrosine- and threonine-specific cdc2-inhibitory kinase,9606,,,IC50,nM,UO_0000065,,14.5,7.838631998
"{'action_type': 'INHIBITOR', 'description': 'Negatively effects (inhibits) the normal functioning of the protein e.g., prevention of enzymatic reaction or activation of downstream pathway', 'parent_type': 'NEGATIVE MODULATOR'}",,29185349,"[{'comments': None, 'relation': '=', 'result_flag': 0, 'standard_relation': '=', 'standard_text_value': None, 'standard_type': 'TIME', 'standard_units': 'hr', 'standard_value': '2.083', 'text_value': None, 'type': 'TIME', 'units': 'min', 'value': '125.0'}]",CHEMBL6113807,Binding affinity to NanoLuc-fused PKMYT1 (unknown origin) transfected in HEK293T cells preincubated with compound for 2 hrs followed by substrate addition and measured after 5 mins by NanoBRET assay,B,,,BAO_0000190,BAO_0000219,cell-based format,Cc1cc2c(C(N)=O)c(N)n(-c3c(C)ccc(O)c3C)c2nc1C,,,CHEMBL6109150,J Med Chem,2025,"{'bei': '26.03', 'le': '0.48', 'lle': '5.79', 'sei': '7.88'}",,CHEMBL5199076,LUNRESERTIB,CHEMBL5199076,8.44,0,http://www.openphacts.org/units/Nanomolar,4684759,=,1,1,=,,IC50,nM,,3.6,CHEMBL3984,Homo sapiens,Membrane-associated tyrosine- and threonine-specific cdc2-inhibitory kinase,9606,,,IC50,nM,UO_0000065,,3.6,8.443697499
"{'action_type': 'INHIBITOR', 'description': 'Negatively effects (inhibits) the normal functioning of the protein e.g., prevention of enzymatic reaction or activation of downstream pathway', 'parent_type': 'NEGATIVE MODULATOR'}",,29185350,"[{'comments': None, 'relation': '=', 'result_flag': 0, 'standard_relation': '=', 'standard_text_value': None, 'standard_type': 'TIME', 'standard_units': 'hr', 'standard_value': '2.083', 'text_value': None, 'type': 'TIME', 'units': 'min', 'value': '125.0'}]",CHEMBL6113807,Binding affinity to NanoLuc-fused PKMYT1 (unknown origin) transfected in HEK293T cells preincubated with compound for 2 hrs followed by substrate addition and measured after 5 mins by NanoBRET assay,B,,,BAO_0000190,BAO_0000219,cell-based format,Cc1n[nH]c2cccc(-c3c(N)c(=O)[nH]c4cc(Cl)cnc34)c12,,,CHEMBL6109150,J Med Chem,2025,"{'bei': '17.68', 'le': '0.34', 'lle': '2.75', 'sei': '5.73'}",,CHEMBL6171398,,CHEMBL6171398,5.76,0,http://www.openphacts.org/units/Nanomolar,4684760,=,1,1,=,,IC50,nM,,1737.8,CHEMBL3984,Homo sapiens,Membrane-associated tyrosine- and threonine-specific cdc2-inhibitory kinase,9606,,,IC50,nM,UO_0000065,,1737.8,5.760000207
"{'action_type': 'INHIBITOR', 'description': 'Negatively effects (inhibits) the normal functioning of the protein e.g., prevention of enzymatic reaction or activation of downstream pathway', 'parent_type': 'NEGATIVE MODULATOR'}",,29185351,"[{'comments': None, 'relation': '=', 'result_flag': 0, 'standard_relation': '=', 'standard_text_value': None, 'standard_type': 'TIME', 'standard_units': 'hr', 'standard_value': '2.083', 'text_value': None, 'type': 'TIME', 'units': 'min', 'value': '125.0'}]",CHEMBL6113807,Binding affinity to NanoLuc-fused PKMYT1 (unknown origin) transfected in HEK293T cells preincubated with compound for 2 hrs followed by substrate addition and measured after 5 mins by NanoBRET assay,B,,,BAO_0000190,BAO_0000219,cell-based format,Nc1c(-c2ccc(Cl)c3[nH]ncc23)c2ncc(Cl)cc2[nH]c1=O,,,CHEMBL6109150,J Med Chem,2025,"{'bei': '23.15', 'le': '0.48', 'lle': '4.65', 'sei': '7.98'}",,CHEMBL6144020,,CHEMBL6144020,8.01,0,http://www.openphacts.org/units/Nanomolar,4684762,=,1,1,=,,IC50,nM,,9.7,CHEMBL3984,Homo sapiens,Membrane-associated tyrosine- and threonine-specific cdc2-inhibitory kinase,9606,,,IC50,nM,UO_0000065,,9.7,8.013228266
"{'action_type': 'INHIBITOR', 'description': 'Negatively effects (inhibits) the normal functioning of the protein e.g., prevention of enzymatic reaction or activation of downstream pathway', 'parent_type': 'NEGATIVE MODULATOR'}",,29185352,"[{'comments': None, 'relation': '=', 'result_flag': 0, 'standard_relation': '=', 'standard_text_value': None, 'standard_type': 'TIME', 'standard_units': 'hr', 'standard_value': '2.083', 'text_value': None, 'type': 'TIME', 'units': 'min', 'value': '125.0'}]",CHEMBL6113807,Binding affinity to NanoLuc-fused PKMYT1 (unknown origin) transfected in HEK293T cells preincubated with compound for 2 hrs followed by substrate addition and measured after 5 mins by NanoBRET assay,B,,,BAO_0000190,BAO_0000219,cell-based format,Cc1ccc(-c2c(N)c(=O)[nH]c3cc(Cl)cnc23)c2cn[nH]c12,,,CHEMBL6109150,J Med Chem,2025,"{'bei': '22.12', 'le': '0.43', 'lle': '4.20', 'sei': '7.17'}",,CHEMBL6164114,,CHEMBL6164114,7.21,0,http://www.openphacts.org/units/Nanomolar,4684763,=,1,1,=,,IC50,nM,,62.2,CHEMBL3984,Homo sapiens,Membrane-associated tyrosine- and threonine-specific cdc2-inhibitory kinase,9606,,,IC50,nM,UO_0000065,,62.2,7.206209615
"{'action_type': 'INHIBITOR', 'description': 'Negatively effects (inhibits) the normal functioning of the protein e.g., prevention of enzymatic reaction or activation of downstream pathway', 'parent_type': 'NEGATIVE MODULATOR'}",,29185353,"[{'comments': None, 'relation': '=', 'result_flag': 0, 'standard_relation': '=', 'standard_text_value': None, 'standard_type': 'TIME', 'standard_units': 'hr', 'standard_value': '2.083', 'text_value': None, 'type': 'TIME', 'units': 'min', 'value': '125.0'}]",CHEMBL6113807,Binding affinity to NanoLuc-fused PKMYT1 (unknown origin) transfected in HEK293T cells preincubated with compound for 2 hrs followed by substrate addition and measured after 5 mins by NanoBRET assay,B,,,BAO_0000190,BAO_0000219,cell-based format,Nc1c(-c2ccc(C(F)(F)F)c3[nH]ncc23)c2ncc(Cl)cc2[nH]c1=O,,,CHEMBL6109150,J Med Chem,2025,"{'bei': '16.29', 'le': '0.32', 'lle': '2.46', 'sei': '6.16'}",,CHEMBL6150887,,CHEMBL6150887,6.18,0,http://www.openphacts.org/units/Nanomolar,4684764,=,1,1,=,,IC50,nM,,654.7,CHEMBL3984,Homo sapiens,Membrane-associated tyrosine- and threonine-specific cdc2-inhibitory kinase,9606,,,IC50,nM,UO_0000065,,654.7,6.183957659
"{'action_type': 'INHIBITOR', 'description': 'Negatively effects (inhibits) the normal functioning of the protein e.g., prevention of enzymatic reaction or activation of downstream pathway', 'parent_type': 'NEGATIVE MODULATOR'}",,29185354,"[{'comments': None, 'relation': '=', 'result_flag': 0, 'standard_relation': '=', 'standard_text_value': None, 'standard_type': 'TIME', 'standard_units': 'hr', 'standard_value': '2.083', 'text_value': None, 'type': 'TIME', 'units': 'min', 'value': '125.0'}]",CHEMBL6113807,Binding affinity to NanoLuc-fused PKMYT1 (unknown origin) transfected in HEK293T cells preincubated with compound for 2 hrs followed by substrate addition and measured after 5 mins by NanoBRET assay,B,,,BAO_0000190,BAO_0000219,cell-based format,COc1ccc(-c2c(N)c(=O)[nH]c3cc(Cl)cnc23)c2cn[nH]c12,,,CHEMBL6109150,J Med Chem,2025,"{'bei': '16.36', 'le': '0.32', 'lle': '2.88', 'sei': '5.10'}",,CHEMBL6165431,,CHEMBL6165431,5.59,0,http://www.openphacts.org/units/Nanomolar,4684765,=,1,1,=,,IC50,nM,,2556.6,CHEMBL3984,Homo sapiens,Membrane-associated tyrosine- and threonine-specific cdc2-inhibitory kinase,9606,,,IC50,nM,UO_0000065,,2556.6,5.592337215
"{'action_type': 'INHIBITOR', 'description': 'Negatively effects (inhibits) the normal functioning of the protein e.g., prevention of enzymatic reaction or activation of downstream pathway', 'parent_type': 'NEGATIVE MODULATOR'}",,29185355,"[{'comments': None, 'relation': '=', 'result_flag': 0, 'standard_relation': '=', 'standard_text_value': None, 'standard_type': 'TIME', 'standard_units': 'hr', 'standard_value': '2.083', 'text_value': None, 'type': 'TIME', 'units': 'min', 'value': '125.0'}]",CHEMBL6113807,Binding affinity to NanoLuc-fused PKMYT1 (unknown origin) transfected in HEK293T cells preincubated with compound for 2 hrs followed by substrate addition and measured after 5 mins by NanoBRET assay,B,,,BAO_0000190,BAO_0000219,cell-based format,Nc1c(-c2cc(F)c(F)c3[nH]ncc23)c2ncc(Cl)cc2[nH]c1=O,,,CHEMBL6109150,J Med Chem,2025,"{'bei': '20.31', 'le': '0.40', 'lle': '4.08', 'sei': '7.03'}",,CHEMBL6165404,,CHEMBL6165404,7.06,0,http://www.openphacts.org/units/Nanomolar,4684766,=,1,1,=,,IC50,nM,,86.5,CHEMBL3984,Homo sapiens,Membrane-associated tyrosine- and threonine-specific cdc2-inhibitory kinase,9606,,,IC50,nM,UO_0000065,,86.5,7.062983893
"{'action_type': 'INHIBITOR', 'description': 'Negatively effects (inhibits) the normal functioning of the protein e.g., prevention of enzymatic reaction or activation of downstream pathway', 'parent_type': 'NEGATIVE MODULATOR'}",,29185356,"[{'comments': None, 'relation': '=', 'result_flag': 0, 'standard_relation': '=', 'standard_text_value': None, 'standard_type': 'TIME', 'standard_units': 'hr', 'standard_value': '2.083', 'text_value': None, 'type': 'TIME', 'units': 'min', 'value': '125.0'}]",CHEMBL6113807,Binding affinity to NanoLuc-fused PKMYT1 (unknown origin) transfected in HEK293T cells preincubated with compound for 2 hrs followed by substrate addition and measured after 5 mins by NanoBRET assay,B,,,BAO_0000190,BAO_0000219,cell-based format,Nc1c(-c2c(F)ccc3[nH]ncc23)c2ncc(Cl)cc2[nH]c1=O,,,CHEMBL6109150,J Med Chem,2025,"{'bei': '21.08', 'le': '0.41', 'lle': '4.11', 'sei': '6.92'}",,CHEMBL6160615,,CHEMBL6160615,6.95,0,http://www.openphacts.org/units/Nanomolar,4684767,=,1,1,=,,IC50,nM,,112.1,CHEMBL3984,Homo sapiens,Membrane-associated tyrosine- and threonine-specific cdc2-inhibitory kinase,9606,,,IC50,nM,UO_0000065,,112.1,6.950394387
"{'action_type': 'INHIBITOR', 'description': 'Negatively effects (inhibits) the normal functioning of the protein e.g., prevention of enzymatic reaction or activation of downstream pathway', 'parent_type': 'NEGATIVE MODULATOR'}",,29185357,"[{'comments': None, 'relation': '=', 'result_flag': 0, 'standard_relation': '=', 'standard_text_value': None, 'standard_type': 'TIME', 'standard_units': 'hr', 'standard_value': '2.083', 'text_value': None, 'type': 'TIME', 'units': 'min', 'value': '125.0'}]",CHEMBL6113807,Binding affinity to NanoLuc-fused PKMYT1 (unknown origin) transfected in HEK293T cells preincubated with compound for 2 hrs followed by substrate addition and measured after 5 mins by NanoBRET assay,B,,,BAO_0000190,BAO_0000219,cell-based format,Nc1c(-c2c(Cl)cc(F)c3[nH]ncc23)c2ncc(Cl)cc2[nH]c1=O,,,CHEMBL6109150,J Med Chem,2025,"{'bei': '18.11', 'le': '0.38', 'lle': '3.11', 'sei': '6.57'}",,CHEMBL6148517,,CHEMBL6148517,6.6,0,http://www.openphacts.org/units/Nanomolar,4684768,=,1,1,=,,IC50,nM,,253.4,CHEMBL3984,Homo sapiens,Membrane-associated tyrosine- and threonine-specific cdc2-inhibitory kinase,9606,,,IC50,nM,UO_0000065,,253.4,6.596193389
"{'action_type': 'INHIBITOR', 'description': 'Negatively effects (inhibits) the normal functioning of the protein e.g., prevention of enzymatic reaction or activation of downstream pathway', 'parent_type': 'NEGATIVE MODULATOR'}",,29185358,"[{'comments': None, 'relation': '=', 'result_flag': 0, 'standard_relation': '=', 'standard_text_value': None, 'standard_type': 'TIME', 'standard_units': 'hr', 'standard_value': '2.083', 'text_value': None, 'type': 'TIME', 'units': 'min', 'value': '125.0'}]",CHEMBL6113807,Binding affinity to NanoLuc-fused PKMYT1 (unknown origin) transfected in HEK293T cells preincubated with compound for 2 hrs followed by substrate addition and measured after 5 mins by NanoBRET assay,B,,,BAO_0000190,BAO_0000219,cell-based format,Cc1cc(F)c2[nH]ncc2c1-c1c(N)c(=O)[nH]c2cc(Cl)cnc12,,,CHEMBL6109150,J Med Chem,2025,"{'bei': '18.26', 'le': '0.36', 'lle': '3.13', 'sei': '6.25'}",,CHEMBL6150288,,CHEMBL6150288,6.28,0,http://www.openphacts.org/units/Nanomolar,4684769,=,1,1,=,,IC50,nM,,527.4,CHEMBL3984,Homo sapiens,Membrane-associated tyrosine- and threonine-specific cdc2-inhibitory kinase,9606,,,IC50,nM,UO_0000065,,527.4,6.277859875
"{'action_type': 'INHIBITOR', 'description': 'Negatively effects (inhibits) the normal functioning of the protein e.g., prevention of enzymatic reaction or activation of downstream pathway', 'parent_type': 'NEGATIVE MODULATOR'}",,29185359,"[{'comments': None, 'relation': '=', 'result_flag': 0, 'standard_relation': '=', 'standard_text_value': None, 'standard_type': 'TIME', 'standard_units': 'hr', 'standard_value': '2.083', 'text_value': None, 'type': 'TIME', 'units': 'min', 'value': '125.0'}]",CHEMBL6113807,Binding affinity to NanoLuc-fused PKMYT1 (unknown origin) transfected in HEK293T cells preincubated with compound for 2 hrs followed by substrate addition and measured after 5 mins by NanoBRET assay,B,,,BAO_0000190,BAO_0000219,cell-based format,Cc1cnc2c(-c3ccc(F)c4[nH]ncc34)c(N)c(=O)[nH]c2c1,,,CHEMBL6109150,J Med Chem,2025,"{'bei': '25.41', 'le': '0.47', 'lle': '5.36', 'sei': '7.82'}",,CHEMBL6163921,,CHEMBL6163921,7.86,0,http://www.openphacts.org/units/Nanomolar,4684770,=,1,1,=,,IC50,nM,,13.8,CHEMBL3984,Homo sapiens,Membrane-associated tyrosine- and threonine-specific cdc2-inhibitory kinase,9606,,,IC50,nM,UO_0000065,,13.8,7.860120914
"{'action_type': 'INHIBITOR', 'description': 'Negatively effects (inhibits) the normal functioning of the protein e.g., prevention of enzymatic reaction or activation of downstream pathway', 'parent_type': 'NEGATIVE MODULATOR'}",,29185360,"[{'comments': None, 'relation': '=', 'result_flag': 0, 'standard_relation': '=', 'standard_text_value': None, 'standard_type': 'TIME', 'standard_units': 'hr', 'standard_value': '2.083', 'text_value': None, 'type': 'TIME', 'units': 'min', 'value': '125.0'}]",CHEMBL6113807,Binding affinity to NanoLuc-fused PKMYT1 (unknown origin) transfected in HEK293T cells preincubated with compound for 2 hrs followed by substrate addition and measured after 5 mins by NanoBRET assay,B,,,BAO_0000190,BAO_0000219,cell-based format,CCc1cnc2c(-c3ccc(F)c4[nH]ncc34)c(N)c(=O)[nH]c2c1,,,CHEMBL6109150,J Med Chem,2025,"{'bei': '24.93', 'le': '0.46', 'lle': '5.31', 'sei': '8.02'}",,CHEMBL6143411,,CHEMBL6143411,8.06,0,http://www.openphacts.org/units/Nanomolar,4684771,=,1,1,=,,IC50,nM,,8.7,CHEMBL3984,Homo sapiens,Membrane-associated tyrosine- and threonine-specific cdc2-inhibitory kinase,9606,,,IC50,nM,UO_0000065,,8.7,8.060480747
"{'action_type': 'INHIBITOR', 'description': 'Negatively effects (inhibits) the normal functioning of the protein e.g., prevention of enzymatic reaction or activation of downstream pathway', 'parent_type': 'NEGATIVE MODULATOR'}",,29185361,"[{'comments': None, 'relation': '=', 'result_flag': 0, 'standard_relation': '=', 'standard_text_value': None, 'standard_type': 'TIME', 'standard_units': 'hr', 'standard_value': '2.083', 'text_value': None, 'type': 'TIME', 'units': 'min', 'value': '125.0'}]",CHEMBL6113807,Binding affinity to NanoLuc-fused PKMYT1 (unknown origin) transfected in HEK293T cells preincubated with compound for 2 hrs followed by substrate addition and measured after 5 mins by NanoBRET assay,B,,,BAO_0000190,BAO_0000219,cell-based format,Nc1c(-c2ccc(F)c3[nH]ncc23)c2ncc(C3CC3)cc2[nH]c1=O,,,CHEMBL6109150,J Med Chem,2025,"{'bei': '23.73', 'le': '0.43', 'lle': '4.89', 'sei': '7.92'}",,CHEMBL6145586,,CHEMBL6145586,7.96,0,http://www.openphacts.org/units/Nanomolar,4684772,=,1,1,=,,IC50,nM,,11,CHEMBL3984,Homo sapiens,Membrane-associated tyrosine- and threonine-specific cdc2-inhibitory kinase,9606,,,IC50,nM,UO_0000065,,11,7.958607315
"{'action_type': 'INHIBITOR', 'description': 'Negatively effects (inhibits) the normal functioning of the protein e.g., prevention of enzymatic reaction or activation of downstream pathway', 'parent_type': 'NEGATIVE MODULATOR'}",,29185362,"[{'comments': None, 'relation': '=', 'result_flag': 0, 'standard_relation': '=', 'standard_text_value': None, 'standard_type': 'TIME', 'standard_units': 'hr', 'standard_value': '2.083', 'text_value': None, 'type': 'TIME', 'units': 'min', 'value': '125.0'}]",CHEMBL6113807,Binding affinity to NanoLuc-fused PKMYT1 (unknown origin) transfected in HEK293T cells preincubated with compound for 2 hrs followed by substrate addition and measured after 5 mins by NanoBRET assay,B,,,BAO_0000190,BAO_0000219,cell-based format,CC(C)c1cnc2c(-c3ccc(F)c4[nH]ncc34)c(N)c(=O)[nH]c2c1,,,CHEMBL6109150,J Med Chem,2025,"{'bei': '23.94', 'le': '0.44', 'lle': '4.77', 'sei': '8.04'}",,CHEMBL6165924,,CHEMBL6165924,8.08,0,http://www.openphacts.org/units/Nanomolar,4684773,=,1,1,=,,IC50,nM,,8.4,CHEMBL3984,Homo sapiens,Membrane-associated tyrosine- and threonine-specific cdc2-inhibitory kinase,9606,,,IC50,nM,UO_0000065,,8.4,8.075720714
"{'action_type': 'INHIBITOR', 'description': 'Negatively effects (inhibits) the normal functioning of the protein e.g., prevention of enzymatic reaction or activation of downstream pathway', 'parent_type': 'NEGATIVE MODULATOR'}",,29185363,"[{'comments': None, 'relation': '=', 'result_flag': 0, 'standard_relation': '=', 'standard_text_value': None, 'standard_type': 'TIME', 'standard_units': 'hr', 'standard_value': '2.083', 'text_value': None, 'type': 'TIME', 'units': 'min', 'value': '125.0'}]",CHEMBL6113807,Binding affinity to NanoLuc-fused PKMYT1 (unknown origin) transfected in HEK293T cells preincubated with compound for 2 hrs followed by substrate addition and measured after 5 mins by NanoBRET assay,B,,,BAO_0000190,BAO_0000219,cell-based format,Nc1c(-c2ccc(F)c3[nH]ncc23)c2ncc(C(F)(F)F)cc2[nH]c1=O,,,CHEMBL6109150,J Med Chem,2025,"{'bei': '20.39', 'le': '0.39', 'lle': '4.20', 'sei': '7.37'}",,CHEMBL6145221,,CHEMBL6145221,7.41,0,http://www.openphacts.org/units/Nanomolar,4684774,=,1,1,=,,IC50,nM,,39.3,CHEMBL3984,Homo sapiens,Membrane-associated tyrosine- and threonine-specific cdc2-inhibitory kinase,9606,,,IC50,nM,UO_0000065,,39.3,7.40560745
"{'action_type': 'INHIBITOR', 'description': 'Negatively effects (inhibits) the normal functioning of the protein e.g., prevention of enzymatic reaction or activation of downstream pathway', 'parent_type': 'NEGATIVE MODULATOR'}",,29185364,"[{'comments': None, 'relation': '=', 'result_flag': 0, 'standard_relation': '=', 'standard_text_value': None, 'standard_type': 'TIME', 'standard_units': 'hr', 'standard_value': '2.083', 'text_value': None, 'type': 'TIME', 'units': 'min', 'value': '125.0'}]",CHEMBL6113807,Binding affinity to NanoLuc-fused PKMYT1 (unknown origin) transfected in HEK293T cells preincubated with compound for 2 hrs followed by substrate addition and measured after 5 mins by NanoBRET assay,B,,,BAO_0000190,BAO_0000219,cell-based format,Nc1c(-c2ccc(F)c3[nH]ncc23)c2ncc(-c3ccccn3)cc2[nH]c1=O,,,CHEMBL6109150,J Med Chem,2025,"{'bei': '17.83', 'le': '0.32', 'lle': '3.39', 'sei': '5.86'}",,CHEMBL6160956,,CHEMBL6160956,6.64,0,http://www.openphacts.org/units/Nanomolar,4684775,=,1,1,=,,IC50,nM,,230.5,CHEMBL3984,Homo sapiens,Membrane-associated tyrosine- and threonine-specific cdc2-inhibitory kinase,9606,,,IC50,nM,UO_0000065,,230.5,6.63732907
"{'action_type': 'INHIBITOR', 'description': 'Negatively effects (inhibits) the normal functioning of the protein e.g., prevention of enzymatic reaction or activation of downstream pathway', 'parent_type': 'NEGATIVE MODULATOR'}",,29185365,"[{'comments': None, 'relation': '=', 'result_flag': 0, 'standard_relation': '=', 'standard_text_value': None, 'standard_type': 'TIME', 'standard_units': 'hr', 'standard_value': '2.083', 'text_value': None, 'type': 'TIME', 'units': 'min', 'value': '125.0'}]",CHEMBL6113807,Binding affinity to NanoLuc-fused PKMYT1 (unknown origin) transfected in HEK293T cells preincubated with compound for 2 hrs followed by substrate addition and measured after 5 mins by NanoBRET assay,B,,,BAO_0000190,BAO_0000219,cell-based format,CN(C)C(=O)c1ccc(-c2cnc3c(-c4ccc(F)c5[nH]ncc45)c(N)c(=O)[nH]c3c2)cc1,,,CHEMBL6109150,J Med Chem,2025,"{'bei': '14.55', 'le': '0.27', 'lle': '2.88', 'sei': '5.33'}",,CHEMBL6169388,,CHEMBL6169388,6.44,0,http://www.openphacts.org/units/Nanomolar,4684776,=,1,1,=,,IC50,nM,,365.3,CHEMBL3984,Homo sapiens,Membrane-associated tyrosine- and threonine-specific cdc2-inhibitory kinase,9606,,,IC50,nM,UO_0000065,,365.3,6.437350328
"{'action_type': 'INHIBITOR', 'description': 'Negatively effects (inhibits) the normal functioning of the protein e.g., prevention of enzymatic reaction or activation of downstream pathway', 'parent_type': 'NEGATIVE MODULATOR'}",,29185366,"[{'comments': None, 'relation': '=', 'result_flag': 0, 'standard_relation': '=', 'standard_text_value': None, 'standard_type': 'TIME', 'standard_units': 'hr', 'standard_value': '2.083', 'text_value': None, 'type': 'TIME', 'units': 'min', 'value': '125.0'}]",CHEMBL6113807,Binding affinity to NanoLuc-fused PKMYT1 (unknown origin) transfected in HEK293T cells preincubated with compound for 2 hrs followed by substrate addition and measured after 5 mins by NanoBRET assay,B,,,BAO_0000190,BAO_0000219,cell-based format,Cc1cc2[nH]c(=O)c(N)c(-c3ccc(F)c4[nH]ncc34)c2nc1C,,,CHEMBL6109150,J Med Chem,2025,"{'bei': '25.70', 'le': '0.47', 'lle': '5.51', 'sei': '8.27'}",,CHEMBL6165232,,CHEMBL6165232,8.31,0,http://www.openphacts.org/units/Nanomolar,4684777,=,1,1,=,,IC50,nM,,4.9,CHEMBL3984,Homo sapiens,Membrane-associated tyrosine- and threonine-specific cdc2-inhibitory kinase,9606,,,IC50,nM,UO_0000065,,4.9,8.30980392
"{'action_type': 'INHIBITOR', 'description': 'Negatively effects (inhibits) the normal functioning of the protein e.g., prevention of enzymatic reaction or activation of downstream pathway', 'parent_type': 'NEGATIVE MODULATOR'}",,29185367,"[{'comments': None, 'relation': '=', 'result_flag': 0, 'standard_relation': '=', 'standard_text_value': None, 'standard_type': 'TIME', 'standard_units': 'hr', 'standard_value': '2.083', 'text_value': None, 'type': 'TIME', 'units': 'min', 'value': '125.0'}]",CHEMBL6113807,Binding affinity to NanoLuc-fused PKMYT1 (unknown origin) transfected in HEK293T cells preincubated with compound for 2 hrs followed by substrate addition and measured after 5 mins by NanoBRET assay,B,,,BAO_0000190,BAO_0000219,cell-based format,Cc1cc2[nH]c(=O)c(N)c(-c3ccc(F)c4[nH]ncc34)c2nc1C#CC(C)(C)O,,,CHEMBL6109150,J Med Chem,2025,"{'bei': '20.65', 'le': '0.38', 'lle': '5.46', 'sei': '6.70'}",,CHEMBL6133305,,CHEMBL6133305,8.08,0,http://www.openphacts.org/units/Nanomolar,4684778,=,1,1,=,,IC50,nM,,8.3,CHEMBL3984,Homo sapiens,Membrane-associated tyrosine- and threonine-specific cdc2-inhibitory kinase,9606,,,IC50,nM,UO_0000065,,8.3,8.080921908
"{'action_type': 'INHIBITOR', 'description': 'Negatively effects (inhibits) the normal functioning of the protein e.g., prevention of enzymatic reaction or activation of downstream pathway', 'parent_type': 'NEGATIVE MODULATOR'}",,29185368,"[{'comments': None, 'relation': '=', 'result_flag': 0, 'standard_relation': '=', 'standard_text_value': None, 'standard_type': 'TIME', 'standard_units': 'hr', 'standard_value': '2.083', 'text_value': None, 'type': 'TIME', 'units': 'min', 'value': '125.0'}]",CHEMBL6113807,Binding affinity to NanoLuc-fused PKMYT1 (unknown origin) transfected in HEK293T cells preincubated with compound for 2 hrs followed by substrate addition and measured after 5 mins by NanoBRET assay,B,,,BAO_0000190,BAO_0000219,cell-based format,Cc1cc2[nH]c(=O)c(N)c(-c3ccc(F)c4[nH]ncc34)c2nc1C#CC(C)(C)N,,,CHEMBL6109150,J Med Chem,2025,"{'bei': '19.18', 'le': '0.35', 'lle': '4.91', 'sei': '5.92'}",,CHEMBL6151763,,CHEMBL6151763,7.49,0,http://www.openphacts.org/units/Nanomolar,4684779,=,1,1,=,,IC50,nM,,32.6,CHEMBL3984,Homo sapiens,Membrane-associated tyrosine- and threonine-specific cdc2-inhibitory kinase,9606,,,IC50,nM,UO_0000065,,32.6,7.4867824
"{'action_type': 'INHIBITOR', 'description': 'Negatively effects (inhibits) the normal functioning of the protein e.g., prevention of enzymatic reaction or activation of downstream pathway', 'parent_type': 'NEGATIVE MODULATOR'}",,29185369,"[{'comments': None, 'relation': '=', 'result_flag': 0, 'standard_relation': '=', 'standard_text_value': None, 'standard_type': 'TIME', 'standard_units': 'hr', 'standard_value': '2.083', 'text_value': None, 'type': 'TIME', 'units': 'min', 'value': '125.0'}]",CHEMBL6113807,Binding affinity to NanoLuc-fused PKMYT1 (unknown origin) transfected in HEK293T cells preincubated with compound for 2 hrs followed by substrate addition and measured after 5 mins by NanoBRET assay,B,,,BAO_0000190,BAO_0000219,cell-based format,Cc1cc2[nH]c(=O)c(N)c(-c3ccc(F)c4[nH]ncc34)c2nc1CCCN(C)C,,,CHEMBL6109150,J Med Chem,2025,"{'bei': '18.83', 'le': '0.35', 'lle': '4.44', 'sei': '7.16'}",,CHEMBL6174118,,CHEMBL6174118,7.43,0,http://www.openphacts.org/units/Nanomolar,4684761,=,1,1,=,,IC50,nM,,37.5,CHEMBL3984,Homo sapiens,Membrane-associated tyrosine- and threonine-specific cdc2-inhibitory kinase,9606,,,IC50,nM,UO_0000065,,37.5,7.425968732
"{'action_type': 'INHIBITOR', 'description': 'Negatively effects (inhibits) the normal functioning of the protein e.g., prevention of enzymatic reaction or activation of downstream pathway', 'parent_type': 'NEGATIVE MODULATOR'}",,29185370,"[{'comments': None, 'relation': '=', 'result_flag': 0, 'standard_relation': '=', 'standard_text_value': None, 'standard_type': 'TIME', 'standard_units': 'hr', 'standard_value': '2.083', 'text_value': None, 'type': 'TIME', 'units': 'min', 'value': '125.0'}]",CHEMBL6113807,Binding affinity to NanoLuc-fused PKMYT1 (unknown origin) transfected in HEK293T cells preincubated with compound for 2 hrs followed by substrate addition and measured after 5 mins by NanoBRET assay,B,,,BAO_0000190,BAO_0000219,cell-based format,Cc1cc2[nH]c(=O)c(N)c(-c3ccc(F)c4[nH]ncc34)c2nc1C#CC(C)C,,,CHEMBL6109150,J Med Chem,2025,"{'bei': '23.06', 'le': '0.42', 'lle': '5.16', 'sei': '8.62'}",,CHEMBL6164722,,CHEMBL6164722,8.66,0,http://www.openphacts.org/units/Nanomolar,4684780,=,1,1,=,,IC50,nM,,2.2,CHEMBL3984,Homo sapiens,Membrane-associated tyrosine- and threonine-specific cdc2-inhibitory kinase,9606,,,IC50,nM,UO_0000065,,2.2,8.657577319
"{'action_type': 'INHIBITOR', 'description': 'Negatively effects (inhibits) the normal functioning of the protein e.g., prevention of enzymatic reaction or activation of downstream pathway', 'parent_type': 'NEGATIVE MODULATOR'}",,29185371,"[{'comments': None, 'relation': '=', 'result_flag': 0, 'standard_relation': '=', 'standard_text_value': None, 'standard_type': 'TIME', 'standard_units': 'hr', 'standard_value': '2.083', 'text_value': None, 'type': 'TIME', 'units': 'min', 'value': '125.0'}]",CHEMBL6113807,Binding affinity to NanoLuc-fused PKMYT1 (unknown origin) transfected in HEK293T cells preincubated with compound for 2 hrs followed by substrate addition and measured after 5 mins by NanoBRET assay,B,,,BAO_0000190,BAO_0000219,cell-based format,CCc1cc2[nH]c(=O)c(N)c(-c3ccc(F)c4[nH]ncc34)c2nc1C,,,CHEMBL6109150,J Med Chem,2025,"{'bei': '24.08', 'le': '0.44', 'lle': '5.06', 'sei': '8.09'}",,CHEMBL6168984,,CHEMBL6168984,8.12,0,http://www.openphacts.org/units/Nanomolar,4684781,=,1,1,=,,IC50,nM,,7.5,CHEMBL3984,Homo sapiens,Membrane-associated tyrosine- and threonine-specific cdc2-inhibitory kinase,9606,,,IC50,nM,UO_0000065,,7.5,8.124938737
"{'action_type': 'INHIBITOR', 'description': 'Negatively effects (inhibits) the normal functioning of the protein e.g., prevention of enzymatic reaction or activation of downstream pathway', 'parent_type': 'NEGATIVE MODULATOR'}",,29185372,"[{'comments': None, 'relation': '=', 'result_flag': 0, 'standard_relation': '=', 'standard_text_value': None, 'standard_type': 'TIME', 'standard_units': 'hr', 'standard_value': '2.083', 'text_value': None, 'type': 'TIME', 'units': 'min', 'value': '125.0'}]",CHEMBL6113807,Binding affinity to NanoLuc-fused PKMYT1 (unknown origin) transfected in HEK293T cells preincubated with compound for 2 hrs followed by substrate addition and measured after 5 mins by NanoBRET assay,B,,,BAO_0000190,BAO_0000219,cell-based format,Cc1nc2c(-c3ccc(F)c4[nH]ncc34)c(N)c(=O)[nH]c2cc1C1CC1,,,CHEMBL6109150,J Med Chem,2025,"{'bei': '22.70', 'le': '0.42', 'lle': '4.56', 'sei': '7.90'}",,CHEMBL6141720,,CHEMBL6141720,7.93,0,http://www.openphacts.org/units/Nanomolar,4684782,=,1,1,=,,IC50,nM,,11.7,CHEMBL3984,Homo sapiens,Membrane-associated tyrosine- and threonine-specific cdc2-inhibitory kinase,9606,,,IC50,nM,UO_0000065,,11.7,7.931814138
"{'action_type': 'INHIBITOR', 'description': 'Negatively effects (inhibits) the normal functioning of the protein e.g., prevention of enzymatic reaction or activation of downstream pathway', 'parent_type': 'NEGATIVE MODULATOR'}",,29185373,"[{'comments': None, 'relation': '=', 'result_flag': 0, 'standard_relation': '=', 'standard_text_value': None, 'standard_type': 'TIME', 'standard_units': 'hr', 'standard_value': '2.083', 'text_value': None, 'type': 'TIME', 'units': 'min', 'value': '125.0'}]",CHEMBL6113807,Binding affinity to NanoLuc-fused PKMYT1 (unknown origin) transfected in HEK293T cells preincubated with compound for 2 hrs followed by substrate addition and measured after 5 mins by NanoBRET assay,B,,,BAO_0000190,BAO_0000219,cell-based format,Cc1cc(C)c2[nH]c(=O)c(N)c(-c3ccc(F)c4[nH]ncc34)c2n1,,,CHEMBL6109150,J Med Chem,2025,"{'bei': '24.05', 'le': '0.44', 'lle': '4.97', 'sei': '7.74'}",,CHEMBL6160115,,CHEMBL6160115,7.78,0,http://www.openphacts.org/units/Nanomolar,4684783,=,1,1,=,,IC50,nM,,16.8,CHEMBL3984,Homo sapiens,Membrane-associated tyrosine- and threonine-specific cdc2-inhibitory kinase,9606,,,IC50,nM,UO_0000065,,16.8,7.774690718
"{'action_type': 'INHIBITOR', 'description': 'Negatively effects (inhibits) the normal functioning of the protein e.g., prevention of enzymatic reaction or activation of downstream pathway', 'parent_type': 'NEGATIVE MODULATOR'}",,29185374,"[{'comments': None, 'relation': '=', 'result_flag': 0, 'standard_relation': '=', 'standard_text_value': None, 'standard_type': 'TIME', 'standard_units': 'hr', 'standard_value': '2.083', 'text_value': None, 'type': 'TIME', 'units': 'min', 'value': '125.0'}]",CHEMBL6113807,Binding affinity to NanoLuc-fused PKMYT1 (unknown origin) transfected in HEK293T cells preincubated with compound for 2 hrs followed by substrate addition and measured after 5 mins by NanoBRET assay,B,,,BAO_0000190,BAO_0000219,cell-based format,Cc1cnc2c(-c3ccc(F)c4[nH]ncc34)c(N)c(=O)[nH]c2c1C,,,CHEMBL6109150,J Med Chem,2025,"{'bei': '25.85', 'le': '0.48', 'lle': '5.56', 'sei': '8.32'}",,CHEMBL6172486,,CHEMBL6172486,8.36,0,http://www.openphacts.org/units/Nanomolar,4684784,=,1,1,=,,IC50,nM,,4.4,CHEMBL3984,Homo sapiens,Membrane-associated tyrosine- and threonine-specific cdc2-inhibitory kinase,9606,,,IC50,nM,UO_0000065,,4.4,8.356547324
"{'action_type': 'INHIBITOR', 'description': 'Negatively effects (inhibits) the normal functioning of the protein e.g., prevention of enzymatic reaction or activation of downstream pathway', 'parent_type': 'NEGATIVE MODULATOR'}",,29185375,"[{'comments': None, 'relation': '=', 'result_flag': 0, 'standard_relation': '=', 'standard_text_value': None, 'standard_type': 'TIME', 'standard_units': 'hr', 'standard_value': '2.083', 'text_value': None, 'type': 'TIME', 'units': 'min', 'value': '125.0'}]",CHEMBL6113807,Binding affinity to NanoLuc-fused PKMYT1 (unknown origin) transfected in HEK293T cells preincubated with compound for 2 hrs followed by substrate addition and measured after 5 mins by NanoBRET assay,B,,,BAO_0000190,BAO_0000219,cell-based format,CCc1cnc2c(-c3ccc(F)c4[nH]ncc34)c(N)c(=O)[nH]c2c1C,,,CHEMBL6109150,J Med Chem,2025,"{'bei': '25.66', 'le': '0.47', 'lle': '5.60', 'sei': '8.62'}",,CHEMBL6143148,,CHEMBL6143148,8.66,0,http://www.openphacts.org/units/Nanomolar,4684785,=,1,1,=,,IC50,nM,,2.2,CHEMBL3984,Homo sapiens,Membrane-associated tyrosine- and threonine-specific cdc2-inhibitory kinase,9606,,,IC50,nM,UO_0000065,,2.2,8.657577319
"{'action_type': 'INHIBITOR', 'description': 'Negatively effects (inhibits) the normal functioning of the protein e.g., prevention of enzymatic reaction or activation of downstream pathway', 'parent_type': 'NEGATIVE MODULATOR'}",,29185376,"[{'comments': None, 'relation': '=', 'result_flag': 0, 'standard_relation': '=', 'standard_text_value': None, 'standard_type': 'TIME', 'standard_units': 'hr', 'standard_value': '2.083', 'text_value': None, 'type': 'TIME', 'units': 'min', 'value': '125.0'}]",CHEMBL6113807,Binding affinity to NanoLuc-fused PKMYT1 (unknown origin) transfected in HEK293T cells preincubated with compound for 2 hrs followed by substrate addition and measured after 5 mins by NanoBRET assay,B,,,BAO_0000190,BAO_0000219,cell-based format,Cc1c(C2CC2)cnc2c(-c3ccc(F)c4[nH]ncc34)c(N)c(=O)[nH]c12,,,CHEMBL6109150,J Med Chem,2025,"{'bei': '24.62', 'le': '0.45', 'lle': '5.23', 'sei': '8.56'}",,CHEMBL6143248,,CHEMBL6143248,8.6,0,http://www.openphacts.org/units/Nanomolar,4684786,=,1,1,=,,IC50,nM,,2.5,CHEMBL3984,Homo sapiens,Membrane-associated tyrosine- and threonine-specific cdc2-inhibitory kinase,9606,,,IC50,nM,UO_0000065,,2.5,8.602059991
"{'action_type': 'INHIBITOR', 'description': 'Negatively effects (inhibits) the normal functioning of the protein e.g., prevention of enzymatic reaction or activation of downstream pathway', 'parent_type': 'NEGATIVE MODULATOR'}",,29185377,"[{'comments': None, 'relation': '=', 'result_flag': 0, 'standard_relation': '=', 'standard_text_value': None, 'standard_type': 'TIME', 'standard_units': 'hr', 'standard_value': '2.083', 'text_value': None, 'type': 'TIME', 'units': 'min', 'value': '125.0'}]",CHEMBL6113807,Binding affinity to NanoLuc-fused PKMYT1 (unknown origin) transfected in HEK293T cells preincubated with compound for 2 hrs followed by substrate addition and measured after 5 mins by NanoBRET assay,B,,,BAO_0000190,BAO_0000219,cell-based format,Cc1c(C(C)C)cnc2c(-c3ccc(F)c4[nH]ncc34)c(N)c(=O)[nH]c12,,,CHEMBL6109150,J Med Chem,2025,"{'bei': '24.48', 'le': '0.45', 'lle': '4.98', 'sei': '8.56'}",,CHEMBL6147496,,CHEMBL6147496,8.6,0,http://www.openphacts.org/units/Nanomolar,4684787,=,1,1,=,,IC50,nM,,2.5,CHEMBL3984,Homo sapiens,Membrane-associated tyrosine- and threonine-specific cdc2-inhibitory kinase,9606,,,IC50,nM,UO_0000065,,2.5,8.602059991
"{'action_type': 'INHIBITOR', 'description': 'Negatively effects (inhibits) the normal functioning of the protein e.g., prevention of enzymatic reaction or activation of downstream pathway', 'parent_type': 'NEGATIVE MODULATOR'}",,29185378,"[{'comments': None, 'relation': '=', 'result_flag': 0, 'standard_relation': '=', 'standard_text_value': None, 'standard_type': 'TIME', 'standard_units': 'hr', 'standard_value': '2.083', 'text_value': None, 'type': 'TIME', 'units': 'min', 'value': '125.0'}]",CHEMBL6113807,Binding affinity to NanoLuc-fused PKMYT1 (unknown origin) transfected in HEK293T cells preincubated with compound for 2 hrs followed by substrate addition and measured after 5 mins by NanoBRET assay,B,,,BAO_0000190,BAO_0000219,cell-based format,COc1ccnc2c(-c3ccc(F)c4[nH]ncc34)c(N)c(=O)[nH]c12,,,CHEMBL6109150,J Med Chem,2025,"{'bei': '22.91', 'le': '0.42', 'lle': '5.25', 'sei': '6.79'}",,CHEMBL6151398,,CHEMBL6151398,7.45,0,http://www.openphacts.org/units/Nanomolar,4684788,=,1,1,=,,IC50,nM,,35.3,CHEMBL3984,Homo sapiens,Membrane-associated tyrosine- and threonine-specific cdc2-inhibitory kinase,9606,,,IC50,nM,UO_0000065,,35.3,7.452225295
"{'action_type': 'INHIBITOR', 'description': 'Negatively effects (inhibits) the normal functioning of the protein e.g., prevention of enzymatic reaction or activation of downstream pathway', 'parent_type': 'NEGATIVE MODULATOR'}",,29185379,"[{'comments': None, 'relation': '=', 'result_flag': 0, 'standard_relation': '=', 'standard_text_value': None, 'standard_type': 'TIME', 'standard_units': 'hr', 'standard_value': '2.083', 'text_value': None, 'type': 'TIME', 'units': 'min', 'value': '125.0'}]",CHEMBL6113807,Binding affinity to NanoLuc-fused PKMYT1 (unknown origin) transfected in HEK293T cells preincubated with compound for 2 hrs followed by substrate addition and measured after 5 mins by NanoBRET assay,B,,,BAO_0000190,BAO_0000219,cell-based format,Cc1ccnc2c(-c3ccc(Cl)c4[nH]ncc34)c(N)c(=O)[nH]c12,,,CHEMBL6109150,J Med Chem,2025,"{'bei': '26.77', 'le': '0.52', 'lle': '5.71', 'sei': '8.68'}",,CHEMBL6146271,,CHEMBL6146271,8.72,0,http://www.openphacts.org/units/Nanomolar,4684789,=,1,1,=,,IC50,nM,,1.9,CHEMBL3984,Homo sapiens,Membrane-associated tyrosine- and threonine-specific cdc2-inhibitory kinase,9606,,,IC50,nM,UO_0000065,,1.9,8.721246399
"{'action_type': 'INHIBITOR', 'description': 'Negatively effects (inhibits) the normal functioning of the protein e.g., prevention of enzymatic reaction or activation of downstream pathway', 'parent_type': 'NEGATIVE MODULATOR'}",,29185412,[],CHEMBL6113809,Inhibition of PKMYT1 (unknown origin) transfected in human HCC1569 cells assessed as reduction in CDK1 phosphorylation at Thr14 incubated for 2hrs by AlphaLISA analysis,B,,,BAO_0000190,BAO_0000219,cell-based format,Nc1c(-c2ccc(F)c3[nH]ncc23)c2ncc(Cl)cc2[nH]c1=O,,,CHEMBL6109150,J Med Chem,2025,"{'bei': '20.59', 'le': '0.40', 'lle': '3.95', 'sei': '6.76'}",,CHEMBL6152793,,CHEMBL6152793,6.79,0,http://www.openphacts.org/units/Nanomolar,4684758,=,1,1,=,,IC50,nM,,163,CHEMBL3984,Homo sapiens,Membrane-associated tyrosine- and threonine-specific cdc2-inhibitory kinase,9606,,,IC50,nM,UO_0000065,,163,6.787812396
"{'action_type': 'INHIBITOR', 'description': 'Negatively effects (inhibits) the normal functioning of the protein e.g., prevention of enzymatic reaction or activation of downstream pathway', 'parent_type': 'NEGATIVE MODULATOR'}",,29185413,[],CHEMBL6113809,Inhibition of PKMYT1 (unknown origin) transfected in human HCC1569 cells assessed as reduction in CDK1 phosphorylation at Thr14 incubated for 2hrs by AlphaLISA analysis,B,,,BAO_0000190,BAO_0000219,cell-based format,Cc1cc2c(C(N)=O)c(N)n(-c3c(C)ccc(O)c3C)c2nc1C,,,CHEMBL6109150,J Med Chem,2025,"{'bei': '23.83', 'le': '0.44', 'lle': '5.08', 'sei': '7.21'}",,CHEMBL5199076,LUNRESERTIB,CHEMBL5199076,7.73,0,http://www.openphacts.org/units/Nanomolar,4684759,=,1,1,=,,IC50,nM,,18.6,CHEMBL3984,Homo sapiens,Membrane-associated tyrosine- and threonine-specific cdc2-inhibitory kinase,9606,,,IC50,nM,UO_0000065,,18.6,7.730487056
"{'action_type': 'INHIBITOR', 'description': 'Negatively effects (inhibits) the normal functioning of the protein e.g., prevention of enzymatic reaction or activation of downstream pathway', 'parent_type': 'NEGATIVE MODULATOR'}",,29185414,[],CHEMBL6113809,Inhibition of PKMYT1 (unknown origin) transfected in human HCC1569 cells assessed as reduction in CDK1 phosphorylation at Thr14 incubated for 2hrs by AlphaLISA analysis,B,,,BAO_0000190,BAO_0000219,cell-based format,Cc1cc2[nH]c(=O)c(N)c(-c3ccc(F)c4[nH]ncc34)c2nc1C,,,CHEMBL6109150,J Med Chem,2025,"{'bei': '22.79', 'le': '0.42', 'lle': '4.57', 'sei': '7.33'}",,CHEMBL6165232,,CHEMBL6165232,7.37,0,http://www.openphacts.org/units/Nanomolar,4684777,=,1,1,=,,IC50,nM,,42.9,CHEMBL3984,Homo sapiens,Membrane-associated tyrosine- and threonine-specific cdc2-inhibitory kinase,9606,,,IC50,nM,UO_0000065,,42.9,7.367542708
"{'action_type': 'INHIBITOR', 'description': 'Negatively effects (inhibits) the normal functioning of the protein e.g., prevention of enzymatic reaction or activation of downstream pathway', 'parent_type': 'NEGATIVE MODULATOR'}",,29185415,[],CHEMBL6113809,Inhibition of PKMYT1 (unknown origin) transfected in human HCC1569 cells assessed as reduction in CDK1 phosphorylation at Thr14 incubated for 2hrs by AlphaLISA analysis,B,,,BAO_0000190,BAO_0000219,cell-based format,Cc1cc2[nH]c(=O)c(N)c(-c3ccc(F)c4[nH]ncc34)c2nc1C#CC(C)(C)O,,,CHEMBL6109150,J Med Chem,2025,"{'bei': '18.94', 'le': '0.35', 'lle': '4.79', 'sei': '6.14'}",,CHEMBL6133305,,CHEMBL6133305,7.42,0,http://www.openphacts.org/units/Nanomolar,4684778,=,1,1,=,,IC50,nM,,38.5,CHEMBL3984,Homo sapiens,Membrane-associated tyrosine- and threonine-specific cdc2-inhibitory kinase,9606,,,IC50,nM,UO_0000065,,38.5,7.41453927
"{'action_type': 'INHIBITOR', 'description': 'Negatively effects (inhibits) the normal functioning of the protein e.g., prevention of enzymatic reaction or activation of downstream pathway', 'parent_type': 'NEGATIVE MODULATOR'}",,29185416,[],CHEMBL6113809,Inhibition of PKMYT1 (unknown origin) transfected in human HCC1569 cells assessed as reduction in CDK1 phosphorylation at Thr14 incubated for 2hrs by AlphaLISA analysis,B,,,BAO_0000190,BAO_0000219,cell-based format,Cc1cc2[nH]c(=O)c(N)c(-c3ccc(F)c4[nH]ncc34)c2nc1C#CC(C)C,,,CHEMBL6109150,J Med Chem,2025,"{'bei': '20.62', 'le': '0.38', 'lle': '4.24', 'sei': '7.71'}",,CHEMBL6164722,,CHEMBL6164722,7.74,0,http://www.openphacts.org/units/Nanomolar,4684780,=,1,1,=,,IC50,nM,,18.2,CHEMBL3984,Homo sapiens,Membrane-associated tyrosine- and threonine-specific cdc2-inhibitory kinase,9606,,,IC50,nM,UO_0000065,,18.2,7.739928612
"{'action_type': 'INHIBITOR', 'description': 'Negatively effects (inhibits) the normal functioning of the protein e.g., prevention of enzymatic reaction or activation of downstream pathway', 'parent_type': 'NEGATIVE MODULATOR'}",,29185417,[],CHEMBL6113809,Inhibition of PKMYT1 (unknown origin) transfected in human HCC1569 cells assessed as reduction in CDK1 phosphorylation at Thr14 incubated for 2hrs by AlphaLISA analysis,B,,,BAO_0000190,BAO_0000219,cell-based format,CCc1cc2[nH]c(=O)c(N)c(-c3ccc(F)c4[nH]ncc34)c2nc1C,,,CHEMBL6109150,J Med Chem,2025,"{'bei': '22.63', 'le': '0.42', 'lle': '4.57', 'sei': '7.60'}",,CHEMBL6168984,,CHEMBL6168984,7.63,0,http://www.openphacts.org/units/Nanomolar,4684781,=,1,1,=,,IC50,nM,,23.2,CHEMBL3984,Homo sapiens,Membrane-associated tyrosine- and threonine-specific cdc2-inhibitory kinase,9606,,,IC50,nM,UO_0000065,,23.2,7.634512015
"{'action_type': 'INHIBITOR', 'description': 'Negatively effects (inhibits) the normal functioning of the protein e.g., prevention of enzymatic reaction or activation of downstream pathway', 'parent_type': 'NEGATIVE MODULATOR'}",,29185418,[],CHEMBL6113809,Inhibition of PKMYT1 (unknown origin) transfected in human HCC1569 cells assessed as reduction in CDK1 phosphorylation at Thr14 incubated for 2hrs by AlphaLISA analysis,B,,,BAO_0000190,BAO_0000219,cell-based format,Cc1cnc2c(-c3ccc(F)c4[nH]ncc34)c(N)c(=O)[nH]c2c1C,,,CHEMBL6109150,J Med Chem,2025,"{'bei': '23.54', 'le': '0.43', 'lle': '4.81', 'sei': '7.58'}",,CHEMBL6172486,,CHEMBL6172486,7.61,0,http://www.openphacts.org/units/Nanomolar,4684784,=,1,1,=,,IC50,nM,,24.5,CHEMBL3984,Homo sapiens,Membrane-associated tyrosine- and threonine-specific cdc2-inhibitory kinase,9606,,,IC50,nM,UO_0000065,,24.5,7.610833916
"{'action_type': 'INHIBITOR', 'description': 'Negatively effects (inhibits) the normal functioning of the protein e.g., prevention of enzymatic reaction or activation of downstream pathway', 'parent_type': 'NEGATIVE MODULATOR'}",,29185419,[],CHEMBL6113809,Inhibition of PKMYT1 (unknown origin) transfected in human HCC1569 cells assessed as reduction in CDK1 phosphorylation at Thr14 incubated for 2hrs by AlphaLISA analysis,B,,,BAO_0000190,BAO_0000219,cell-based format,CCc1cnc2c(-c3ccc(F)c4[nH]ncc34)c(N)c(=O)[nH]c2c1C,,,CHEMBL6109150,J Med Chem,2025,"{'bei': '22.41', 'le': '0.41', 'lle': '4.50', 'sei': '7.53'}",,CHEMBL6143148,,CHEMBL6143148,7.56,0,http://www.openphacts.org/units/Nanomolar,4684785,=,1,1,=,,IC50,nM,,27.6,CHEMBL3984,Homo sapiens,Membrane-associated tyrosine- and threonine-specific cdc2-inhibitory kinase,9606,,,IC50,nM,UO_0000065,,27.6,7.559090918
"{'action_type': 'INHIBITOR', 'description': 'Negatively effects (inhibits) the normal functioning of the protein e.g., prevention of enzymatic reaction or activation of downstream pathway', 'parent_type': 'NEGATIVE MODULATOR'}",,29185420,[],CHEMBL6113809,Inhibition of PKMYT1 (unknown origin) transfected in human HCC1569 cells assessed as reduction in CDK1 phosphorylation at Thr14 incubated for 2hrs by AlphaLISA analysis,B,,,BAO_0000190,BAO_0000219,cell-based format,Cc1c(C2CC2)cnc2c(-c3ccc(F)c4[nH]ncc34)c(N)c(=O)[nH]c12,,,CHEMBL6109150,J Med Chem,2025,"{'bei': '21.76', 'le': '0.40', 'lle': '4.23', 'sei': '7.57'}",,CHEMBL6143248,,CHEMBL6143248,7.6,0,http://www.openphacts.org/units/Nanomolar,4684786,=,1,1,=,,IC50,nM,,24.9,CHEMBL3984,Homo sapiens,Membrane-associated tyrosine- and threonine-specific cdc2-inhibitory kinase,9606,,,IC50,nM,UO_0000065,,24.9,7.603800653
"{'action_type': 'INHIBITOR', 'description': 'Negatively effects (inhibits) the normal functioning of the protein e.g., prevention of enzymatic reaction or activation of downstream pathway', 'parent_type': 'NEGATIVE MODULATOR'}",,29185421,[],CHEMBL6113809,Inhibition of PKMYT1 (unknown origin) transfected in human HCC1569 cells assessed as reduction in CDK1 phosphorylation at Thr14 incubated for 2hrs by AlphaLISA analysis,B,,,BAO_0000190,BAO_0000219,cell-based format,Cc1c(C(C)C)cnc2c(-c3ccc(F)c4[nH]ncc34)c(N)c(=O)[nH]c12,,,CHEMBL6109150,J Med Chem,2025,"{'bei': '22.25', 'le': '0.41', 'lle': '4.20', 'sei': '7.78'}",,CHEMBL6147496,,CHEMBL6147496,7.82,0,http://www.openphacts.org/units/Nanomolar,4684787,=,1,1,=,,IC50,nM,,15.2,CHEMBL3984,Homo sapiens,Membrane-associated tyrosine- and threonine-specific cdc2-inhibitory kinase,9606,,,IC50,nM,UO_0000065,,15.2,7.818156412
"{'action_type': 'INHIBITOR', 'description': 'Negatively effects (inhibits) the normal functioning of the protein e.g., prevention of enzymatic reaction or activation of downstream pathway', 'parent_type': 'NEGATIVE MODULATOR'}",,29185422,[],CHEMBL6113809,Inhibition of PKMYT1 (unknown origin) transfected in human HCC1569 cells assessed as reduction in CDK1 phosphorylation at Thr14 incubated for 2hrs by AlphaLISA analysis,B,,,BAO_0000190,BAO_0000219,cell-based format,Cc1ccnc2c(-c3ccc(Cl)c4[nH]ncc34)c(N)c(=O)[nH]c12,,,CHEMBL6109150,J Med Chem,2025,"{'bei': '23.62', 'le': '0.46', 'lle': '4.68', 'sei': '7.66'}",,CHEMBL6146271,,CHEMBL6146271,7.7,0,http://www.openphacts.org/units/Nanomolar,4684789,=,1,1,=,,IC50,nM,,20.2,CHEMBL3984,Homo sapiens,Membrane-associated tyrosine- and threonine-specific cdc2-inhibitory kinase,9606,,,IC50,nM,UO_0000065,,20.2,7.694648631
"{'action_type': 'INHIBITOR', 'description': 'Negatively effects (inhibits) the normal functioning of the protein e.g., prevention of enzymatic reaction or activation of downstream pathway', 'parent_type': 'NEGATIVE MODULATOR'}",,29245295,"[{'comments': None, 'relation': '=', 'result_flag': 0, 'standard_relation': '=', 'standard_text_value': None, 'standard_type': 'TIME', 'standard_units': 'hr', 'standard_value': '0.25', 'text_value': None, 'type': 'TIME', 'units': 'min', 'value': '15.0'}]",CHEMBL6132414,Inhibition of recombinant human full-length PKMYT1 expressed in insect cells measured after 15 mins by ADP-glo assay,B,,,BAO_0000190,BAO_0000219,cell-based format,Cc1cc2[nH]c(=O)c(N)c(-c3ccc(F)c4[nH]ncc34)c2nc1Cl,,,CHEMBL6127145,ACS Med Chem Lett,2024,,,CHEMBL6169181,,CHEMBL6169181,,0,http://www.openphacts.org/units/Nanomolar,4696214,<,1,1,<,,IC50,nM,,10,CHEMBL3984,Homo sapiens,Membrane-associated tyrosine- and threonine-specific cdc2-inhibitory kinase,9606,,,IC50,nM,UO_0000065,,10,8
"{'action_type': 'INHIBITOR', 'description': 'Negatively effects (inhibits) the normal functioning of the protein e.g., prevention of enzymatic reaction or activation of downstream pathway', 'parent_type': 'NEGATIVE MODULATOR'}",,29245296,"[{'comments': None, 'relation': '=', 'result_flag': 0, 'standard_relation': '=', 'standard_text_value': None, 'standard_type': 'TIME', 'standard_units': 'hr', 'standard_value': '0.25', 'text_value': None, 'type': 'TIME', 'units': 'min', 'value': '15.0'}]",CHEMBL6132414,Inhibition of recombinant human full-length PKMYT1 expressed in insect cells measured after 15 mins by ADP-glo assay,B,,,BAO_0000190,BAO_0000219,cell-based format,Nc1c(-c2ccc(F)c3[nH]ncc23)c2ncc(C3CC3)cc2[nH]c1=O,,,CHEMBL6127145,ACS Med Chem Lett,2024,,,CHEMBL6145586,,CHEMBL6145586,,0,http://www.openphacts.org/units/Nanomolar,4696215,<,1,1,<,,IC50,nM,,10,CHEMBL3984,Homo sapiens,Membrane-associated tyrosine- and threonine-specific cdc2-inhibitory kinase,9606,,,IC50,nM,UO_0000065,,10,8
"{'action_type': 'INHIBITOR', 'description': 'Negatively effects (inhibits) the normal functioning of the protein e.g., prevention of enzymatic reaction or activation of downstream pathway', 'parent_type': 'NEGATIVE MODULATOR'}",,29245297,"[{'comments': None, 'relation': '=', 'result_flag': 0, 'standard_relation': '=', 'standard_text_value': None, 'standard_type': 'TIME', 'standard_units': 'hr', 'standard_value': '0.25', 'text_value': None, 'type': 'TIME', 'units': 'min', 'value': '15.0'}]",CHEMBL6132414,Inhibition of recombinant human full-length PKMYT1 expressed in insect cells measured after 15 mins by ADP-glo assay,B,,,BAO_0000190,BAO_0000219,cell-based format,Cc1nc(C)c2[nH]c(=O)c(N)c(-c3ccc(F)c4[nH]ncc34)c2n1,,,CHEMBL6127145,ACS Med Chem Lett,2024,,,CHEMBL6162828,,CHEMBL6162828,,0,http://www.openphacts.org/units/Nanomolar,4696216,<,1,1,<,,IC50,nM,,10,CHEMBL3984,Homo sapiens,Membrane-associated tyrosine- and threonine-specific cdc2-inhibitory kinase,9606,,,IC50,nM,UO_0000065,,10,8
"{'action_type': 'INHIBITOR', 'description': 'Negatively effects (inhibits) the normal functioning of the protein e.g., prevention of enzymatic reaction or activation of downstream pathway', 'parent_type': 'NEGATIVE MODULATOR'}",,29245298,"[{'comments': None, 'relation': '=', 'result_flag': 0, 'standard_relation': '=', 'standard_text_value': None, 'standard_type': 'TIME', 'standard_units': 'hr', 'standard_value': '0.25', 'text_value': None, 'type': 'TIME', 'units': 'min', 'value': '15.0'}]",CHEMBL6132414,Inhibition of recombinant human full-length PKMYT1 expressed in insect cells measured after 15 mins by ADP-glo assay,B,,,BAO_0000190,BAO_0000219,cell-based format,Cc1cc(Cl)c2c(-c3ccc(F)c4[nH]ncc34)c(N)c(=O)[nH]c2c1,,,CHEMBL6127145,ACS Med Chem Lett,2024,,,CHEMBL6174255,,CHEMBL6174255,,0,http://www.openphacts.org/units/Nanomolar,4696217,<,1,1,<,,IC50,nM,,10,CHEMBL3984,Homo sapiens,Membrane-associated tyrosine- and threonine-specific cdc2-inhibitory kinase,9606,,,IC50,nM,UO_0000065,,10,8
"{'action_type': 'INHIBITOR', 'description': 'Negatively effects (inhibits) the normal functioning of the protein e.g., prevention of enzymatic reaction or activation of downstream pathway', 'parent_type': 'NEGATIVE MODULATOR'}",,29245299,"[{'comments': None, 'relation': '=', 'result_flag': 0, 'standard_relation': '=', 'standard_text_value': None, 'standard_type': 'TIME', 'standard_units': 'hr', 'standard_value': '0.25', 'text_value': None, 'type': 'TIME', 'units': 'min', 'value': '15.0'}]",CHEMBL6132414,Inhibition of recombinant human full-length PKMYT1 expressed in insect cells measured after 15 mins by ADP-glo assay,B,,,BAO_0000190,BAO_0000219,cell-based format,Cc1c(C2CC2)nc(Cl)c2c(-c3ccc(F)c4[nH]ncc34)c(N)c(=O)[nH]c12,,,CHEMBL6127145,ACS Med Chem Lett,2024,,,CHEMBL6151576,,CHEMBL6151576,,0,http://www.openphacts.org/units/Nanomolar,4696218,<,1,1,<,,IC50,nM,,10,CHEMBL3984,Homo sapiens,Membrane-associated tyrosine- and threonine-specific cdc2-inhibitory kinase,9606,,,IC50,nM,UO_0000065,,10,8
"{'action_type': 'INHIBITOR', 'description': 'Negatively effects (inhibits) the normal functioning of the protein e.g., prevention of enzymatic reaction or activation of downstream pathway', 'parent_type': 'NEGATIVE MODULATOR'}",,29245300,"[{'comments': None, 'relation': '=', 'result_flag': 0, 'standard_relation': '=', 'standard_text_value': None, 'standard_type': 'TIME', 'standard_units': 'hr', 'standard_value': '0.25', 'text_value': None, 'type': 'TIME', 'units': 'min', 'value': '15.0'}]",CHEMBL6132414,Inhibition of recombinant human full-length PKMYT1 expressed in insect cells measured after 15 mins by ADP-glo assay,B,,,BAO_0000190,BAO_0000219,cell-based format,Cc1nc(Cl)cc2c(-c3ccc(F)c4[nH]ncc34)c(N)c(=O)[nH]c12,,,CHEMBL6127145,ACS Med Chem Lett,2024,,,CHEMBL6162753,,CHEMBL6162753,,0,http://www.openphacts.org/units/Nanomolar,4696219,<,1,1,<,,IC50,nM,,10,CHEMBL3984,Homo sapiens,Membrane-associated tyrosine- and threonine-specific cdc2-inhibitory kinase,9606,,,IC50,nM,UO_0000065,,10,8
