canonical_smiles,ACTIVITY,MaxAbsEStateIndex,MaxEStateIndex,MinAbsEStateIndex,MinEStateIndex,qed,SPS,MolWt,HeavyAtomMolWt,ExactMolWt,NumValenceElectrons,MaxPartialCharge,MinPartialCharge,MaxAbsPartialCharge,MinAbsPartialCharge,FpDensityMorgan1,FpDensityMorgan2,FpDensityMorgan3,BCUT2D_MWHI,BCUT2D_MWLOW,BCUT2D_CHGHI,BCUT2D_CHGLO,BCUT2D_LOGPHI,BCUT2D_LOGPLOW,BCUT2D_MRHI,BCUT2D_MRLOW,AvgIpc,BalabanJ,BertzCT,Chi0,Chi0n,Chi0v,Chi1,Chi1n,Chi1v,Chi2n,Chi2v,Chi3n,Chi3v,Chi4n,Chi4v,HallKierAlpha,Ipc,Kappa1,Kappa2,Kappa3,LabuteASA,PEOE_VSA1,PEOE_VSA10,PEOE_VSA11,PEOE_VSA12,PEOE_VSA13,PEOE_VSA14,PEOE_VSA2,PEOE_VSA3,PEOE_VSA4,PEOE_VSA5,PEOE_VSA6,PEOE_VSA7,PEOE_VSA8,PEOE_VSA9,SMR_VSA1,SMR_VSA10,SMR_VSA2,SMR_VSA3,SMR_VSA4,SMR_VSA5,SMR_VSA6,SMR_VSA7,SMR_VSA9,SlogP_VSA1,SlogP_VSA10,SlogP_VSA11,SlogP_VSA12,SlogP_VSA2,SlogP_VSA3,SlogP_VSA4,SlogP_VSA5,SlogP_VSA6,SlogP_VSA7,SlogP_VSA8,TPSA,EState_VSA1,EState_VSA10,EState_VSA11,EState_VSA2,EState_VSA3,EState_VSA4,EState_VSA5,EState_VSA6,EState_VSA7,EState_VSA8,EState_VSA9,VSA_EState1,VSA_EState10,VSA_EState2,VSA_EState3,VSA_EState4,VSA_EState5,VSA_EState6,VSA_EState7,VSA_EState8,VSA_EState9,FractionCSP3,HeavyAtomCount,NHOHCount,NOCount,NumAliphaticCarbocycles,NumAliphaticHeterocycles,NumAliphaticRings,NumAmideBonds,NumAromaticCarbocycles,NumAromaticHeterocycles,NumAromaticRings,NumAtomStereoCenters,NumHAcceptors,NumHDonors,NumHeteroatoms,NumHeterocycles,NumRotatableBonds,NumSaturatedCarbocycles,NumSaturatedHeterocycles,NumSaturatedRings,NumSpiroAtoms,NumUnspecifiedAtomStereoCenters,Phi,RingCount,MolLogP,MolMR,fr_Al_OH,fr_Al_OH_noTert,fr_ArN,fr_Ar_N,fr_Ar_NH,fr_Ar_OH,fr_C_O,fr_C_O_noCOO,fr_HOCCN,fr_NH0,fr_NH1,fr_NH2,fr_Ndealkylation1,fr_Ndealkylation2,fr_Nhpyrrole,fr_alkyl_halide,fr_allylic_oxid,fr_amide,fr_aniline,fr_aryl_methyl,fr_benzene,fr_bicyclic,fr_ester,fr_ether,fr_halogen,fr_hdrzine,fr_hdrzone,fr_imidazole,fr_methoxy,fr_morpholine,fr_nitrile,fr_para_hydroxylation,fr_phenol,fr_phenol_noOrthoHbond,fr_piperzine,fr_priamide,fr_pyridine,fr_sulfide,fr_sulfonamd,fr_sulfone,fr_term_acetylene,fr_thiazole,fr_thiophene,fr_urea
C#CCn1c(C)nc2c(c(C(N)=O)c(N)n2-c2c(C)ccc(O)c2C)c1=O,8.455931956,12.999515778533636,12.999515778533636,0.0010654971865289298,-0.8456297241118669,0.5993192096498672,10.88888888888889,365.3930000000001,346.24100000000016,365.14878946799996,138,0.26428759788043266,-0.5076053723574561,0.5076053723574561,0.26428759788043266,1.3333333333333333,2.0,2.5925925925925926,16.25549132534766,10.080362646828986,2.2670318605304063,-2.1535029606096137,2.340045690874507,-2.2508451576080013,6.1032317534859155,0.10022754444797786,2.8816562634906777,2.5997779681392874,1211.2691169209036,20.041087405397878,15.199209090062237,15.199209090062237,12.700483720356205,8.143592835381206,8.143592835381206,6.288140171469172,6.288140171469172,4.623352578226213,4.623352578226213,3.3038580662085524,3.3038580662085524,-3.7299999999999995,921043.6199056809,18.072837076236716,6.212865296694541,2.5189835505723934,154.58944075233873,16.573862349165076,17.39177910911886,5.647177220767728,0.0,11.466446624403513,0.0,18.723273663726353,4.9839785209472085,0.0,6.423349895620259,11.986801387317254,32.40103015923047,5.563451491696996,23.18181838675793,9.901064578912528,22.758443942419056,0.0,14.118177816529919,5.733667477162185,27.315968004984448,5.733667477162185,45.00129718913796,23.78068232244337,17.026601849376377,5.817862777835028,5.749511833283905,0.0,25.13188494072213,6.544756405912575,33.11499581354778,27.309296157162734,16.927271320995043,0.0,16.720787709916085,129.16000000000003,11.466446624403513,14.69560176298435,0.0,34.70898394396103,17.075242264380485,5.563451491696996,9.13419929558271,25.980208536304467,6.923737199690624,10.904412839802852,17.89068484994463,2.7590880889392793,0.0,29.554407832577475,10.136665447247156,13.159324058327034,1.952804058849333,3.2667961684980082,5.335970758571769,5.168276920323276,0.0,0.21052631578947367,27,5,8,0,0,0,1,1,2,3,0,5,3,8,2,3,0,0,0,0,0,4.158670454954279,3,1.1323599999999998,102.96910000000003,0,0,1,3,0,1,1,1,0,3,0,2,0,0,0,0,0,1,1,2,1,1,0,0,0,0,0,0,0,0,0,0,1,1,0,1,0,0,0,0,1,0,0,0
C=CCn1c(=O)c2cnc(Nc3ccc(N4CCN(C)CC4)cc3)nc2n1-c1cccc(C(C)(C)O)c1,5.5895841265,13.208981652019864,13.208981652019864,0.20218418332006083,-1.0272715377759645,0.37627087873953985,14.756756756756756,499.61900000000026,466.35500000000036,499.26957329600003,192,0.2779738907524882,-0.3857530447316895,0.3857530447316895,0.2779738907524882,1.0810810810810811,1.8108108108108107,2.4864864864864864,16.281450631167093,9.979860885928566,2.204468828268314,-2.3364066324796684,2.251304482298838,-2.4398078978405047,5.771359927834391,0.07855327607045885,3.1540630319860554,1.4975485220918536,1473.4308743854147,26.156125291633362,21.554886837979115,21.554886837979115,17.740533306307345,12.47743596817745,12.47743596817745,9.990174992979222,9.990174992979222,6.766603758656034,6.766603758656034,4.605629633637517,4.605629633637517,-3.9499999999999993,241184185.4197905,24.731536968134026,9.835580766503718,5.004014388091158,215.8279714177132,20.223135460547994,5.386224214464796,5.647177220767728,5.948339280986494,5.559266895052008,0.0,4.794537184071822,14.347584391237579,4.9839785209472085,6.578935683598497,18.208754243757102,62.856800284525086,43.7506417446305,17.833193491579827,5.106527394840706,28.35651326558614,0.0,24.231472643035264,0.0,25.99328161627751,43.4433959411843,83.29999148055917,5.687386274683562,15.775965229908817,17.323111830353618,0.0,0.0,62.564697644203456,12.145807216896262,0.0,19.410925891078243,72.17727309381016,0.0,16.720787709916085,91.45,5.601050810983688,9.901064578912528,0.0,5.559266895052008,23.52649712213159,43.11724966471442,5.687386274683562,35.48394394811858,36.39820241076966,45.8599283898534,4.9839785209472085,3.3356891391601127,0.0,27.077335295105943,14.222643717471968,2.7530253947362557,0.3916601896663676,15.715000694362255,3.22881739385888,11.709950610203903,2.1492108987676537,0.32142857142857145,37,2,9,0,1,1,0,2,2,4,0,7,2,9,3,7,0,1,1,0,0,6.574298089996073,5,3.4910000000000023,148.0014999999998,1,0,0,4,0,0,0,0,0,6,1,0,1,0,0,0,1,0,3,0,2,1,0,0,0,0,0,0,0,0,0,0,0,0,1,0,0,0,0,0,0,0,0,0
C=CCn1c(=O)c2cnc(Nc3ccc(N4CCN(C)CC4)cc3)nc2n1-c1cccc(C(C)(C)O)n1,5.5895841265,13.181203874242085,13.181203874242085,0.24218418332006064,-1.1383826488870756,0.37351787019809934,14.756756756756756,500.60700000000026,468.35100000000034,500.26482226400003,192,0.2780221867196085,-0.3841413089660012,0.3841413089660012,0.2780221867196085,1.0810810810810811,1.8108108108108107,2.4864864864864864,16.28229556044585,10.052517932017022,2.2163742669885362,-2.33640541704602,2.2335673449436086,-2.4398079206687737,5.7673948787444544,0.07376452852542377,3.1540630319860554,1.4975485220918536,1475.3063340990172,26.156125291633362,21.424750164289446,21.424750164289446,17.740533306307345,12.34729929448778,12.34729929448778,9.820872767674635,9.820872767674635,6.547659389897677,6.547659389897677,4.439902392278441,4.439902392278441,-4.02,241184185.4197905,24.66458181684164,9.794347261520059,4.979011598970955,215.04761939865966,20.223135460547994,10.987275025448483,11.465039998602755,5.948339280986494,5.559266895052008,0.0,4.794537184071822,19.331562912184786,4.9839785209472085,6.578935683598497,12.142387175295491,57.2933487928281,43.7506417446305,12.238684400761036,5.106527394840706,28.35651326558614,0.0,29.215451163982472,0.0,25.99328161627751,43.4433959411843,77.36410091524903,5.817862777835028,15.775965229908817,17.323111830353618,0.0,0.0,67.54867616515067,12.145807216896262,0.0,19.54140239422971,66.11090602534854,0.0,16.85126421306755,104.34,5.601050810983688,9.901064578912528,0.0,12.104023300964583,28.49353148890251,31.866411898333865,16.566032781441823,42.80439864674514,12.13273413692322,50.84390691080061,4.9839785209472085,3.1620780280490015,0.0,31.601287188464937,14.099735554206662,1.5481596844073975,0.8312475482964201,13.51975479705862,3.1732618383033246,11.502504045779315,2.1453046487676537,0.3333333333333333,37,2,10,0,1,1,0,1,3,4,0,8,2,10,4,7,0,1,1,0,0,6.529012956062712,5,2.8860000000000015,145.79649999999984,1,0,0,5,0,0,0,0,0,7,1,0,1,0,0,0,1,0,3,0,1,1,0,0,0,0,0,0,0,0,0,0,0,0,1,0,1,0,0,0,0,0,0,0
C=CCn1c(C)nc2c(c(C(N)=O)c(N)n2-c2c(C)ccc(O)c2C)c1=O,8.397940009,13.047293556311413,13.047293556311413,0.008938019652305229,-0.8198006424792139,0.6043008627907375,11.074074074074074,367.4090000000001,346.24100000000016,367.16443953199996,140,0.2637223281278465,-0.5076053723574561,0.5076053723574561,0.2637223281278465,1.3333333333333333,2.0,2.5925925925925926,16.25549140768687,10.08036215497276,2.2665445418872836,-2.154245059723603,2.3401957488666794,-2.249311402581718,6.10320936872685,0.10022746057153298,2.8816562634906777,2.593371091294441,1170.7725628497599,20.041087405397878,15.406315871248784,15.406315871248784,12.700483720356205,8.317860891120844,8.317860891120844,6.397151463658689,6.397151463658689,4.685625233008903,4.685625233008903,3.3704780736782425,3.3704780736782425,-3.55,921043.6199056809,18.247356811190322,6.312972339915136,2.5692736308401076,154.9006123282952,16.573862349165076,17.39177910911886,5.647177220767728,0.0,11.466446624403513,0.0,18.723273663726353,4.9839785209472085,0.0,6.578935683598497,12.142387175295491,32.40103015923047,12.10820789760957,16.637061980845353,9.901064578912528,22.758443942419056,0.0,14.118177816529919,5.733667477162185,27.315968004984448,5.733667477162185,57.65625297957033,11.436898107967467,17.026601849376377,5.817862777835028,5.749511833283905,0.0,25.13188494072213,6.544756405912575,20.771211599071872,27.309296157162734,29.582227111427418,0.0,16.720787709916085,129.16000000000003,11.466446624403513,14.69560176298435,0.0,34.70898394396103,17.075242264380485,5.563451491696996,9.13419929558271,32.05622864313835,6.923737199690624,11.562914204545706,11.46733495432437,2.902972726127488,0.0,29.670121567145376,10.195519900874338,13.39198837868481,-0.3045422639262825,3.291137307157329,1.5652132287972835,9.120922488472992,0.0,0.21052631578947367,27,5,8,0,0,0,1,1,2,3,0,5,3,8,2,4,0,0,0,0,0,4.26648366020765,3,1.6851599999999998,104.33310000000003,0,0,1,3,0,1,1,1,0,3,0,2,0,0,0,0,1,1,1,2,1,1,0,0,0,0,0,0,0,0,0,0,1,1,0,1,0,0,0,0,0,0,0,0
CC(C)(C)NS(=O)(=O)c1cncc(-c2ccn3nc(N)nc3c2)c1,5.0,12.452949095156887,12.452949095156887,0.10720295834383164,-3.65254485281767,0.7414814883691501,12.625,346.4160000000001,328.27200000000005,346.121194816,126,0.2420968916311673,-0.36647608402159193,0.36647608402159193,0.2420968916311673,1.1666666666666667,1.9166666666666667,2.625,32.23327260174577,10.11120407898998,2.222809842941834,-2.1993206147274074,2.2276224476920756,-2.4001857424613755,7.891565093404386,0.49109882118081094,2.8371680164773734,2.028297961443107,1004.2213380764808,17.535169427003233,13.555051137718806,14.371547718646532,11.13877833720401,7.253339894130434,8.736503141724826,6.453005154983815,8.135407396393331,3.151258579390622,4.876222579761018,2.2640078428476573,3.6697917338968598,-2.5199999999999996,207643.81562192953,16.3417287103599,5.5323378388075195,3.3625080223590906,139.34435246263985,5.733667477162185,4.895483475517775,5.647177220767728,15.97163043439408,0.0,0.0,4.9839785209472085,17.655289742396647,4.9839785209472085,5.098681808301038,0.0,44.5337642961537,29.692907458919567,0.0,8.417796984328938,21.618807655161806,0.0,24.304131608263166,0.0,31.20562032697299,5.733667477162185,36.78963192022406,11.126902983393991,10.455762341614273,5.948339280986494,0.0,0.0,33.53875898052336,10.023291153407584,0.0,20.771211599071872,41.68511539574183,0.0,16.77408020416172,115.27,15.56221640579093,8.417796984328938,0.0,10.84382275650427,11.210628712464723,5.563451491696996,6.196843571613076,55.87939784129848,0.0,19.78873371464754,5.733667477162185,29.068157226446594,0.0,8.260675918139167,4.006863498587885,7.010921992941918,0.17683396876759105,5.145149518140589,4.6343609588897285,5.349581770904199,-3.65254485281767,0.26666666666666666,24,3,8,0,0,0,0,0,3,3,0,6,2,9,3,3,0,0,0,0,0,3.7669985039938028,3,1.4502999999999997,90.70490000000001,0,0,1,4,0,0,0,0,0,4,1,1,0,0,0,0,0,0,1,0,0,1,0,0,0,0,0,0,0,0,0,0,0,0,0,0,2,0,1,0,0,0,0,0
CC(C)(F)c1nc(-n2c3nc(Nc4ccc5c(c4)CCNC5(C)C)ncc3c(=O)n2C2CC2)ccc1F,5.259637311,14.722926620543005,14.722926620543005,0.023695748937035965,-1.994058422227908,0.4058617903896513,17.135135135135137,505.5730000000003,476.3410000000003,505.24016498800006,192,0.27798733629367817,-0.3241137641264886,0.3241137641264886,0.27798733629367817,1.162162162162162,1.945945945945946,2.675675675675676,19.149270016938484,9.849508497781182,2.3257937464639467,-2.3379320175844764,2.360980201174674,-2.4191062024396808,5.768407617004509,0.20544268517975678,3.624211856972632,1.4585420978315646,1595.0757351326488,26.112155217263346,21.270124223055678,21.270124223055678,17.52582513604782,12.548336750679946,12.548336750679946,10.894628837410796,10.894628837410796,7.123399101337358,7.123399101337358,5.117511749395124,5.117511749395124,-3.6599999999999993,316213716.7528935,23.721459684904772,8.173431061862933,4.087576478848664,212.29842317417254,10.633577208012662,22.56613286910483,11.465039998602755,5.948339280986494,5.559266895052007,0.0,4.794537184071822,28.11239300753443,4.9839785209472085,0.0,6.06636706846161,88.89454133069354,17.423155098679985,6.041840829147961,8.78083009534964,22.66912699090258,0.0,29.632330037138324,0.0,64.20693956781751,11.861545009918906,69.5205348123333,5.817862777835028,16.19284410306467,20.416555651019692,0.0,0.0,30.86029783904457,17.628506694055034,5.817220841045895,63.399263852004935,41.32321609799295,0.0,16.85126421306755,89.66,11.485980659791572,13.575367279421462,0.0,28.6518237492668,16.98174071621902,31.494607549374166,43.303955091311536,9.36360587029037,6.06636706846161,51.56572130715876,0.0,32.29252630894595,0.0,26.668046583898146,7.116348018186596,1.0191547258489535,-0.19390320533491612,8.78532385829828,4.077670649069407,7.734833061087587,0.0,0.4074074074074074,37,2,8,1,1,2,0,1,3,4,0,6,2,10,4,5,1,0,1,0,0,5.240154470846757,6,4.780200000000004,137.7403999999999,0,0,0,5,0,0,0,0,0,5,2,0,0,0,0,1,0,0,2,0,1,2,0,0,2,0,0,0,0,0,0,0,0,0,0,0,1,0,0,0,0,0,0,0
CC(C)(F)c1nc(-n2c3nc(Nc4ccc5c(c4)CCNC5)ncc3c(=O)n2C2CC2)ccc1F,4.991399828,14.674940509431893,14.674940509431893,0.017542313697062273,-1.988667265765323,0.45098247992941654,15.885714285714286,477.5190000000003,452.31900000000024,477.20886486000006,180,0.27798733629367817,-0.32411376989636737,0.32411376989636737,0.27798733629367817,1.1428571428571428,1.9714285714285715,2.742857142857143,19.149268880909666,10.004083803440368,2.3225466635773184,-2.180016657680086,2.357735113335077,-2.2306734591287105,5.768110292005752,0.20544358932865323,3.6266661143348355,1.4757689169409147,1515.0069243782973,24.3192619984499,19.477231004242228,19.477231004242228,16.791844901323604,11.755443531866494,11.755443531866494,9.63119211064196,9.63119211064196,6.4763632985965405,6.4763632985965405,4.579556348603459,4.579556348603459,-3.6599999999999993,167543807.2301799,21.845414980937385,7.943655807415584,3.871068674772062,199.56853894537932,10.633577208012662,22.56613286910483,11.465039998602755,5.948339280986494,5.559266895052007,0.0,4.794537184071822,28.11239300753443,4.9839785209472085,0.0,6.06636706846161,75.04706693131229,18.428986252209214,6.041840829147961,8.78083009534964,22.66912699090258,0.0,29.632330037138324,0.0,51.36529632196549,11.861545009918906,69.5205348123333,5.817862777835028,16.19284410306467,20.416555651019692,0.0,0.0,30.86029783904457,18.634337847584263,5.817220841045895,49.55178945262368,41.32321609799295,0.0,16.85126421306755,89.66,11.485980659791572,13.575367279421462,0.0,23.112898496883457,16.98174071621902,38.039363955286746,43.303955091311536,9.36360587029037,6.06636706846161,37.71824690777751,0.0,32.19198797102125,0.0,26.536373228466775,6.918393941239012,1.165302238173449,-0.18433761279854433,8.729234114708536,4.106204731067316,4.286841388122208,0.0,0.36,35,2,8,1,1,2,0,1,3,4,0,6,2,10,4,5,1,0,1,0,0,4.958070216535047,6,4.045100000000002,128.41840000000005,0,0,0,5,0,0,0,0,0,5,2,0,0,0,0,1,0,0,2,0,1,2,0,0,2,0,0,0,0,0,0,0,0,0,0,0,1,0,0,0,0,0,0,0
CC(C)c1cnc2c(-c3ccc(F)c4[nH]ncc34)c(N)c(=O)[nH]c2c1,8.075720714,13.964749511451352,13.964749511451352,0.04759731670445966,-0.4175733701423636,0.5221910119351941,11.68,337.35800000000006,321.2300000000001,337.133888352,126,0.2718136715249824,-0.393691127320119,0.393691127320119,0.2718136715249824,1.24,2.04,2.8,19.142190347089308,9.976555072042034,2.1805647587286585,-2.1216488711768604,2.352292952067285,-2.1398433319186365,6.056118376288496,0.6361374361736293,3.0735627294363823,2.1283828526260584,1175.481280556927,17.714813991764814,13.72209183880039,13.72209183880039,11.969234250586762,7.904152705201915,7.904152705201915,6.315941729408176,6.315941729408176,4.408482064714354,4.408482064714354,3.014574745868449,3.014574745868449,-3.22,718737.2764650509,15.316035270183914,5.406080499058309,2.2732434201278156,141.45015886446248,10.717645998109393,17.02130783334572,0.0,0.0,5.559266895052007,0.0,14.877197513320066,4.39041504767482,5.098681808301038,0.0,19.913841467842857,29.177543166478603,17.146519277774868,17.2302450068456,4.39041504767482,27.623712641997145,0.0,20.16532065849649,0.0,19.76538044554264,5.733667477162185,52.327264760477696,11.126902983393991,11.29293437221419,10.077801322358383,0.0,0.0,20.16532065849649,0.0,5.817220841045895,25.328831937239634,35.3873255326828,0.0,33.06322935070757,100.44999999999999,11.376487736097902,9.184952231746642,0.0,17.121993038461216,27.546528633091313,5.563451491696996,12.263210640074686,12.263210640074686,19.913841467842857,20.16532065849649,5.733667477162185,13.964749511451352,0.0,19.639628133660867,7.087004272783494,9.257289409591,-0.14645595457599447,4.813514608003695,3.284763663181322,4.099506355904263,0.0,0.16666666666666666,25,4,6,0,0,0,0,1,3,4,0,4,3,7,3,2,0,0,0,0,0,3.3119887838812208,4,3.3110999999999997,95.91080000000001,0,0,1,4,2,0,0,0,0,2,2,1,0,0,2,0,0,0,1,0,1,2,0,0,1,0,0,0,0,0,0,0,0,0,0,0,2,0,0,0,0,0,0,0
CC(C)n1c(=O)c2cnc(Nc3ccc4c(c3)CCNC4(C)C)nc2n1-c1ccc(F)c(C(C)(C)O)n1,5.174573882,14.494122608197328,14.494122608197328,0.09573731381073336,-1.5096834222279094,0.3753877069452075,15.27027027027027,505.59800000000024,473.34200000000027,505.26015148400006,194,0.2779675064670224,-0.38402362780223814,0.38402362780223814,0.2779675064670224,1.1891891891891893,1.945945945945946,2.6486486486486487,19.142214882162794,9.849508463967554,2.2756174688751103,-2.337935690814495,2.3073179238904,-2.419106473960646,5.767643396986658,0.06935028872605174,3.1006560141777735,1.628487180238058,1563.7500504680243,26.697941654890254,21.925159783173314,21.925159783173314,17.364029093499347,12.421165269376836,12.421165269376836,10.84376451375361,10.84376451375361,6.73618899997271,6.73618899997271,4.946873933050694,4.946873933050694,-3.6299999999999994,145653843.37752333,25.03775640165901,8.74036129336487,4.400420216645785,213.93295267697152,15.740104602853368,22.498423861342843,11.465039998602755,5.948339280986494,5.559266895052008,0.0,4.794537184071822,23.721977959859604,4.9839785209472085,0.0,6.06636706846161,89.90037248422276,23.464995927827943,0.0,9.496942442515525,22.66912699090258,0.0,29.632330037138324,0.0,65.14506171358474,11.861545009918906,69.5205348123333,5.817862777835028,16.19284410306467,16.026140603344878,0.0,0.0,35.96682523388528,17.560797686293043,5.817220841045895,64.40509500553415,41.32321609799295,0.0,16.85126421306755,109.89000000000001,11.418271652029583,14.291479626587348,0.0,28.651823749266804,16.98174071621902,18.652964303522147,47.98575802645672,4.681802935145185,19.913841467842857,51.56572130715875,0.0,17.560014780365655,0.0,26.753024223101974,17.55779841444452,1.6888945809744644,-0.04024501057552987,8.665291107305238,2.4156390490374386,11.89958285534624,0.0,0.4074074074074074,37,3,9,0,1,1,0,1,3,4,0,7,3,10,4,5,0,0,0,0,0,5.914568565561051,5,4.049000000000004,140.96519999999992,1,0,0,5,0,0,0,0,0,5,2,0,0,0,0,0,0,0,2,0,1,2,0,0,1,0,0,0,0,0,0,0,0,0,0,0,1,0,0,0,0,0,0,0
CC(C)n1c(=O)c2cnc(Nc3ccc4c(c3)CCNC4(C)C)nc2n1-c1cccc(C2(C#N)CC2)n1,5.812479279,13.361089779888637,13.361089779888637,0.065992681582842,-0.5276232370427236,0.42660135562798035,17.405405405405407,494.6030000000003,464.3630000000003,494.2542575800001,188,0.27796750633662304,-0.32411376412650694,0.32411376412650694,0.27796750633662304,1.162162162162162,1.972972972972973,2.7027027027027026,16.143648648640237,9.849508476210552,2.461333728683214,-2.3379324779383057,2.463393584682331,-2.4191061204110587,5.767942065111862,0.3820912005608537,3.6217712308310137,1.4465137597823408,1634.4272597782467,25.949018510446813,21.538759141726803,21.538759141726803,17.721112443942754,12.772623147392101,12.772623147392101,10.859803771798363,10.859803771798363,7.5140891184205865,7.5140891184205865,5.325998197409776,5.325998197409776,-4.029999999999999,386457941.00131005,23.373461030494877,8.24883576671701,3.7964456073813557,214.72487416418537,10.633577208012662,5.386224214464796,11.465039998602755,5.948339280986494,5.559266895052008,0.0,4.794537184071822,19.331562912184786,10.245870075685694,0.0,12.13273413692322,88.89454133069354,23.464995927827943,17.178139777037515,0.0,22.66912699090258,5.261891554738487,29.632330037138324,0.0,63.9531702184686,11.861545009918906,69.76968103974902,11.887084090627301,16.19284410306467,11.635725555670057,0.0,0.0,30.86029783904457,17.374737344706134,11.33111286753076,63.39926385200492,47.38958316645456,0.0,16.85126421306755,113.45,5.41499046939678,10.056428738810308,0.0,17.140032976583313,22.799603494054047,37.18853554422263,11.126902983393991,15.560449441903447,38.112942673227685,47.666985578056604,9.967957041894417,3.40511930746689,0.0,27.43311921440683,17.000979093916584,3.9331525713258886,0.9677134972127315,14.23862786359184,4.132676595153545,9.221945190259024,0.0,0.39285714285714285,37,2,9,1,1,2,0,1,3,4,0,7,2,9,4,5,1,0,1,0,0,5.210914630819253,6,4.237680000000003,142.28739999999985,0,0,0,5,0,0,0,0,0,6,2,0,0,0,0,0,0,0,2,0,1,2,0,0,0,0,0,0,0,0,1,0,0,0,0,0,1,0,0,0,0,0,0,0
CC(C)n1c(=O)c2cnc(Nc3ccc4c(c3)CCNC4)nc2n1-c1ccc(F)c(C(C)(C)F)n1,5.18243463,14.66259483041955,14.66259483041955,0.1933849649695616,-2.004292265765324,0.44395158305982796,13.914285714285715,479.5350000000002,452.3190000000002,479.2245149240001,182,0.27796750647097357,-0.3241137698963857,0.3241137698963857,0.27796750647097357,1.1428571428571428,1.9428571428571428,2.6857142857142855,19.149268694223522,10.004083760753936,2.2730327169070295,-2.18681695611548,2.2768104511605824,-2.252884137645731,5.76735100199041,0.205405727753592,3.103240636957802,1.6441274150278995,1483.9300249279306,24.905048436076804,20.063017441869135,20.063017441869135,16.63004885877513,11.593647489318018,11.593647489318018,9.493766383871364,9.493766383871364,6.072754769656976,6.072754769656976,4.396778050177271,4.396778050177271,-3.6599999999999993,77186513.35473116,23.09920614651622,8.528202143362142,4.181296424328951,200.5743700989085,10.633577208012662,22.56613286910483,11.465039998602755,5.948339280986494,5.559266895052008,0.0,4.794537184071822,28.112393007534425,4.9839785209472085,0.0,6.06636706846161,76.0528980848415,24.470827081357175,0.0,8.78083009534964,22.66912699090258,0.0,29.632330037138324,0.0,52.37112747549472,11.861545009918906,69.5205348123333,5.817862777835028,16.19284410306467,20.4165556510197,0.0,0.0,30.86029783904457,18.634337847584263,5.817220841045895,50.55762060615291,41.32321609799295,0.0,16.85126421306755,89.66000000000001,11.485980659791572,13.575367279421462,0.0,28.499122711348253,11.595516501754222,31.264087777896332,46.60119389314029,0.0,19.913841467842857,37.71824690777751,0.0,31.993685501885444,0.0,26.420409509645918,6.857666900422687,0.9992144886414351,-0.26037077606384895,8.402783710855534,2.402032189627008,7.934578474985829,0.0,0.36,35,2,8,0,1,1,0,1,3,4,0,6,2,10,4,5,0,0,0,0,0,5.628419981962389,5,4.291100000000003,130.53240000000002,0,0,0,5,0,0,0,0,0,5,2,0,0,0,0,1,0,0,2,0,1,2,0,0,2,0,0,0,0,0,0,0,0,0,0,0,1,0,0,0,0,0,0,0
CC(C)n1c(=O)c2cnc(Nc3ccc4c(c3)CCNC4)nc2n1-c1ccc(F)c(C(C)(C)O)n1,4.696803943,14.446136497086217,14.446136497086217,0.11522333570941168,-1.504292265765324,0.40452369261797844,13.914285714285715,477.5440000000002,449.3200000000002,477.22885135600006,182,0.2779675064670224,-0.38402362780223814,0.38402362780223814,0.2779675064670224,1.1714285714285715,1.9714285714285715,2.7142857142857144,19.142214282400356,10.004083571672888,2.2569473189565574,-2.199342187632528,2.254906529994065,-2.2600651408623214,5.767345765155048,0.06935091961748156,3.103240636957802,1.6441274150278995,1483.9300249279306,24.905048436076804,20.132266564359863,20.132266564359863,16.63004885877513,11.628272050563382,11.628272050563382,9.580327786984775,9.580327786984775,6.089153197231892,6.089153197231892,4.408918532259024,4.408918532259024,-3.6299999999999994,77186513.35473116,23.127781884770947,8.54483415376728,4.191002137224705,201.20306844817827,15.740104602853368,22.498423861342843,11.465039998602755,5.948339280986494,5.559266895052008,0.0,4.794537184071822,23.721977959859604,4.9839785209472085,0.0,6.06636706846161,76.0528980848415,24.470827081357175,0.0,9.496942442515525,22.66912699090258,0.0,29.632330037138324,0.0,52.303418467732726,11.861545009918906,69.5205348123333,5.817862777835028,16.19284410306467,16.026140603344878,0.0,0.0,35.96682523388528,18.566628839822272,5.817220841045895,50.55762060615291,41.32321609799295,0.0,16.85126421306755,109.89000000000001,11.418271652029583,14.291479626587348,0.0,23.112898496883457,16.98174071621902,25.197720709434723,47.98575802645672,4.681802935145185,19.913841467842857,37.71824690777751,0.0,17.507462553552063,0.0,26.62135086767061,17.327483226385826,1.8320703641733846,-0.030679418039157857,8.609201363715496,2.4369276292843525,8.446183413257431,0.0,0.36,35,3,9,0,1,1,0,1,3,4,0,7,3,10,4,5,0,0,0,0,0,5.646373158567743,5,3.3139000000000016,131.64320000000004,1,0,0,5,0,0,0,0,0,5,2,0,0,0,0,0,0,0,2,0,1,2,0,0,1,0,0,0,0,0,0,0,0,0,0,0,1,0,0,0,0,0,0,0
CC(C)n1c(=O)c2cnc(Nc3ccc4c(c3)CCNC4)nc2n1-c1cccc(C2(C#N)CC2)n1,5.249491605,13.300182071144391,13.300182071144391,0.12622903684311026,-0.5222320805801386,0.46269719359390676,16.17142857142857,466.54900000000026,440.34100000000024,466.2229574520001,176,0.27796750633662304,-0.32411376989638585,0.32411376989638585,0.27796750633662304,1.1714285714285715,2.0285714285714285,2.8,16.143644947147955,10.004083598946155,2.461079072643098,-2.178427259818524,2.4630553232770187,-2.2466328200550643,5.767641596676931,0.4708156816198197,3.6239426537279993,1.4625467463283865,1554.1020833761388,24.156125291633362,19.745865922913353,19.745865922913353,16.987132209218537,11.979729928578648,11.979729928578648,9.596367045029528,9.596367045029528,6.867053315679768,6.867053315679768,4.78804279661811,4.78804279661811,-4.029999999999999,204746149.86423156,21.499770082241177,8.029215596655206,3.576213161160096,201.9949899353921,10.633577208012662,5.386224214464796,11.465039998602755,5.948339280986494,5.559266895052008,0.0,4.794537184071822,19.331562912184786,10.245870075685694,0.0,12.13273413692322,75.04706693131227,24.470827081357175,17.178139777037515,0.0,22.66912699090258,5.261891554738487,29.632330037138324,0.0,51.11152697261659,11.861545009918906,69.76968103974902,11.887084090627301,16.19284410306467,11.635725555670057,0.0,0.0,30.86029783904457,18.380568498235366,11.33111286753076,49.55178945262368,47.38958316645456,0.0,16.85126421306755,113.45,5.41499046939678,10.056428738810308,0.0,11.601107724199968,22.799603494054047,43.73329195013521,11.126902983393991,15.560449441903447,38.112942673227685,33.81951117867536,9.967957041894417,3.400553191764411,0.0,27.30144585897547,16.774366793569346,4.046583722296917,0.975591636990222,14.176245248686904,4.159555453178237,5.748991427871836,0.0,0.34615384615384615,35,2,9,1,1,2,0,1,3,4,0,7,2,9,4,5,1,0,1,0,0,4.932179693395195,6,3.502580000000002,132.96539999999996,0,0,0,5,0,0,0,0,0,6,2,0,0,0,0,0,0,0,2,0,1,2,0,0,0,0,0,0,0,0,1,0,0,0,0,0,1,0,0,0,0,0,0,0
CC(C)n1c(=O)c2cnc(Nc3ccc4c(c3)CCNC4)nc2n1-c1cccc(C2(CF)CC2)n1,5.159893906,13.748815931528963,13.748815931528963,0.13529539486780173,-0.4944543028023609,0.4408705114908544,16.457142857142856,473.55600000000027,445.3320000000002,473.2339367360001,180,0.2779675063180939,-0.3241137698963859,0.3241137698963859,0.2779675063180939,1.1714285714285715,2.0285714285714285,2.8,19.141341929138434,10.00408355846379,2.4566788448003867,-2.1797388335687677,2.4733073032284074,-2.2485109606029976,5.76747692941937,0.41029203961008287,3.6239426537279993,1.4548473932276886,1485.0796595071208,24.156125291633362,19.88372358160917,19.88372358160917,16.987132209218537,12.126937763334366,12.126937763334366,9.816417571814114,9.816417571814114,7.065437201843825,7.065437201843825,4.875776577318708,4.875776577318708,-3.5899999999999994,204746149.86423156,21.910859742197275,8.265978468980792,3.7034235004737246,201.7679456568496,10.633577208012662,12.060815186739703,11.465039998602755,5.948339280986494,5.559266895052008,0.0,9.184952231746642,19.331562912184786,4.9839785209472085,0.0,12.13273413692322,75.04706693131227,29.885817550753956,5.693927994848461,4.39041504767482,22.66912699090258,0.0,29.632330037138324,0.0,51.11152697261659,18.536135982193812,69.76968103974902,5.817862777835028,16.19284410306467,16.026140603344878,0.0,0.0,37.53488881131948,18.380568498235366,0.0,49.55178945262368,47.38958316645456,0.0,16.85126421306755,89.66000000000001,12.089581441671687,9.184952231746642,0.0,11.601107724199968,22.799603494054047,43.73329195013521,11.126902983393991,15.560449441903447,38.112942673227685,27.75028986588309,9.967957041894417,17.125488737805846,0.0,27.260696254343284,7.099519567114075,4.026866220405547,0.952381760447012,11.701708268377919,4.120336506340243,5.29633601849941,0.0,0.38461538461538464,35,2,8,1,1,2,0,1,3,4,0,6,2,9,4,6,1,0,1,0,0,5.17470556759602,6,3.948500000000003,133.32739999999995,0,0,0,5,0,0,0,0,0,5,2,0,0,0,0,1,0,0,2,0,1,2,0,0,1,0,0,0,0,0,0,0,0,0,0,0,1,0,0,0,0,0,0,0
CC(C)n1c(=O)c2cnc(Nc3ccc4c(c3)CCNC4)nc2n1-c1ccnc(C2(C#N)CC2)c1,5.537602002,13.31233484892217,13.31233484892217,0.10663720010841637,-0.5222320805801386,0.46269719359390676,16.17142857142857,466.54900000000026,440.34100000000024,466.2229574520001,176,0.27791923038745847,-0.32411377671902464,0.32411377671902464,0.27791923038745847,1.1714285714285715,2.0285714285714285,2.8,16.143579968207135,10.00408164476421,2.461182711005056,-2.1795112496122724,2.464790450662667,-2.2404639194968468,5.771181665204859,0.4752629452006655,3.6239426537279993,1.4625467463283865,1554.1020833761388,24.156125291633362,19.745865922913353,19.745865922913353,16.987132209218537,11.96966382183731,11.96966382183731,9.614621767095635,9.614621767095635,6.903744066518577,6.903744066518577,4.820931423857159,4.820931423857159,-4.03,204746149.86423156,21.499770082241177,8.029215596655206,3.576213161160096,201.99498993539214,10.633577208012662,5.386224214464796,5.647177220767728,5.948339280986494,5.559266895052008,0.0,9.77851570501903,14.347584391237579,10.245870075685694,0.0,6.06636706846161,75.04706693131229,30.66767065297025,22.865526051721076,0.0,22.66912699090258,5.261891554738487,29.632330037138324,0.0,51.11152697261659,11.861545009918906,69.90015754290047,11.756607587475836,16.19284410306467,11.635725555670057,0.0,0.0,30.86029783904457,18.380568498235366,11.33111286753076,49.55178945262368,47.52005966960602,0.0,16.720787709916085,113.45000000000002,5.41499046939678,10.056428738810308,0.0,11.601107724199968,16.98174071621902,49.42067822481877,11.126902983393991,17.075490078371338,36.72837853991126,38.803489699622574,4.9839785209472085,3.5063865250977444,0.0,26.99793687833154,16.80349382987587,4.864940234455183,0.4222298201688086,12.337530536734217,5.873833717986353,5.776981790683627,0.0,0.34615384615384615,35,2,9,1,1,2,0,1,3,4,0,7,2,9,4,5,1,0,1,0,0,4.932179693395195,6,3.502580000000002,132.96539999999996,0,0,0,5,0,0,0,0,0,6,2,0,0,0,0,0,0,0,2,0,1,2,0,0,0,0,0,0,0,0,1,0,0,0,0,0,1,0,0,0,0,0,0,0
CC(C)n1c(=O)c2cnc(Nc3ccc4c(c3)CCNC4)nc2n1-c1csc(C2CC2)n1,4.540607512,13.15860079279972,13.15860079279972,0.033852309917772105,-0.0937012028308919,0.48252751740215594,15.96875,447.5680000000002,422.36800000000017,447.18412942000015,164,0.2779679397080221,-0.3241137698817613,0.3241137698817613,0.2779679397080221,1.21875,2.09375,2.90625,32.13348205961284,10.004084293080425,2.2800949544615103,-2.176721257535557,2.4152142285149574,-2.238794191685951,7.0955202910849655,0.4720467019513058,3.455264159754895,1.4360919911868786,1379.00188100218,21.819261998449896,18.129550348687633,18.94604692961536,15.580520035918417,11.13867266953063,12.018325480785524,8.839646653491489,9.729327620513091,6.11475279965801,7.109534885611421,4.323827473564735,5.276918880245901,-3.0399999999999996,46171202.29268765,19.630778758631024,7.52729016991219,3.3215091957677565,188.8778314099383,10.633577208012662,5.386224214464796,11.465039998602755,5.948339280986494,5.559266895052008,0.0,4.794537184071822,19.331562912184786,4.9839785209472085,11.336785877934737,6.06636706846161,62.914332794389054,35.76879589798448,5.007623696852765,0.0,34.005912868837314,0.0,29.632330037138324,0.0,51.61444254938121,11.861545009918906,56.264338306834404,5.817862777835028,16.19284410306467,11.635725555670057,0.0,11.336785877934737,30.86029783904457,12.965578028838586,0.0,54.78339120078938,34.57054473153564,0.0,16.85126421306755,89.66000000000001,0.0,4.794537184071822,0.0,11.601107724199968,22.899646762380414,36.02320718412252,23.968546229246012,22.215432384693,29.97570717345396,27.75028986588309,9.967957041894417,3.5802140005323624,1.6616177019149392,27.21614223251902,10.394414338970478,4.10691704185804,1.794609372064452,6.322061256657425,5.028219168020408,5.895804887462882,0.0,0.391304347826087,32,2,8,1,1,2,0,1,3,4,0,7,2,9,4,5,1,0,1,0,0,4.6177052492988855,6,3.886300000000002,126.29240000000004,0,0,0,5,0,0,0,0,0,5,2,0,0,0,0,0,0,0,2,0,1,2,0,0,0,0,0,0,0,0,0,0,0,0,0,0,0,0,0,0,0,1,0,0
CC(C)n1c(=O)c2cnc(Nc3ccc4c(c3)CCNC4)nc2n1-c1nc(C(C)(C)C#N)ccc1F,4.950781977,15.189980803010656,15.189980803010656,0.09485577577117943,-0.9463987472468056,0.4399645978111982,13.583333333333334,486.55500000000023,459.3390000000002,486.22918570400014,184,0.27796897568587087,-0.3241137698466892,0.3241137698466892,0.27796897568587087,1.1944444444444444,2.0,2.75,19.14223083028974,9.907199898257684,2.265388241100361,-2.190383610404708,2.262379218395242,-2.2603451699769552,5.768087161576747,0.4578070260172792,3.15459866133723,1.6662706742068996,1577.5902578789378,25.61215521726335,20.632266564359863,20.632266564359863,17.19070903055495,11.878272050563384,11.878272050563384,9.760155712783629,9.760155712783629,6.409313389226323,6.409313389226323,4.398832138798772,4.398832138798772,-4.1000000000000005,139993858.25001448,23.6329940022191,8.84050838290968,4.011556076019924,207.1663564918476,10.633577208012662,5.386224214464796,17.28226083964865,5.948339280986494,5.559266895052008,0.0,4.794537184071822,23.721977959859608,10.245870075685694,0.0,6.06636706846161,76.05289808484152,24.470827081357175,17.178139777037515,4.39041504767482,22.66912699090258,5.261891554738487,29.632330037138324,0.0,52.11735812614582,11.861545009918906,69.5205348123333,11.887084090627301,16.19284410306467,16.026140603344878,0.0,0.0,30.86029783904457,18.380568498235366,17.148333708576654,50.55762060615291,41.32321609799295,0.0,16.85126421306755,113.45000000000002,11.232211310442676,10.056428738810308,4.39041504767482,34.40071121825402,5.693927994848461,25.197720709434723,38.82008656222066,13.847474399381248,19.913841467842857,43.787468220569785,0.0,17.985218424102353,0.0,26.71748547852699,16.3900720552516,2.6651806331858414,-0.4465539237140017,10.724395144130895,2.38247747985897,8.83172470865736,0.0,0.34615384615384615,36,2,9,0,1,1,0,1,3,4,0,7,2,10,4,5,0,0,0,0,0,5.803546710829782,5,3.8876800000000022,135.03739999999996,0,0,0,5,0,0,0,0,0,6,2,0,0,0,0,0,0,0,2,0,1,2,0,0,1,0,0,0,0,0,1,0,0,0,0,0,1,0,0,0,0,0,0,0
CC(C)n1c(=O)c2cnc(Nc3ccc4c(c3)CNCC4)nc2n1-c1ccc(F)c(C(C)(C)F)n1,4.749579998,14.662056635975105,14.662056635975105,0.19206494660408868,-2.004949862137206,0.4439515830598278,13.914285714285715,479.53500000000025,452.3190000000002,479.2245149240001,182,0.27796750647097357,-0.3241129419141987,0.3241129419141987,0.27796750647097357,1.1428571428571428,1.9428571428571428,2.6857142857142855,19.149268694245812,10.004625037475403,2.2730327178216583,-2.1868453450706644,2.2767645769780325,-2.2528851223832036,5.767344960837368,0.20540573131398354,3.103240636957802,1.6441274150278995,1483.9300249279306,24.905048436076804,20.063017441869135,20.063017441869135,16.63004885877513,11.593647489318018,11.593647489318018,9.493766383871364,9.493766383871364,6.072754769656976,6.072754769656976,4.400048071071005,4.400048071071005,-3.6599999999999993,77186513.35473116,23.09920614651622,8.528202143362142,4.181296424328951,200.5743700989085,10.633577208012662,22.56613286910483,11.465039998602755,5.948339280986494,5.559266895052008,0.0,4.794537184071822,28.112393007534425,4.9839785209472085,0.0,6.06636706846161,76.0528980848415,24.470827081357175,0.0,8.78083009534964,22.66912699090258,0.0,29.632330037138324,0.0,52.37112747549472,11.861545009918906,69.5205348123333,5.817862777835028,16.19284410306467,20.4165556510197,0.0,0.0,30.86029783904457,18.634337847584263,5.817220841045895,50.55762060615291,41.32321609799295,0.0,16.85126421306755,89.66000000000001,11.485980659791572,13.575367279421462,0.0,28.499122711348253,11.595516501754222,31.264087777896332,46.60119389314029,0.0,19.913841467842857,37.71824690777751,0.0,31.989553557441,0.0,26.411796298308346,6.85610984252558,0.9818538537225256,-0.26713155406651,8.412136244768508,2.445713471152737,7.919968286147817,0.0,0.36,35,2,8,0,1,1,0,1,3,4,0,6,2,10,4,5,0,0,0,0,0,5.628419981962389,5,4.291100000000003,130.53240000000002,0,0,0,5,0,0,0,0,0,5,2,0,0,0,0,1,0,0,2,0,1,2,0,0,2,0,0,0,0,0,0,0,0,0,0,0,1,0,0,0,0,0,0,0
CC(C)n1c(=O)c2cnc(Nc3ccc4c(c3)CNCC4)nc2n1-c1ccc(F)c(C(C)(C)O)n1,4.869666232,14.445598302641772,14.445598302641772,0.11603845465639884,-1.504949862137206,0.40452369261797844,13.914285714285715,477.54400000000027,449.3200000000002,477.22885135600006,182,0.2779675064670224,-0.38402362780223814,0.38402362780223814,0.2779675064670224,1.1714285714285715,1.9714285714285715,2.7142857142857144,19.14221428241223,10.004624689976373,2.256947295658581,-2.1993439186195647,2.2547962998072553,-2.260065344087294,5.767339724338951,0.06935092124340617,3.103240636957802,1.6441274150278995,1483.9300249279306,24.905048436076804,20.132266564359863,20.132266564359863,16.63004885877513,11.628272050563382,11.628272050563382,9.580327786984775,9.580327786984775,6.089153197231892,6.089153197231892,4.412188553152758,4.412188553152758,-3.6299999999999994,77186513.35473116,23.127781884770947,8.54483415376728,4.191002137224705,201.20306844817827,15.740104602853368,22.498423861342843,11.465039998602755,5.948339280986494,5.559266895052008,0.0,4.794537184071822,23.721977959859604,4.9839785209472085,0.0,6.06636706846161,76.0528980848415,24.470827081357175,0.0,9.496942442515525,22.66912699090258,0.0,29.632330037138324,0.0,52.303418467732726,11.861545009918906,69.5205348123333,5.817862777835028,16.19284410306467,16.026140603344878,0.0,0.0,35.96682523388528,18.566628839822272,5.817220841045895,50.55762060615291,41.32321609799295,0.0,16.85126421306755,109.89000000000001,11.418271652029583,14.291479626587348,0.0,23.112898496883457,16.98174071621902,25.197720709434723,47.98575802645672,4.681802935145185,19.913841467842857,37.71824690777751,0.0,17.503868803552063,0.0,26.61273765633304,17.326464362933166,1.8147097292544752,-0.03744019604181892,8.618553897628468,2.479293718066317,8.4318120282743,0.0,0.36,35,3,9,0,1,1,0,1,3,4,0,7,3,10,4,5,0,0,0,0,0,5.646373158567743,5,3.3139000000000025,131.64320000000004,1,0,0,5,0,0,0,0,0,5,2,0,0,0,0,0,0,0,2,0,1,2,0,0,1,0,0,0,0,0,0,0,0,0,0,0,1,0,0,0,0,0,0,0
CC(C)n1c(=O)c2cnc(Nc3ccc4c(c3)CNCC4)nc2n1-c1cccc(C2(C#N)CC2)n1,5.931814138,13.299154786463259,13.299154786463259,0.12725632152424105,-0.522889676952021,0.46269719359390665,16.17142857142857,466.5490000000003,440.34100000000024,466.2229574520001,176,0.27796750633662304,-0.32411294191419887,0.32411294191419887,0.27796750633662304,1.1714285714285715,2.0285714285714285,2.8,16.14364495634539,10.00462478743108,2.4610790831870673,-2.1785477132499715,2.46305458292677,-2.246634946970761,5.76763553437521,0.4708156979397543,3.6239426537279993,1.4625467463283865,1554.1020833761388,24.156125291633362,19.745865922913353,19.745865922913353,16.987132209218537,11.979729928578648,11.979729928578648,9.596367045029528,9.596367045029528,6.867053315679768,6.867053315679768,4.791312817511844,4.791312817511844,-4.029999999999999,204746149.86423156,21.499770082241177,8.029215596655206,3.576213161160096,201.9949899353921,10.633577208012662,5.386224214464796,11.465039998602755,5.948339280986494,5.559266895052008,0.0,4.794537184071822,19.331562912184786,10.245870075685694,0.0,12.13273413692322,75.04706693131229,24.470827081357175,17.178139777037515,0.0,22.66912699090258,5.261891554738487,29.632330037138324,0.0,51.11152697261659,11.861545009918906,69.76968103974902,11.887084090627301,16.19284410306467,11.635725555670057,0.0,0.0,30.86029783904457,18.380568498235366,11.33111286753076,49.55178945262368,47.38958316645456,0.0,16.85126421306755,113.45,5.41499046939678,10.056428738810308,0.0,11.601107724199968,22.799603494054047,43.73329195013521,11.126902983393991,15.560449441903447,38.112942673227685,33.81951117867536,9.967957041894417,3.397497636208856,0.0,27.292832647637894,16.777041679471,4.029223087378007,0.969488455359443,14.18440199178355,4.196305174296272,5.736542661198314,0.0,0.34615384615384615,35,2,9,1,1,2,0,1,3,4,0,7,2,9,4,5,1,0,1,0,0,4.932179693395195,6,3.502580000000002,132.96539999999996,0,0,0,5,0,0,0,0,0,6,2,0,0,0,0,0,0,0,2,0,1,2,0,0,0,0,0,0,0,0,1,0,0,0,0,0,1,0,0,0,0,0,0,0
CC(C)n1c(=O)c2cnc(Nc3ccc4c(c3)CNCC4)nc2n1-c1csc(C2CC2)n1,4.522878745,13.157573508118588,13.157573508118588,0.034879594598902885,-0.0950212211963648,0.48252751740215594,15.96875,447.56800000000027,422.36800000000017,447.18412942000015,164,0.2779679397080221,-0.32411294189957435,0.32411294189957435,0.2779679397080221,1.21875,2.09375,2.90625,32.133482059612824,10.004625803304878,2.280094978408706,-2.176853087978999,2.4152126140749,-2.238797899209338,7.095520290367983,0.47204671830461836,3.455264159754895,1.4360919911868786,1379.00188100218,21.819261998449896,18.129550348687633,18.94604692961536,15.580520035918417,11.13867266953063,12.018325480785524,8.839646653491489,9.729327620513091,6.11475279965801,7.109534885611421,4.327097494458469,5.280188901139636,-3.0399999999999996,46171202.29268765,19.630778758631024,7.52729016991219,3.3215091957677565,188.8778314099383,10.633577208012662,5.386224214464796,11.465039998602755,5.948339280986494,5.559266895052008,0.0,4.794537184071822,19.331562912184786,4.9839785209472085,11.336785877934737,6.06636706846161,62.91433279438907,35.76879589798448,5.007623696852765,0.0,34.005912868837314,0.0,29.632330037138324,0.0,51.61444254938121,11.861545009918906,56.264338306834404,5.817862777835028,16.19284410306467,11.635725555670057,0.0,11.336785877934737,30.86029783904457,12.965578028838586,0.0,54.78339120078938,34.57054473153564,0.0,16.85126421306755,89.66000000000001,0.0,4.794537184071822,0.0,11.601107724199968,22.899646762380414,36.02320718412252,23.968546229246012,22.215432384693,23.90934010499235,33.8166569343447,9.967957041894417,3.5771584449768072,1.660802582967952,27.207529021181447,10.397006267262194,4.091029122257998,1.7878485940617912,6.3332561941985155,5.061378570758461,5.883991202334838,0.0,0.391304347826087,32,2,8,1,1,2,0,1,3,4,0,7,2,9,4,5,1,0,1,0,0,4.6177052492988855,6,3.886300000000002,126.29240000000004,0,0,0,5,0,0,0,0,0,5,2,0,0,0,0,0,0,0,2,0,1,2,0,0,0,0,0,0,0,0,0,0,0,0,0,0,0,0,0,0,0,1,0,0
CC(C)n1c(=O)c2cnc(Nc3ccc4c(c3)CNCC4)nc2n1-c1nc(C(C)(C)C#N)ccc1F,5.125518182,15.189165684063667,15.189165684063667,0.09617579413665234,-0.9470563436186876,0.4399645978111982,13.583333333333334,486.5550000000003,459.3390000000002,486.22918570400014,184,0.27796897568587087,-0.3241129418645023,0.3241129418645023,0.27796897568587087,1.1944444444444444,2.0,2.75,19.142230830301656,9.907199808310377,2.2653882952188713,-2.1904022907557046,2.262289400062833,-2.2603459569997297,5.768081135124905,0.4578070682819714,3.15459866133723,1.6662706742068996,1577.5902578789378,25.61215521726335,20.632266564359863,20.632266564359863,17.19070903055495,11.878272050563384,11.878272050563384,9.760155712783629,9.760155712783629,6.409313389226323,6.409313389226323,4.402102159692506,4.402102159692506,-4.1000000000000005,139993858.25001448,23.6329940022191,8.84050838290968,4.011556076019924,207.1663564918476,10.633577208012662,5.386224214464796,17.28226083964865,5.948339280986494,5.559266895052008,0.0,4.794537184071822,23.721977959859608,10.245870075685694,0.0,6.06636706846161,76.05289808484152,24.470827081357175,17.178139777037515,4.39041504767482,22.66912699090258,5.261891554738487,29.632330037138324,0.0,52.11735812614582,11.861545009918906,69.5205348123333,11.887084090627301,16.19284410306467,16.026140603344878,0.0,0.0,30.86029783904457,18.380568498235366,17.148333708576654,50.55762060615291,41.32321609799295,0.0,16.85126421306755,113.45000000000002,11.232211310442676,10.056428738810308,4.39041504767482,34.40071121825402,5.693927994848461,25.197720709434723,38.82008656222066,13.847474399381248,19.913841467842857,43.787468220569785,0.0,17.98134774959981,0.0,26.70887226718942,16.388068020727424,2.647819998266932,-0.453684390025912,10.733579171908673,2.427198530543302,8.816798651790357,0.0,0.34615384615384615,36,2,9,0,1,1,0,1,3,4,0,7,2,10,4,5,0,0,0,0,0,5.803546710829782,5,3.8876800000000022,135.03739999999996,0,0,0,5,0,0,0,0,0,6,2,0,0,0,0,0,0,0,2,0,1,2,0,0,1,0,0,0,0,0,1,0,0,0,0,0,1,0,0,0,0,0,0,0
CC(C)n1c(=O)c2cnc(Nc3ccc4c(c3)CNCC4)nc2n1-c1nc(C(C)(C)C)c(Cl)s1,4.701146924,13.261428186564041,13.261428186564041,0.1046136271007927,-0.22147763991498381,0.41392773826177415,14.088235294117647,498.05600000000027,469.8320000000002,497.1764571960001,178,0.277989061682044,-0.32411293879061714,0.32411293879061714,0.277989061682044,1.2058823529411764,2.0,2.7058823529411766,35.496018127824385,9.932836916012308,2.265100082969808,-2.1771720038122613,2.3564507174917635,-2.239238336042067,7.178341955643038,0.4730178604488012,3.3069046478258417,1.6278233980861314,1444.2804131243747,24.197941654890258,19.938600720944518,21.511026247890698,16.13004885877513,11.402229940754308,12.596690994691262,9.890182063161959,11.469774361648913,5.927450446236521,7.157272957798209,4.241239351216057,5.780620753949363,-2.7499999999999996,51325951.16177983,23.013492782053216,8.478373702422145,4.014977156678312,206.55187090474584,10.633577208012662,9.722553230210426,5.647177220767728,11.079897760825826,5.559266895052008,0.0,4.794537184071822,19.331562912184786,4.9839785209472085,0.0,49.77530443570073,50.07268954853704,29.885817550753956,5.693927994848461,0.0,45.60685275906983,0.0,29.632330037138324,0.0,59.04109532583644,11.861545009918906,55.906908850109815,5.131558479839333,16.19284410306467,11.635725555670057,0.0,22.937725768167255,30.86029783904457,18.380568498235366,0.0,57.48135780584353,29.190481961069725,4.336329015745631,16.164959915071854,89.66000000000001,0.0,4.794537184071822,0.0,17.016098193596747,26.44962821180398,30.891648704283185,22.463688861328727,15.560449441903447,19.913841467842857,48.52150146495495,21.568896932126933,4.050680962857571,7.9202338079788515,27.27187370375612,7.761382303513415,4.466521476508662,0.4209006125598389,6.206609971664292,2.6133132197964413,11.982928385809254,0.0,0.4166666666666667,34,2,8,0,1,1,0,1,3,4,0,7,2,10,4,4,0,0,0,0,0,5.738735058948289,5,4.959800000000004,138.02739999999991,0,0,0,5,0,0,0,0,0,5,2,0,0,0,0,0,0,0,2,0,1,2,0,0,1,0,0,0,0,0,0,0,0,0,0,0,0,0,0,0,0,1,0,0
CC(C)n1c(=O)c2cnc(Nc3ccc4c(c3)CNCC43CC3)nc2n1-c1ccc(F)c(C(C)(C)O)n1,5.448550002,14.497490663752883,14.497490663752883,0.11285848444346147,-1.5058965741553472,0.3799994542000643,16.405405405405407,503.58200000000033,473.34200000000027,503.24450142000006,192,0.2779675064670224,-0.38402362780223814,0.38402362780223814,0.2779675064670224,1.1891891891891893,1.972972972972973,2.675675675675676,19.142214973194257,9.876617199785827,2.462556966874273,-2.263567258516893,2.5036807984232685,-2.3281389175699774,5.767879782399666,0.06935065641661911,3.54463571454795,1.4529295347779865,1595.075735132649,26.11215521726335,21.33937334554641,21.33937334554641,17.571135874685893,12.58537883174993,12.58537883174993,10.925871294940157,10.925871294940157,7.305309195488923,7.305309195488923,5.31771556037711,5.31771556037711,-3.6299999999999994,305775660.45590734,23.74969338095817,8.188799707528261,3.911178273935568,212.92712152344228,15.740104602853368,22.498423861342843,11.465039998602755,5.948339280986494,5.559266895052008,0.0,4.794537184071822,23.721977959859604,4.9839785209472085,0.0,6.06636706846161,75.92896330185494,36.43057395666653,0.0,9.496942442515525,22.66912699090258,0.0,29.632330037138324,0.0,64.13923056005552,11.861545009918906,69.5205348123333,5.817862777835028,16.19284410306467,16.026140603344878,0.0,0.0,35.96682523388528,17.560797686293043,5.817220841045895,63.39926385200492,41.32321609799295,0.0,16.85126421306755,109.89000000000001,11.418271652029583,14.291479626587348,0.0,23.112898496883457,22.396731185615796,18.776899086508713,60.827401272308734,4.681802935145185,19.913841467842857,37.71824690777751,0.0,17.575536187620017,0.0,26.780936689315723,17.568525093733747,2.288302653538548,-0.019991899689302484,8.834080001561166,3.9394768619092733,8.53313441201083,0.0,0.4074074074074074,37,3,9,1,1,2,0,1,3,4,0,7,3,10,4,5,1,0,1,1,0,5.256256275996653,6,3.803000000000003,138.85119999999995,1,0,0,5,0,0,0,0,0,5,2,0,0,0,0,0,0,0,2,0,1,3,0,0,1,0,0,0,0,0,0,0,0,0,0,0,1,0,0,0,0,0,0,0
CC1=CC2C(C(N)=O)=C(N)C(c3c(C)ccc(O)c3C)N2N=C1,8.0,11.914384448223734,11.914384448223734,0.1899876648190142,-0.5448063114134534,0.7668336037200661,23.08695652173913,312.37300000000005,292.21299999999997,312.15862588000005,120,0.2484648903192172,-0.5076746497172372,0.5076746497172372,0.2484648903192172,1.3043478260869565,2.0,2.652173913043478,16.255412378183518,9.933214574413181,2.429752684060035,-2.3133907914147387,2.4357220298786335,-2.340143745187747,5.959833683303289,-0.11446247824462279,2.7540621037056234,2.227063162599878,792.0282604135962,16.886386867018622,13.368691230480747,13.368691230480747,10.824274960443892,7.417070490243378,7.417070490243378,6.056167461328869,6.056167461328869,4.5095221553805525,4.5095221553805525,3.3503605917254666,3.3503605917254666,-2.76,150294.6771234233,15.147852854407125,5.154457180919939,2.1780174178423506,134.31572742899635,16.573862349165076,11.791352662431866,0.0,5.907179729351506,0.0,0.0,9.803449708026353,0.0,5.101407525739723,0.0,12.142387175295491,49.101037672693735,11.91163989259115,11.614945359217227,9.901064578912528,12.121780308886823,0.0,5.008912523954532,16.568742480064092,32.85489325736779,0.0,51.742357092042454,5.749511833283905,11.46733495432437,0.0,5.749511833283905,0.0,28.279061056830024,4.794537184071822,13.847474399381248,29.65593250392957,40.15341014269119,0.0,0.0,104.94,11.949020558499466,9.901064578912528,0.0,11.791352662431866,11.270143843125101,22.263459005160254,0.0,17.28988017195146,32.91359877436736,5.101407525739723,11.46733495432437,0.0,0.0,11.914384448223734,16.29613509910137,16.11418199378517,-0.3548186465944392,2.68939851557907,3.654359410430839,5.686359179474259,0.0,0.29411764705882354,23,5,6,0,2,2,1,1,0,1,2,5,3,6,2,2,0,0,0,0,2,3.394737344387713,3,1.37814,88.60560000000002,0,0,0,0,0,1,1,1,0,2,0,2,0,0,0,0,1,1,0,1,1,1,0,0,0,0,1,0,0,0,0,0,1,1,0,1,0,0,0,0,0,0,0,0
CC1=CC2C(C(N)=O)=C(N)C(c3c(C)ccc(O)c3C)N2N=C1C,8.0,11.99931216931217,11.99931216931217,0.1915820525741163,-0.5423497732426295,0.769927456079338,23.083333333333332,326.4000000000001,304.224,326.17427594400004,126,0.24846489343930925,-0.5076746497172256,0.5076746497172256,0.24846489343930925,1.25,1.9166666666666667,2.5416666666666665,16.255413985039883,9.933194475779537,2.4360429388553606,-2.3270911125537777,2.4408705598444382,-2.3542509990835385,6.0043712035997485,-0.11446531037936448,2.765071906590457,2.252743140312429,835.66566983677,17.756630355021702,14.291340961291121,14.291340961291121,11.234958562966852,7.843803263651383,7.843803263651383,6.436003925278258,6.436003925278258,4.938087781920189,4.938087781920189,3.491500795023812,3.491500795023812,-2.76,220766.1060940887,16.110287148100642,5.402581149821002,2.1757819719633495,140.68066954339298,16.573862349165076,11.791352662431866,0.0,5.907179729351506,0.0,0.0,9.803449708026353,0.0,5.101407525739723,0.0,12.142387175295491,56.024774872384356,5.697039313055833,17.32663036198793,9.901064578912528,11.618864732122208,0.0,5.008912523954532,16.568742480064092,39.77863045705841,0.0,51.742357092042454,5.749511833283905,11.46733495432437,0.0,5.749511833283905,0.0,27.77614548006541,4.794537184071822,13.847474399381248,36.5796697036202,40.15341014269119,0.0,0.0,104.94,11.949020558499466,9.901064578912528,0.0,11.791352662431866,11.270143843125101,27.975144007930957,0.0,6.06636706846161,44.846248498012514,5.101407525739723,11.46733495432437,0.0,0.0,11.99931216931217,16.582207629965566,17.131695221298397,-0.35076772066851314,2.689742903334172,1.9610619803476945,7.6534144830771815,0.0,0.3333333333333333,24,5,6,0,2,2,1,1,0,1,2,5,3,6,2,2,0,0,0,0,2,3.6265472360221707,3,1.76824,93.22260000000003,0,0,0,0,0,1,1,1,0,2,0,2,0,0,0,0,1,1,0,1,1,1,0,0,0,0,1,0,0,0,0,0,1,1,0,1,0,0,0,0,0,0,0,0
CC1=NN2C(C=C1C1CC1)C(C(N)=O)=C(N)C2c1c(C)ccc(O)c1C,8.0,12.18479261148904,12.18479261148904,0.2031458385823468,-0.5170285336356757,0.7749851083585471,25.115384615384617,352.43800000000005,328.2460000000001,352.189926008,136,0.2484648964889899,-0.5076746497172256,0.5076746497172256,0.2484648964889899,1.2692307692307692,1.9615384615384615,2.576923076923077,16.255416805574036,9.93318663572318,2.452861549736329,-2.333167492576923,2.468713681750817,-2.360246315280031,6.014996349099299,-0.11446722394736902,3.368497118137455,1.8956737868835933,908.6314179117903,18.748194186584424,15.282904792853842,15.282904792853842,12.307438208038286,8.948974979173922,8.948974979173922,7.48260671889582,7.48260671889582,5.73190672579474,5.73190672579474,4.229476615558449,4.229476615558449,-2.76,1185044.0231549928,16.69467727543129,5.623361311983472,2.320091776271022,152.40472261865702,16.573862349165076,11.791352662431866,0.0,5.907179729351506,0.0,0.0,9.803449708026353,0.0,5.101407525739723,0.0,12.142387175295491,67.86058696470715,5.697039313055833,17.32663036198793,9.901064578912528,11.618864732122208,0.0,5.008912523954532,22.486648526225487,45.69653650321982,0.0,51.742357092042454,5.749511833283905,11.46733495432437,0.0,5.749511833283905,0.0,27.776145480065402,4.794537184071822,19.76538044554264,42.49757574978159,40.153410142691186,0.0,0.0,104.94,11.949020558499466,9.901064578912528,0.0,11.791352662431866,17.188049889286493,35.243682723713704,5.573104530069267,6.06636706846161,31.846491191488013,6.076020106833881,16.568742480064092,0.0,0.0,12.18479261148904,16.8793655730326,17.722891943814567,0.21347190728143195,2.762953616249069,4.412550845151856,5.823973502981439,0.0,0.4,26,5,6,1,2,3,1,1,0,1,2,5,3,6,2,3,1,0,1,0,2,3.6107770117965363,4,2.15834,100.27260000000003,0,0,0,0,0,1,1,1,0,2,0,2,0,0,0,0,1,1,0,1,1,1,0,0,0,0,1,0,0,0,0,0,1,1,0,1,0,0,0,0,0,0,0,0
CCN(CC)CCOc1ccc(Nc2ncc3cc(-c4c(Cl)cccc4Cl)c(=O)n(C)c3n2)cc1,7.750978118666667,13.10953845973847,13.10953845973847,0.24688580665648696,-0.24688580665648696,0.3072829497674234,11.257142857142858,512.4410000000004,485.2250000000002,511.15418046400004,182,0.2594296514204327,-0.49226212399994046,0.49226212399994046,0.2594296514204327,1.0571428571428572,1.7428571428571429,2.4,35.496837237424074,10.06084806217415,2.159026932035982,-2.176231271321378,2.334030281118192,-2.273945795438221,6.387732973193469,0.22258758877575469,2.858442633968435,1.5341197738514,1365.1392294608422,24.949018510446816,19.885859456398833,21.397717348435744,16.90541720081447,11.442640777175175,12.19856972319363,8.016120461011123,8.830520714492335,5.861738509796788,6.491679298145498,3.837191064312812,4.438235809148917,-3.129999999999999,73940044.50663473,24.97764148438104,11.07460737520521,5.585660029122056,213.84206193069673,14.953561288656857,18.00357101856455,0.0,5.948339280986494,5.559266895052007,0.0,9.361636831863176,4.9839785209472085,4.9839785209472085,0.0,43.11572124830789,55.55408229105642,36.42633394104819,15.608718119179649,4.736862953800049,45.87100677136762,0.0,19.43496642053625,7.04767198267719,13.847474399381248,31.557939786256973,75.12685082591244,16.876414816677897,15.612918452858386,11.635725555670057,5.749511833283905,23.20187978046503,45.676117602786896,7.04767198267719,0.0,13.847474399381248,59.522317303377775,10.045266627482652,22.160304418626513,72.28,0.0,4.794537184071822,0.0,5.559266895052007,44.760792291608574,31.07116732570519,4.567099647791355,37.509983828136704,24.26546827384644,34.03212977613247,27.938742734265084,7.315000381158919,12.672780683454967,24.402516082978472,4.699996331752676,1.9587867893684503,1.181966026492392,14.490875543734308,1.6696917758999428,7.830569208487799,1.6667060655609607,0.2692307692307692,35,1,7,0,0,0,0,2,2,4,0,6,1,9,2,9,0,0,0,0,0,7.903359217090224,4,5.766500000000005,143.24269999999987,0,0,0,3,0,0,0,0,0,4,1,0,1,0,0,0,0,0,2,1,2,1,0,1,2,0,0,0,0,0,0,0,0,0,0,0,1,0,0,0,0,0,0,0
CCNC(=O)c1c(N)n(-c2cc(O)ccc2C)c2nc3ccccc3nc12,5.387216143,12.690487843285462,12.690487843285462,0.10199822058453023,-0.3045025510204076,0.5201383012572086,11.185185185185185,361.4050000000001,342.2530000000001,361.15387484800004,136,0.256823482803968,-0.5078854357583777,0.5078854357583777,0.256823482803968,1.1851851851851851,1.8888888888888888,2.5925925925925926,16.254792789693717,10.16071789823221,2.2474186287213938,-2.112638845912606,2.3273601785181635,-2.233894658909673,6.108447308800865,0.0957890348204088,2.9261460797933814,2.141667321584185,1196.140202622249,19.12902755413791,15.023011607167254,15.023011607167254,13.007239053047547,8.65769797450861,8.65769797450861,6.310429136910525,6.310429136910525,4.495812097026137,4.495812097026137,3.21691075326031,3.21691075326031,-3.609999999999999,1743491.47101545,16.8368029259421,6.279541810134059,2.6391367517904785,155.01553144898102,16.156983476009223,22.64752682043219,5.647177220767728,0.0,5.907179729351506,0.0,9.361636831863176,9.967957041894417,0.0,0.0,18.19910120538483,37.61002709646307,12.611123474374185,16.720787709916088,9.901064578912528,33.92232188080304,0.0,19.8518452936921,0.0,13.847474399381248,12.27842388307476,53.59147246262526,11.436898107967467,11.050456081168516,5.817862777835028,5.749511833283905,0.0,32.093520219790555,0.0,6.923737199690624,22.845177367156435,42.46456947923127,0.0,27.88466564830007,106.06,0.0,9.901064578912528,0.0,23.038005832167435,34.429422054212644,5.563451491696996,0.0,22.766200853176183,38.112942673227685,10.30076712495354,10.717645998109393,1.6749999999999998,0.0,22.051520061728397,12.748521823878516,10.502971991265643,0.033566153313177916,12.44164119658934,0.0,4.213445439891598,0.0,0.15,27,4,7,0,0,0,1,2,2,4,0,5,3,7,2,3,0,0,0,0,0,3.9158299230533657,4,2.919620000000001,105.1924,0,0,1,3,0,1,1,1,0,3,1,1,0,0,0,0,0,1,1,1,2,2,0,0,0,0,0,0,0,0,0,2,1,1,0,0,0,0,0,0,0,0,0,0
CCOc1cc2ncc(C#N)c(Nc3ccc(F)c(Cl)c3)c2cc1NC(=O)/C=C\CN(C)C,5.537602002,13.575593405749409,13.575593405749409,0.04818045428546003,-0.5453832938700158,0.44792324774633824,11.06060606060606,467.9320000000002,444.7480000000002,467.15243087600004,170,0.2476891905287519,-0.4916171569547509,0.4916171569547509,0.2476891905287519,1.3333333333333333,2.121212121212121,2.787878787878788,35.49569238001315,10.076586380872957,2.153276289062107,-2.1578410027346457,2.3615813850624487,-2.1316537790255228,6.305996631721125,-0.11148448495443743,2.767470713354282,2.069589949315544,1253.8136530631218,23.957454678884098,18.44708202933616,19.20301097535461,15.81610080333743,10.159728424596983,10.537692897606211,7.364957683820372,7.772157810560978,4.576191680660889,4.865838142325452,3.0750845286592425,3.2556271588879833,-3.669999999999999,17860813.1886744,23.981946083458844,10.767884172542857,5.975639772723576,195.98069251387466,20.270349892663187,17.635953987122072,0.0,5.907179729351506,0.0,0.0,9.77851570501903,4.39041504767482,5.261891554738487,0.0,17.676959997066398,45.28454943889144,35.9575976419695,34.08444003693462,13.921815185546691,45.47320337571576,5.261891554738487,9.883888251797686,0.0,6.923737199690624,37.880559543792536,65.0840247740731,11.818733146076179,15.37044016181271,21.452573871725505,5.749511833283905,11.600939890232516,43.03805031692906,4.794537184071822,17.148333708576654,12.487188691387619,48.68071912758889,5.022633313741326,10.902924932081056,90.27999999999999,5.817220841045895,14.446843786485129,0.0,16.493264534789827,46.86623395984114,0.0,30.471964883831784,18.208754243757102,25.918990895895483,21.686777041752144,16.337802844032566,19.276332722098843,5.905325496888886,18.737265335380943,16.107405227700504,2.2026507045812522,-0.4123097066527597,9.674225790984078,4.633578084894616,2.8450075897229437,3.8082965321784723,0.20833333333333334,33,2,7,0,0,0,1,2,1,3,0,6,2,9,1,8,0,0,0,0,0,7.825297504813717,3,5.097580000000004,128.64340000000004,0,0,0,1,0,0,1,1,0,3,2,0,1,0,0,0,0,1,3,0,2,1,0,1,2,0,0,0,0,0,1,0,0,0,0,0,1,0,0,0,0,0,0,0
CCc1cc2[nH]c(=O)c(N)c(-c3ccc(F)c4[nH]ncc34)c2nc1C,7.879725376000001,13.985820660653811,13.985820660653811,0.053478363567649456,-0.41539210887650646,0.5231355483945622,11.48,337.35800000000006,321.2300000000001,337.13388835200004,126,0.2718136744528355,-0.3936911259376888,0.3936911259376888,0.2718136744528355,1.32,2.12,2.88,19.142190347537912,9.980073113132372,2.1839516796373943,-2.124969711455213,2.3529562332355445,-2.1432440030465845,6.057188050473086,0.6361372882476812,3.0822278299553436,2.180572075060905,1191.7247816756621,17.714813991764817,13.774498081607684,13.774498081607684,12.007239053047547,7.948169977415676,7.948169977415676,5.97904769520097,5.97904769520097,4.531789486086417,4.531789486086417,3.213930760649368,3.213930760649368,-3.22,735407.2313160251,15.316035270183914,5.406080499058309,2.1952381630181734,141.4501588644625,10.717645998109393,17.021307833345716,0.0,0.0,5.559266895052008,0.0,14.877197513320066,4.39041504767482,5.098681808301038,0.0,12.990104268152233,36.60419594293384,16.643603701010253,17.2302450068456,4.39041504767482,27.623712641997145,0.0,20.16532065849649,0.0,20.268296022307258,5.733667477162185,51.82434918371309,11.126902983393991,11.292934372214193,10.077801322358383,0.0,0.0,20.16532065849649,6.4208216229260096,12.740958040736519,18.18111668623608,29.19048196106973,0.0,33.06322935070757,100.44999999999999,11.376487736097904,9.184952231746642,0.0,11.204086992299825,27.546528633091313,17.678201109471466,12.263210640074686,6.06636706846161,19.913841467842857,20.16532065849649,5.733667477162185,13.985820660653811,0.0,19.79372393864953,7.104177028262076,10.248632317124382,-0.41539210887650646,4.843433327034517,2.3259102801793095,3.9470278903062095,0.0,0.16666666666666666,25,4,6,0,0,0,0,1,3,4,0,4,3,7,3,2,0,0,0,0,0,3.3119887838812208,4,3.0585200000000006,95.9368,0,0,1,4,2,0,0,0,0,2,2,1,0,0,2,0,0,0,1,2,1,2,0,0,1,0,0,0,0,0,0,0,0,0,0,0,2,0,0,0,0,0,0,0
CCc1cnc2c(-c3ccc(F)c4[nH]ncc34)c(N)c(=O)[nH]c2c1,8.060480747,13.921705434316365,13.921705434316365,0.04940428949357534,-0.41648521587239107,0.5277995237456622,11.416666666666666,323.331,309.21900000000005,323.118238288,120,0.27181367048850447,-0.3936911273201444,0.3936911273201444,0.27181367048850447,1.2916666666666667,2.125,2.9166666666666665,19.14219006370893,9.98573915333649,2.1760263874487906,-2.108737502255568,2.348220345936377,-2.1386664640390194,6.0559280796194646,0.6361380093367774,3.074582763300697,2.1548978908272844,1145.0917705711925,16.844570503761737,12.85184835079731,12.85184835079731,11.596555450524589,7.521437204007672,7.521437204007672,5.589709538752728,5.589709538752728,4.185543921461718,4.185543921461718,2.9192905323516896,2.9192905323516896,-3.22,507930.296245565,14.37720340859335,5.156962974593434,1.97840429126643,135.08521675006585,10.717645998109393,17.02130783334572,0.0,0.0,5.559266895052007,0.0,14.877197513320066,4.39041504767482,5.098681808301038,0.0,12.990104268152233,29.680458743243218,17.146519277774868,17.2302450068456,4.39041504767482,27.623712641997145,0.0,20.16532065849649,0.0,13.344558822616634,5.733667477162185,52.327264760477696,11.126902983393991,11.29293437221419,10.077801322358383,0.0,0.0,20.16532065849649,6.4208216229260096,5.817220841045895,12.487188691387619,35.3873255326828,0.0,33.06322935070757,100.44999999999999,11.376487736097902,9.184952231746642,0.0,11.204086992299825,27.546528633091313,11.984273114623004,12.263210640074686,12.263210640074686,12.990104268152233,20.16532065849649,5.733667477162185,13.921705434316365,0.0,19.48712955089443,7.072785304906066,9.240109363189722,-0.41648521587239107,4.790334309649786,4.0630014082972234,2.008086511285465,0.0,0.11764705882352941,24,4,6,0,0,0,0,1,3,4,0,4,3,7,3,2,0,0,0,0,0,3.0892794023464343,4,2.7500999999999998,91.1998,0,0,1,4,2,0,0,0,0,2,2,1,0,0,2,0,0,0,1,1,1,2,0,0,1,0,0,0,0,0,0,0,0,0,0,0,2,0,0,0,0,0,0,0
CCc1cnc2c(-c3ccc(F)c4[nH]ncc34)c(N)c(=O)[nH]c2c1C,8.1083341185,13.985820660653811,13.985820660653811,0.053478363567649456,-0.415392108876506,0.5231355483945622,11.48,337.35800000000006,321.2300000000001,337.133888352,126,0.2718210150958946,-0.39369112525401223,0.39369112525401223,0.2718210150958946,1.24,2.04,2.8,19.14219034516154,9.96960684506655,2.189193902784113,-2.1317292607851495,2.3574411008739733,-2.147448935478168,6.061844895781995,0.6361376081547448,3.092084171878479,2.189632412926425,1191.7247816756624,17.714813991764817,13.774498081607684,13.774498081607684,12.024075805453156,7.944086934818046,7.944086934818046,5.982020287555954,5.982020287555954,4.647163425060878,4.647163425060878,3.2555845996660278,3.2555845996660278,-3.22,761756.5803314664,15.316035270183914,5.406080499058309,2.1211801562009245,141.4501588644625,10.717645998109393,17.02130783334572,0.0,0.0,5.559266895052007,0.0,14.877197513320066,4.39041504767482,5.098681808301038,0.0,12.990104268152233,36.10128036616923,17.146519277774868,17.2302450068456,4.39041504767482,27.623712641997145,0.0,20.16532065849649,0.0,20.268296022307258,5.733667477162185,51.82434918371308,11.126902983393991,11.29293437221419,10.077801322358383,0.0,0.0,20.16532065849649,6.4208216229260096,12.740958040736519,18.050640183084614,29.320958464221192,0.0,33.06322935070757,100.44999999999999,5.817220841045895,9.184952231746642,0.0,16.763353887351833,27.546528633091313,17.54772460632,12.263210640074686,12.263210640074686,13.847474399381248,20.16532065849649,5.733667477162185,13.985820660653811,0.0,19.768472143487024,7.104177028262075,10.37872302007223,-0.415392108876506,2.928656068909045,4.112628203459733,3.970248317365922,0.0,0.16666666666666666,25,4,6,0,0,0,0,1,3,4,0,4,3,7,3,2,0,0,0,0,0,3.3119887838812208,4,3.0585199999999997,95.9368,0,0,1,4,2,0,0,0,0,2,2,1,0,0,2,0,0,0,1,2,1,2,0,0,1,0,0,0,0,0,0,0,0,0,0,0,2,0,0,0,0,0,0,0
CCn1c(=O)c2cnc(Nc3ccc4c(c3)CCNC4)nc2n1-c1ccc(F)c(C(C)(C)O)n1,5.342944147,14.369458256345476,14.369458256345476,0.11305024425060606,-1.4959748763095417,0.4174858356389304,13.794117647058824,463.5170000000002,437.3090000000002,463.213201292,176,0.27771151126461113,-0.3840236278022536,0.3840236278022536,0.27771151126461113,1.2058823529411764,2.0294117647058822,2.7941176470588234,19.142213987602258,10.00408362439357,2.249237207775508,-2.1896259400278644,2.247184279948035,-2.242204354617555,5.766528930471017,0.06935769896818085,3.09243371010712,1.6174135734406447,1452.4618582661021,24.034804948073724,19.262023076356783,19.262023076356783,16.257370058712954,11.238707169640353,11.238707169640353,8.857773244851884,8.857773244851884,5.95185305528873,5.95185305528873,4.269712197483268,4.269712197483268,-3.6299999999999994,54829199.12520848,22.17653144861381,8.299046777810746,3.8424955006845276,194.83812633378164,15.740104602853368,22.498423861342843,11.465039998602755,5.948339280986494,5.559266895052008,0.0,4.794537184071822,23.721977959859604,4.9839785209472085,0.0,6.06636706846161,69.12916088515088,24.97374265812179,0.0,9.496942442515525,22.66912699090258,0.0,29.632330037138324,0.0,45.88259684480671,11.861545009918906,69.5205348123333,5.817862777835028,16.19284410306467,16.026140603344878,0.0,0.0,35.96682523388528,25.11138524573485,5.817220841045895,37.592042577314324,41.32321609799295,0.0,16.85126421306755,109.89000000000001,11.418271652029583,14.291479626587348,0.0,17.0710576677355,23.52649712213159,25.197720709434723,52.66756096160191,0.0,12.990104268152233,37.71824690777751,0.0,17.37059912762614,0.0,26.31700751922012,17.263661936090177,1.8513289448567036,-0.023782687124570323,8.828415488112146,2.4323557743715885,6.877080563514372,0.0,0.3333333333333333,34,3,9,0,1,1,0,1,3,4,0,7,3,10,4,5,0,0,0,0,0,5.413060937106974,5,2.7529000000000017,126.93220000000004,1,0,0,5,0,0,0,0,0,5,2,0,0,0,0,0,0,0,2,0,1,2,0,0,1,0,0,0,0,0,0,0,0,0,0,0,1,0,0,0,0,0,0,0
CCn1c(=O)c2cnc(Nc3ccc4c(c3)CCNC4)nc2n1-c1cccc(C2(C#N)CC2)n1,6.160521953,13.089765404477724,13.089765404477724,0.16763683418219788,-0.5139146911243564,0.4785484370531489,16.11764705882353,452.5220000000003,428.3300000000002,452.20730738800006,170,0.27771151113427456,-0.3241137699014293,0.3241137699014293,0.27771151113427456,1.2058823529411764,2.088235294117647,2.8823529411764706,16.143392596386448,10.004083652082945,2.4608050068685747,-2.176772316482487,2.462734059277461,-2.2299879260944393,5.766823474817775,0.565631340423898,3.629869437193542,1.440112941242496,1522.438488437211,23.285881803630282,18.875622434910277,18.875622434910277,16.61445340915636,11.590165047655619,11.590165047655619,8.873812502896635,8.873812502896635,6.729753173736606,6.729753173736606,4.648836461842353,4.648836461842353,-4.029999999999999,146974371.79749793,20.568019185364896,7.780877748324623,3.262346476395815,195.6300478209955,10.633577208012662,5.386224214464796,11.465039998602755,5.948339280986494,5.559266895052008,0.0,4.794537184071822,19.331562912184786,10.245870075685694,0.0,12.13273413692322,68.12332973162165,24.97374265812179,17.178139777037515,0.0,22.66912699090258,5.261891554738487,29.632330037138324,0.0,44.69070534969059,11.861545009918906,69.76968103974902,11.887084090627301,16.19284410306467,11.635725555670057,0.0,0.0,30.86029783904457,24.925324904147942,11.33111286753076,36.586211423785095,47.38958316645456,0.0,16.85126421306755,113.45,5.41499046939678,10.056428738810308,0.0,5.559266895052008,29.34435989996662,43.73329195013521,11.126902983393991,15.560449441903447,31.18920547353706,33.81951117867536,9.967957041894417,3.340368006579226,0.0,26.99710251052497,16.72047477282102,4.0658423029802355,0.9806813951156943,14.273217729512545,4.162120943944485,4.210192338521821,0.0,0.32,34,2,9,1,1,2,0,1,3,4,0,7,2,9,4,5,1,0,1,0,0,4.706977729603519,6,2.941580000000001,128.2544,0,0,0,5,0,0,0,0,0,6,2,0,0,0,0,0,0,0,2,0,1,2,0,0,0,0,0,0,0,0,1,0,0,0,0,0,1,0,0,0,0,0,0,0
CCn1c(=O)c2cnc(Nc3ccc4c(c3)CNCC4(C)C)nc2n1-c1cccc(C2(C#N)CC2)n1,6.91721463,13.149645828540839,13.149645828540839,0.0761766697211248,-0.5199634439588234,0.4479283475126641,17.38888888888889,480.5760000000003,452.35200000000026,480.2386075160001,182,0.27771151113427456,-0.32411293620082854,0.32411293620082854,0.27771151113427456,1.1944444444444444,2.0277777777777777,2.7777777777777777,16.143395729300238,9.789538638626023,2.4610604380204397,-2.3301831833482676,2.463108786004104,-2.3811531452292547,5.767135388584231,0.4348885084923758,3.627728831171169,1.424894745712514,1602.5487955368894,25.078775022443736,20.668515653723727,20.668515653723727,17.348433643880583,12.34016504765562,12.34016504765562,10.322909401445296,10.322909401445296,7.353683466059882,7.353683466059882,5.176721910868423,5.176721910868423,-4.029999999999999,277416399.7104583,22.43500371785997,7.999308309404714,3.4837942405829976,208.3599320497887,10.633577208012662,5.386224214464796,11.465039998602755,5.948339280986494,5.559266895052008,0.0,4.794537184071822,19.331562912184786,10.245870075685694,0.0,25.980208536304467,55.157751702783074,36.93348953343114,17.178139777037515,0.0,22.66912699090258,5.261891554738487,29.632330037138324,0.0,57.5323485955426,11.861545009918906,69.76968103974902,11.887084090627301,16.19284410306467,11.635725555670057,0.0,0.0,30.86029783904457,23.91949375061871,11.33111286753076,50.43368582316634,47.38958316645456,0.0,16.85126421306755,113.45,5.41499046939678,10.056428738810308,0.0,10.974257364448787,29.34435989996662,37.3124703272092,11.126902983393991,15.560449441903447,31.18920547353706,47.666985578056604,9.967957041894417,3.3418785667261495,0.0,27.120162654618774,16.865849852149566,4.077219868394265,0.9667000737074245,14.350937807435232,3.1742147623209096,8.603036414647685,0.0,0.37037037037037035,36,2,9,1,1,2,0,1,3,4,0,7,2,9,4,5,1,0,1,0,0,4.98512532393897,6,3.676680000000003,137.5763999999999,0,0,0,5,0,0,0,0,0,6,2,0,0,0,0,0,0,0,2,0,1,2,0,0,0,0,0,0,0,0,1,0,0,0,0,0,1,0,0,0,0,0,0,0
CCn1c(=O)c2cnc(Nc3ccc4c(c3)CNCC4)nc2n1-c1ccc(F)c(C(C)(C)F)n1,5.649751982,14.585378395234365,14.585378395234365,0.19498161327075492,-1.9966324726814237,0.4669574689902872,13.794117647058824,465.5080000000002,440.30800000000016,465.20886486000006,176,0.2777115112685603,-0.32411294191924217,0.32411294191924217,0.2777115112685603,1.1764705882352942,2.0,2.764705882352941,19.149268136321517,10.004625059560116,2.267623056839431,-2.1792124369626884,2.2716081208655234,-2.2308354894489746,5.766528062349044,0.20544980235507918,3.09243371010712,1.6174135734406447,1452.4618582661021,24.034804948073724,19.192773953866055,19.192773953866055,16.257370058712954,11.20408260839499,11.20408260839499,8.771211841738474,8.771211841738474,5.935454627713814,5.935454627713814,4.260841736295249,4.260841736295249,-3.6599999999999993,54829199.12520848,22.148035646142294,8.282353803074951,3.833114151189964,194.2094279845119,10.633577208012662,22.56613286910483,11.465039998602755,5.948339280986494,5.559266895052008,0.0,4.794537184071822,28.112393007534425,4.9839785209472085,0.0,6.06636706846161,69.12916088515088,24.97374265812179,0.0,8.78083009534964,22.66912699090258,0.0,29.632330037138324,0.0,45.950305852568704,11.861545009918906,69.5205348123333,5.817862777835028,16.19284410306467,20.4165556510197,0.0,0.0,30.86029783904457,25.179094253496835,5.817220841045895,37.592042577314324,41.32321609799295,0.0,16.85126421306755,89.66000000000001,11.485980659791572,13.575367279421462,0.0,22.457281882200295,18.140272907666798,31.264087777896332,46.60119389314029,6.923737199690624,6.06636706846161,37.71824690777751,0.0,31.776011890774335,0.0,26.107452949857855,6.8436966613589645,1.0011124344058446,-0.2602348231519229,8.663627653846289,2.4408479769603195,6.344151922614987,0.0,0.3333333333333333,34,2,8,0,1,1,0,1,3,4,0,6,2,10,4,5,0,0,0,0,0,5.395231390131359,5,3.730100000000002,125.82140000000004,0,0,0,5,0,0,0,0,0,5,2,0,0,0,0,1,0,0,2,0,1,2,0,0,2,0,0,0,0,0,0,0,0,0,0,0,1,0,0,0,0,0,0,0
CCn1c(=O)c2cnc(Nc3ccc4c(c3)CNCC4)nc2n1-c1ccc(F)c(C(C)(C)O)n1,4.774690718,14.368920061901031,14.368920061901031,0.113865363197593,-1.4966324726814237,0.4174858356389304,13.794117647058824,463.5170000000002,437.3090000000002,463.213201292,176,0.27771151126461113,-0.3840236278022536,0.3840236278022536,0.27771151126461113,1.2058823529411764,2.0294117647058822,2.7941176470588234,19.142213987614046,10.004624709801552,2.249237110732875,-2.1896362003274024,2.247054700027707,-2.242207737519072,5.766522852331518,0.06935770057855949,3.09243371010712,1.6174135734406447,1452.4618582661021,24.034804948073724,19.262023076356783,19.262023076356783,16.257370058712954,11.238707169640353,11.238707169640353,8.857773244851884,8.857773244851884,5.95185305528873,5.95185305528873,4.272982218377002,4.272982218377002,-3.6299999999999994,54829199.12520848,22.17653144861381,8.299046777810746,3.8424955006845276,194.83812633378164,15.740104602853368,22.498423861342843,11.465039998602755,5.948339280986494,5.559266895052008,0.0,4.794537184071822,23.721977959859604,4.9839785209472085,0.0,6.06636706846161,69.12916088515088,24.97374265812179,0.0,9.496942442515525,22.66912699090258,0.0,29.632330037138324,0.0,45.88259684480671,11.861545009918906,69.5205348123333,5.817862777835028,16.19284410306467,16.026140603344878,0.0,0.0,35.96682523388528,25.111385245734844,5.817220841045895,37.592042577314324,41.32321609799295,0.0,16.85126421306755,109.89000000000001,11.418271652029583,14.291479626587348,0.0,17.0710576677355,23.52649712213159,25.197720709434723,52.66756096160191,0.0,12.990104268152233,37.71824690777751,0.0,17.367005377626135,0.0,26.308394307882548,17.2620642990505,1.8339683099377946,-0.030543465127231606,8.838795306706249,2.4744282238738995,6.862554306716776,0.0,0.3333333333333333,34,3,9,0,1,1,0,1,3,4,0,7,3,10,4,5,0,0,0,0,0,5.413060937106974,5,2.7529000000000017,126.93220000000004,1,0,0,5,0,0,0,0,0,5,2,0,0,0,0,0,0,0,2,0,1,2,0,0,1,0,0,0,0,0,0,0,0,0,0,0,1,0,0,0,0,0,0,0
CCn1c(=O)c2cnc(Nc3ccc4c(c3)CNCC4)nc2n1-c1cccc(C2(C#N)CC2)n1,6.651695137,13.088738119796592,13.088738119796592,0.1689568525476708,-0.5145722874962384,0.4785484370531489,16.11764705882353,452.5220000000003,428.3300000000002,452.20730738800006,170,0.27771151113427456,-0.3241129419192424,0.3241129419192424,0.27771151113427456,1.2058823529411764,2.088235294117647,2.8823529411764706,16.143392605436667,10.004624807767724,2.4608050167070865,-2.176906188750763,2.4627333495984556,-2.230225616520257,5.766817375051619,0.565631199458706,3.629869437193542,1.440112941242496,1522.438488437211,23.285881803630282,18.875622434910277,18.875622434910277,16.61445340915636,11.590165047655619,11.590165047655619,8.873812502896635,8.873812502896635,6.729753173736606,6.729753173736606,4.6521064827360865,4.6521064827360865,-4.029999999999999,146974371.79749793,20.568019185364896,7.780877748324623,3.262346476395815,195.6300478209955,10.633577208012662,5.386224214464796,11.465039998602755,5.948339280986494,5.559266895052008,0.0,4.794537184071822,19.331562912184786,10.245870075685694,0.0,12.13273413692322,68.12332973162167,24.97374265812179,17.178139777037515,0.0,22.66912699090258,5.261891554738487,29.632330037138324,0.0,44.69070534969059,11.861545009918906,69.76968103974902,11.887084090627301,16.19284410306467,11.635725555670057,0.0,0.0,30.86029783904457,24.92532490414794,11.33111286753076,36.586211423785095,47.38958316645456,0.0,16.85126421306755,113.45,5.41499046939678,10.056428738810308,0.0,5.559266895052008,29.34435989996662,43.73329195013521,11.126902983393991,15.560449441903447,31.18920547353706,33.81951117867536,9.967957041894417,3.3373124510236702,0.0,26.9884892991874,16.72257088513566,4.048481668061326,0.974578213484915,14.282401757290323,4.198577025782867,4.197588700033838,0.0,0.32,34,2,9,1,1,2,0,1,3,4,0,7,2,9,4,5,1,0,1,0,0,4.706977729603519,6,2.941580000000001,128.2544,0,0,0,5,0,0,0,0,0,6,2,0,0,0,0,0,0,0,2,0,1,2,0,0,0,0,0,0,0,0,1,0,0,0,0,0,1,0,0,0,0,0,0,0
CCn1c(=O)c2cnc(Nc3ccc4c(c3)CNCC4)nc2n1-c1cccc(C2(CF)CC2)n1,5.37675071,13.686312275972696,13.686312275972696,0.17802321057236203,-0.4867945097184607,0.45953310436681,16.41176470588235,459.5290000000003,433.3210000000002,459.21828667200003,174,0.27771151111575443,-0.3241129419192424,0.3241129419192424,0.27771151111575443,1.1764705882352942,2.0588235294117645,2.8529411764705883,19.141341641126544,10.004624722416892,2.4563945098710454,-2.177241540715393,2.4730109379556873,-2.2302630101662007,5.766653322226228,0.41111543861694805,3.629869437193542,1.432279232647593,1453.669216045532,23.285881803630282,19.013480093606095,19.013480093606095,16.61445340915636,11.737372882411337,11.737372882411337,9.093863029681222,9.093863029681222,6.9281370599006635,6.9281370599006635,4.739840263436685,4.739840263436685,-3.5899999999999994,146974371.79749793,20.977542790186618,8.018258256579466,3.3848459870768686,195.40300354245298,10.633577208012662,12.060815186739703,11.465039998602755,5.948339280986494,5.559266895052008,0.0,9.184952231746642,19.331562912184786,4.9839785209472085,0.0,12.13273413692322,68.12332973162167,30.38873312751857,5.693927994848461,4.39041504767482,22.66912699090258,0.0,29.632330037138324,0.0,44.69070534969059,18.536135982193812,69.76968103974902,5.817862777835028,16.19284410306467,16.026140603344878,0.0,0.0,37.53488881131948,24.92532490414794,0.0,36.586211423785095,47.38958316645456,0.0,16.85126421306755,89.66000000000001,12.089581441671687,9.184952231746642,0.0,5.559266895052008,29.34435989996662,43.73329195013521,11.126902983393991,15.560449441903447,31.18920547353706,27.75028986588309,9.967957041894417,16.999744341508837,0.0,26.94773969455522,7.089873423906015,4.028764166169957,0.951368336941705,11.826246335623312,4.159776871461879,3.7464868298330725,0.0,0.36,34,2,8,1,1,2,0,1,3,4,0,6,2,9,4,6,1,0,1,0,0,4.947157520004791,6,3.387500000000002,128.61640000000003,0,0,0,5,0,0,0,0,0,5,2,0,0,0,0,1,0,0,2,0,1,2,0,0,1,0,0,0,0,0,0,0,0,0,0,0,1,0,0,0,0,0,0,0
CN(C)C(=O)c1ccc(-c2cnc3c(-c4ccc(F)c5[nH]ncc45)c(N)c(=O)[nH]c3c2)cc1,6.437350328,14.162327922342172,14.162327922342172,0.010732482086267092,-0.46819675184123244,0.3945672485782068,11.242424242424242,442.4540000000001,423.30200000000013,442.15535206800007,164,0.27181381209766065,-0.3936911273055828,0.3936911273055828,0.27181381209766065,1.0606060606060606,1.8181818181818181,2.5454545454545454,19.142193031341417,9.978548626781453,2.183634176713432,-2.1235474905916,2.3574626415143154,-2.2090971333319653,6.061612298766027,0.0827375366114864,3.3113774633013495,1.6717924347114783,1601.9702138063383,23.27529192407988,17.80960453233309,17.80960453233309,15.846244348298509,10.104302371255596,10.104302371255596,7.89351301688843,7.89351301688843,5.5920300429993075,5.5920300429993075,3.9040021531725486,3.9040021531725486,-4.529999999999999,43563753.40415063,20.376998277247036,7.556138897494126,3.301387249668659,186.42860884077368,15.617555728959871,17.02130783334572,0.0,0.0,11.466446624403513,0.0,19.67173469739189,4.39041504767482,5.098681808301038,0.0,18.19910120538483,35.392371257240434,42.36876622652324,17.2302450068456,9.184952231746642,33.53089237134865,0.0,25.06523038934697,0.0,0.0,19.829011442516563,76.59273303432416,22.253805966787983,11.29293437221419,10.077801322358383,0.0,0.0,45.06775408405286,0.0,5.817220841045895,10.357988675768818,59.652793806529246,0.0,44.19013233410156,120.75999999999999,11.376487736097902,13.979489415818463,0.0,17.11126672165133,33.10998012478831,11.126902983393991,17.163120370925164,44.5576558108139,12.13273413692322,20.16532065849649,5.733667477162185,14.162327922342172,0.0,33.65679004229396,7.056846580391941,9.987637977565589,-0.5436103377229606,11.794378115469906,3.160325377475484,0.0,3.391970988850574,0.08333333333333333,33,4,8,0,0,0,1,2,3,5,0,5,3,9,3,3,0,0,0,0,0,4.6658008877841555,5,3.5565000000000007,125.2753,0,0,1,4,2,0,1,1,0,3,2,1,0,0,2,0,0,1,1,0,2,2,0,0,1,0,0,0,0,0,0,0,0,0,0,0,2,0,0,0,0,0,0,0
CN1CCN(CCOc2cc(OC3CCOCC3)c3c(Nc4c(Cl)ccc5c4OCO5)ncnc3c2)CC1,5.689411859,6.545639528186496,6.545639528186496,0.029527318978157302,0.029527318978157302,0.4519605432912184,18.57894736842105,542.0360000000002,509.7800000000003,541.209196804,202,0.23092311505863508,-0.49203785177095705,0.49203785177095705,0.23092311505863508,1.0789473684210527,1.9210526315789473,2.763157894736842,35.49569259953381,10.120205835696863,2.23993437941325,-2.316911120121272,2.4572390532457935,-2.4522306084489114,6.33563495551663,0.02607833000190964,3.4119402077140464,1.2928846283235809,1280.4382791500213,25.898765978752643,21.45033651551815,22.206265461536603,18.63616292858424,13.058401273210285,13.436365746219513,9.741943855609986,10.149143982350589,7.141242312564698,7.456212706739053,4.92109091009112,5.117151944668822,-3.05,865332454.1074038,25.24022197646934,11.364835649773651,5.53560260294156,226.27673374418833,33.90101310385705,42.04244114611217,11.49902366656781,6.792942306099827,0.0,0.0,4.899909730850478,9.967957041894417,0.0,0.0,11.600939890232516,19.18040611960041,57.69815941233811,29.139322174848218,23.684314769000245,34.00911387483216,0.0,19.76777650359537,0.0,18.94560963360032,71.70183081588497,35.615421662352304,22.99804733313562,24.264240419206526,11.50524905251859,22.99804733313562,11.600939890232516,92.25678510322231,4.736862953800049,0.0,12.841643245852019,30.59278834861098,5.022633313741326,10.902924932081056,90.44000000000001,0.0,0.0,0.0,12.896908693848129,64.86327631055055,50.951649489879685,6.3273200747645415,12.13273413692322,12.13273413692322,32.13223709027889,35.28525465923276,29.496072686951617,6.545639528186496,13.884899182047636,4.603362810657721,1.2997315676757766,3.123623492309422,7.429097704596112,3.178941674524263,7.222621998372266,2.1604537991231316,0.48148148148148145,38,1,10,0,3,3,0,2,1,3,0,10,1,11,4,8,0,2,2,0,0,7.548709855957345,6,3.9395000000000024,144.29669999999984,0,0,0,2,0,0,0,0,0,4,1,0,1,0,0,0,0,0,2,0,2,2,0,5,1,0,0,0,0,0,0,0,0,0,1,0,0,0,0,0,0,0,0,0
CN1CCN(CCOc2cc3ncnc(Nc4c(Cl)ccc5c4OCO5)c3cc2OC2CCOCC2)CC1,5.689411859,6.518940760698275,6.518940760698275,0.055191899150231816,0.055191899150231816,0.4519605432912184,18.57894736842105,542.0360000000003,509.7800000000004,541.2091968039999,202,0.23092311505847657,-0.48828172623298416,0.48828172623298416,0.23092311505847657,1.0526315789473684,1.894736842105263,2.736842105263158,35.49569259953606,10.127020294533528,2.2333733690613617,-2.3182541439235456,2.4526901589118437,-2.4523551238813743,6.335473637882803,0.024149643510669366,3.4161359417951345,1.2815613779892958,1280.4382791500211,25.898765978752643,21.450336515518146,22.206265461536603,18.636162928584238,13.058401273210286,13.436365746219513,9.742500833253754,10.149700959994359,7.155572751676943,7.470543145851298,4.881327429467858,5.077388464045558,-3.05,876378793.9986279,25.24022197646934,11.364835649773651,5.53560260294156,226.27673374418833,33.90101310385705,30.543417479544352,22.99804733313562,6.792942306099827,0.0,0.0,4.899909730850478,9.967957041894417,0.0,0.0,11.600939890232516,25.24677318806202,57.0180165583413,23.753097960383425,23.684314769000245,34.00911387483217,0.0,19.76777650359537,0.0,18.94560963360032,71.70183081588497,35.61542166235231,22.99804733313562,24.264240419206526,11.50524905251859,22.99804733313562,11.600939890232516,92.25678510322234,4.736862953800049,0.0,12.841643245852019,30.59278834861098,5.022633313741326,10.902924932081056,90.44000000000001,0.0,0.0,0.0,12.896908693848129,59.346575592934286,56.468350207495945,6.3273200747645415,12.13273413692322,12.13273413692322,32.13223709027889,35.28525465923276,29.4864687645984,6.518940760698275,13.811010600507991,4.629549570026299,1.3318142687416121,3.1305459702754046,7.441003455911239,3.23837422497495,7.196334264632366,2.1604025640779065,0.48148148148148145,38,1,10,0,3,3,0,2,1,3,0,10,1,11,4,8,0,2,2,0,0,7.548709855957345,6,3.9395000000000024,144.29669999999982,0,0,0,2,0,0,0,0,0,4,1,0,1,0,0,0,0,0,2,0,2,2,0,5,1,0,0,0,0,0,0,0,0,0,1,0,0,0,0,0,0,0,0,0
CN1CCc2[nH]c(=S)c(C#N)c(-c3cccs3)c2C1,5.920818754,9.419917564247921,9.419917564247921,0.5640769085411943,0.5640769085411943,0.8181050501623054,14.947368421052632,287.41300000000007,274.309,287.055089416,96,0.12162111484062099,-0.34858166764974813,0.34858166764974813,0.12162111484062099,1.5263157894736843,2.3684210526315788,3.0526315789473686,32.13350421906755,9.957202980143817,2.2188991225004964,-2.267579233368662,2.3467916562314937,-2.2782817234901476,7.711312669049993,0.3101181655926244,2.9107184904007504,2.3363972464203733,707.52279939186,13.405412915006313,10.564294923056163,12.197288084911616,9.202708600407233,6.1096750585910184,7.397576160309777,4.738118756028907,6.094061239491641,3.4584686391400377,4.652013263145164,2.5292095537344674,3.6041064979394624,-1.4799999999999995,37248.4645216584,12.548579346949742,4.892089958278337,2.121311284983272,120.67858159424979,9.883888251797686,10.709810580230965,0.0,0.0,0.0,0.0,0.0,0.0,5.261891554738487,11.336785877934737,18.284240511508305,24.05755331330171,35.644861114997916,5.563451491696996,0.0,23.554659320981433,5.261891554738487,9.883888251797686,0.0,12.965578028838586,13.592428388589765,38.97421715307028,16.50981999819057,0.0,0.0,0.0,23.554659320981433,23.476316640387452,12.965578028838586,15.971702134969451,16.82083097824245,17.512796907389134,0.0,10.440598685398296,42.82,0.0,5.261891554738487,0.0,0.0,10.204040759135687,29.950933120149454,11.257379486545457,11.336785877934737,11.446429838927525,29.067148615728758,12.217873443046695,0.5640769085411943,6.998937547241119,6.643697089947089,11.456806027966742,4.042731481481482,0.0,6.343584419879063,0.9578939909297052,1.8863234599395313,2.105949074074074,0.2857142857142857,19,1,3,0,1,1,0,0,2,2,0,4,1,5,3,1,0,0,0,0,0,3.230988369151145,3,3.332270000000002,79.69270000000003,0,0,0,1,1,0,0,0,0,2,1,0,1,0,1,0,0,0,0,0,0,1,0,0,0,0,0,0,0,0,1,0,0,0,0,0,1,0,0,0,0,0,1,0
CNC(=O)c1c(N)n(-c2cc(O)ccc2C)c2nc3ccccc3nc12,6.161150909,12.459237843285461,12.459237843285461,0.09915871441169077,-0.3392247732426299,0.516546529304735,11.153846153846153,347.3780000000001,330.24200000000013,347.13822478400004,130,0.2565746479044144,-0.5078854357583777,0.5078854357583777,0.2565746479044144,1.1538461538461537,1.8461538461538463,2.5384615384615383,16.25479125619622,10.160844848324139,2.244109456206671,-2.1116400831432904,2.3267576084232164,-2.1912683463294353,6.107568266148666,0.09651366136144104,2.917751047367865,2.183314389877777,1179.6992232569241,18.421920772951363,14.315904825980706,14.315904825980706,12.507239053047547,8.097037802728789,8.097037802728789,6.0300990510206125,6.0300990510206125,4.3855403430484445,4.3855403430484445,3.0929652743149703,3.0929652743149703,-3.609999999999999,1098241.4942292646,15.89096462882848,5.731565693273295,2.248515540057713,148.65058933458442,16.156983476009223,22.64752682043219,5.647177220767728,0.0,5.907179729351506,0.0,9.361636831863176,9.967957041894417,0.0,0.0,18.19910120538483,30.68628989677245,13.1140390511388,16.720787709916088,9.901064578912528,33.92232188080304,0.0,19.8518452936921,0.0,6.923737199690624,12.781339459839375,53.59147246262526,11.436898107967467,11.050456081168516,5.817862777835028,5.749511833283905,0.0,32.59643579655517,0.0,6.923737199690624,15.921440167465814,42.46456947923127,0.0,27.88466564830007,106.06,0.0,9.901064578912528,0.0,23.038005832167435,27.88466564830007,5.563451491696996,0.0,29.813872835853374,31.18920547353706,15.284745645900749,5.733667477162185,1.661111111111111,0.0,21.760143927941545,12.529908417083291,10.395137156714538,-0.01473631582262458,12.39749767807082,0.0,1.8969125566893423,1.5406921348786426,0.10526315789473684,26,4,7,0,0,0,1,2,2,4,0,5,3,7,2,2,0,0,0,0,0,3.5030810653697197,4,2.5295200000000007,100.57540000000002,0,0,1,3,0,1,1,1,0,3,1,1,0,0,0,0,0,1,1,1,2,2,0,0,0,0,0,0,0,0,0,2,1,1,0,0,0,0,0,0,0,0,0,0
CNC(=O)c1ccccc1Nc1nc(Nc2ccc(N3CCOCC3)cc2)ncc1Cl,6.5110467865,12.119767141495059,12.119767141495059,0.2018659452221978,-0.2018659452221978,0.5385511266225183,13.548387096774194,438.9190000000002,415.7350000000001,438.157101656,160,0.2526335427081012,-0.3777778199763259,0.3777778199763259,0.2526335427081012,1.064516129032258,1.8064516129032258,2.5483870967741935,35.49569222722848,10.140350830562975,2.133852789901466,-2.2845947037649283,2.271091113506553,-2.3560822376829726,6.325367667894183,0.0963647387626338,2.8197151842874493,1.5007439226210952,1054.1217049528414,21.631181265251033,17.060681387889655,17.81661033390811,15.135361590784807,9.942930872537282,10.320895345546509,6.911156061309005,7.318356188049612,4.895607383032367,5.172203934052378,3.2735951151436007,3.4118933906536064,-3.36,14752027.997104757,20.8943544505723,9.632430189130872,5.041608733122667,185.15646280382825,25.58713849666952,5.022633313741326,5.817862777835028,5.948339280986494,5.907179729351506,0.0,4.794537184071822,4.9839785209472085,4.9839785209472085,0.0,23.733674027155736,36.39820241076966,31.511957343869465,30.66144526701947,9.53140013787187,46.33648050245623,0.0,15.284745645900749,0.0,0.0,48.88443566239131,65.31386492474428,0.0,20.850275542869472,28.828360882872207,0.0,11.600939890232516,49.2260854947741,4.736862953800049,0.0,10.357988675768818,54.72778011930596,5.022633313741326,0.0,91.41,0.0,4.794537184071822,0.0,5.907179729351506,28.03967313894341,37.67804929021811,6.196843571613076,25.24677318806202,18.19910120538483,42.95096672168711,16.337802844032566,5.404688616369883,6.290129358813764,23.14834654643859,9.298582391180023,3.1029948122585003,0.593414884574776,15.230200153220505,1.5176867826637848,3.2719555742961903,1.586445324628433,0.22727272727272727,31,3,8,0,1,1,1,2,1,3,0,7,3,9,2,6,0,1,1,0,0,6.492368083615924,4,3.8134000000000023,122.9136,0,0,0,2,0,0,1,1,0,3,3,0,0,0,0,0,0,1,5,0,2,0,0,1,1,0,0,0,0,1,0,1,0,0,0,0,0,0,0,0,0,0,0,0
CNC(=O)c1ccccc1Nc1nc(Nc2ccc(N3CCOCC3)cc2)ncc1OC,5.6100007065,12.191044147667899,12.191044147667899,0.19460262322673283,-0.19460262322673283,0.5214183461236811,13.375,434.5000000000003,408.2920000000002,434.20663869199996,166,0.25263355164383233,-0.4913466195407413,0.4913466195407413,0.25263355164383233,1.0625,1.8125,2.53125,16.478091875416958,10.139484443182065,2.1432503241186023,-2.2846173366969267,2.285744271253304,-2.3560824806383507,5.997257155560249,0.09636338063010472,2.8500185836336507,1.5292815110363607,1067.5818057130766,22.33828804643758,18.09096520534429,18.09096520534429,15.673366393245592,10.366321071728462,10.366321071728462,7.131593345984358,7.131593345984358,5.126601520772304,5.126601520772304,3.428514793042927,3.428514793042927,-3.85,25069037.06342562,21.384641060059927,9.971296267701796,4.891569561331067,186.33168392085008,30.32400145046957,0.0,11.567374611118932,5.948339280986494,5.907179729351506,0.0,4.794537184071822,4.9839785209472085,4.9839785209472085,0.0,12.13273413692322,36.39820241076966,31.511957343869465,37.771242808297,14.268263091671919,34.735540612223716,0.0,15.284745645900749,0.0,0.0,55.99423320366884,60.29123161100296,5.749511833283905,25.58713849666952,28.828360882872207,5.749511833283905,0.0,56.33588303605163,4.736862953800049,0.0,10.357988675768818,54.72778011930596,0.0,0.0,100.64,0.0,4.794537184071822,0.0,5.907179729351506,28.766551658485987,37.67804929021811,0.0,32.48704723249102,24.26546827384644,42.95096672168711,9.473725907600098,10.815250359312994,0.0,23.381062946550824,9.052524855584213,3.1389721971671625,1.1258248546629015,15.315853769090722,1.585588017231686,3.2766561121926987,3.1416002215401377,0.2608695652173913,32,3,9,0,1,1,1,2,1,3,0,8,3,9,2,7,0,1,1,0,0,6.663518487134941,4,3.1686000000000014,124.45560000000002,0,0,0,2,0,0,1,1,0,3,3,0,0,0,0,0,0,1,5,0,2,0,0,2,0,0,0,0,1,1,0,1,0,0,0,0,0,0,0,0,0,0,0,0
CNC(=O)c1ccccc1Nc1nc(Nc2cccc(CS(C)(=O)=O)c2)ncc1C,6.880162606500001,12.109421127105525,12.109421127105525,0.04131226630532869,-3.128800492612688,0.5327379046957734,11.033333333333333,425.5140000000002,402.33000000000015,425.15216059600004,156,0.2526335383446725,-0.3550448831711428,0.3550448831711428,0.2526335383446725,1.0666666666666667,1.8333333333333333,2.566666666666667,32.227703082003906,10.135350064505953,2.120053635757648,-2.1353079199593856,2.2370115608367276,-2.1883486589789305,7.894255284715857,0.09636470498431518,2.6915311012130845,1.8505581037120535,1178.7642865374773,21.72540387131522,16.93067955674855,17.747176137676277,14.247333357580883,9.204346186044672,11.264859702828689,6.870403939346643,9.010583294076733,4.235512514195075,5.093223242518736,2.851883128760274,3.6369403672677874,-3.46,3962493.6194547126,21.253710800170307,8.913269240175255,5.540838232530561,175.24610509815557,15.950365812018994,5.817862777835028,9.837253136417502,5.948339280986494,5.907179729351506,0.0,4.794537184071822,13.401775505276145,4.9839785209472085,0.0,24.26546827384644,36.75265696523406,30.751122504182227,17.003691373127346,13.212334168400758,38.885407473957656,0.0,15.284745645900749,0.0,12.676590806437414,23.937018374201255,71.41813459439695,0.0,15.950365812018994,23.140974608188646,0.0,0.0,37.596374921763456,15.590106743164291,6.923737199690624,21.48489165916281,54.72778011930596,0.0,0.0,113.08,9.837253136417502,13.212334168400758,0.0,11.660033336098294,34.26787759158264,5.563451491696996,6.255769183511404,49.64271796505993,19.056471336613846,25.91832285391341,0.0,23.08267049201292,0.0,20.91355826807302,8.909696028963637,3.280568135089413,0.6522270698485113,14.232913675533865,2.8663708852485352,1.8624492995213593,-1.5504538542912676,0.19047619047619047,30,3,8,0,0,0,1,2,1,3,0,7,3,9,1,7,0,0,0,0,0,6.31466822382462,3,3.176420000000002,118.15640000000002,0,0,0,2,0,0,1,1,0,2,3,0,0,0,0,0,0,1,4,1,2,0,0,0,0,0,0,0,0,0,0,1,0,0,0,0,0,0,0,1,0,0,0,0
COc1cc(Nc2c(C#N)cnc3cc(OCCCN4CCN(C)CC4)c(OC)cc23)c(Cl)cc1Cl,6.5866599518,9.745119971858806,9.745119971858806,0.3568345924001035,0.3568345924001035,0.3788289261994078,14.444444444444445,530.4560000000004,501.2240000000003,529.164745148,190,0.16284061392699467,-0.49511664318909343,0.49511664318909343,0.16284061392699467,1.0,1.75,2.4444444444444446,35.49683733000109,10.084252075442597,2.172810571980564,-2.317562783270657,2.4000669117729463,-2.443917260659534,6.369571544036324,0.14485316277854315,2.8833427518010346,1.5708066366430868,1272.8949540436163,25.656125291633366,20.606027013663844,22.117884905700752,17.426585250869643,11.677349746412146,12.4332786924306,8.617426049680963,9.431826303162175,6.247115759754995,6.855194333460332,4.149517438715738,4.6570897828273905,-2.9599999999999995,120795972.2479083,26.112923043947962,11.849897701476989,5.876517094562205,220.8076192908437,29.327196927107433,11.818733146076179,11.49902366656781,0.0,0.0,0.0,4.9839785209472085,0.0,5.261891554738487,0.0,23.20187978046503,25.60122774252642,56.439583952563964,53.326668433231006,14.210588861400147,45.479577261913214,5.261891554738487,14.783797982648164,0.0,6.4208216229260096,65.91471966331437,46.07102996463916,23.31775681264399,19.527377465406477,11.374772549367124,17.248535499851716,23.20187978046503,75.3817290419562,0.0,11.33111286753076,11.984273114623004,30.462311845459514,10.045266627482652,10.902924932081056,82.88,0.0,5.261891554738487,0.0,0.0,61.741833064992456,39.14460365248888,13.30664111289061,19.242531678200752,12.13273413692322,33.21747988212396,37.41246864186518,17.024996523096558,12.604128889322919,9.284178413838147,14.484444297843096,2.108896784754429,1.629469308269827,9.124990226931061,2.435278274070362,5.9199500405630605,5.272556130199435,0.38461538461538464,36,1,8,0,1,1,0,2,1,3,0,8,1,10,2,9,0,1,1,0,0,8.595429632147901,4,5.190380000000005,143.35569999999984,0,0,0,1,0,0,0,0,0,4,1,0,1,0,0,0,0,0,2,0,2,1,0,3,2,0,0,0,2,0,1,0,0,0,1,0,1,0,0,0,0,0,0,0
COc1cc(Nc2ncc(C#N)c(Nc3ccccc3C(N)=O)n2)ccc1N1CCN(C)CC1,6.2862731755,11.747277253204011,11.747277253204011,0.22946152018073152,-0.5819004975944895,0.48862836210443483,13.735294117647058,458.52600000000035,432.3180000000002,458.2178720720001,174,0.2503091695554097,-0.4945048811032811,0.4945048811032811,0.2503091695554097,1.1470588235294117,1.911764705882353,2.6176470588235294,16.466587575777442,10.139626537510413,2.182523419556753,-2.3439100558268957,2.326900528893976,-2.44131705707657,5.987677007085608,0.10008301060590177,2.848109006845428,1.5768112645329218,1231.882869474873,24.078775022443736,19.077144105880336,19.077144105880336,16.4778968458859,10.797588529083926,10.797588529083926,7.904481082517399,7.904481082517399,5.634632718941559,5.634632718941559,3.7467810796885948,3.7467810796885948,-4.36,50244334.03002622,22.820435409457904,10.058471912889207,4.999228431761131,197.52552267081663,30.90392710067585,17.382184637773175,5.817862777835028,5.948339280986494,5.907179729351506,0.0,4.794537184071822,4.9839785209472085,10.245870075685694,0.0,12.13273413692322,31.31314025652363,37.932778966795475,30.244865153954727,9.53140013787187,34.735540612223716,5.261891554738487,14.867866772744895,5.733667477162185,0.0,55.869982086468156,59.788316034238335,11.818733146076179,26.004017369825373,28.828360882872207,5.749511833283905,0.0,61.11154164970141,0.0,11.33111286753076,15.921440167465814,48.661413050844345,0.0,0.0,132.43,5.907179729351506,10.056428738810308,0.0,17.32965355051852,11.250837766380558,43.30331000630133,6.196843571613076,31.37526581512397,18.19910120538483,43.51824700707749,10.470530430962235,5.643337040520447,0.0,25.045647557568113,15.67712091765514,8.215370524190618,0.708942356366566,14.669496126736126,1.4170435160978991,3.855298593651577,3.767743367213513,0.25,34,4,10,0,1,1,1,2,1,3,0,9,3,10,2,7,0,1,1,0,0,6.751138488409842,4,2.6947800000000006,130.9763,0,0,0,2,0,0,1,1,0,5,2,1,1,0,0,0,0,1,5,0,2,0,0,1,0,0,0,0,1,0,1,1,0,0,1,1,0,0,0,0,0,0,0,0
COc1cc2ncnc(Nc3cccc(Cl)c3)c2cc1OC,4.6154859967999995,6.007271996748908,6.007271996748908,0.6240223013073545,0.6240223013073545,0.7869935859921958,10.5,315.7600000000001,301.648,315.07745436799996,112,0.1624156702098615,-0.4928420696142627,0.4928420696142627,0.1624156702098615,1.0,1.7727272727272727,2.5,35.49569146317352,10.168835133981881,2.106420453262091,-2.117702886981297,2.340147484305166,-1.974728888738868,6.304082654152071,0.3555212966921585,2.536419075563668,2.093088316671023,823.5951342117369,15.526733258565956,12.130340129264253,12.886269075282708,10.707039898056804,6.603406226315655,6.981370699324882,4.581963600781545,5.018399381253531,3.2280076527180936,3.4631047555058325,2.185644772627907,2.3759326207671077,-2.5299999999999994,130369.40406489698,14.409060124188407,6.071664934514076,2.7555737096941786,132.41956091748594,14.790514511606428,12.14518285259957,11.49902366656781,0.0,0.0,0.0,0.0,9.967957041894417,0.0,0.0,17.667306958694127,24.26546827384644,22.162610871351294,19.736295800171327,9.473725907600098,34.00911387483217,0.0,9.967957041894417,0.0,0.0,19.536383686561397,47.74815579927552,11.49902366656781,14.790514511606428,11.50524905251859,11.49902366656781,11.600939890232516,24.187552124449482,0.0,0.0,0.0,42.7255224855342,5.022633313741326,10.902924932081056,56.27000000000001,0.0,0.0,0.0,0.0,22.339519758144164,16.59031120676462,6.3273200747645415,14.219595082555067,36.39820241076966,15.284745645900749,21.074665797832616,10.634140223135983,6.007271996748908,8.573391107471796,4.733244512438686,1.610613845846981,1.9255271933876437,11.104411625820957,1.5011210317460317,0.0,3.1880562411807905,0.125,22,1,5,0,0,0,0,2,1,3,0,5,1,6,1,4,0,0,0,0,0,3.9766811406972633,3,4.044000000000002,87.37670000000003,0,0,0,2,0,0,0,0,0,2,1,0,0,0,0,0,0,0,2,0,2,1,0,2,1,0,0,0,2,0,0,0,0,0,0,0,0,0,0,0,0,0,0,0
COc1ccc(-c2c(N)c(=O)[nH]c3cc(Cl)cnc23)c2cn[nH]c12,5.592337215,12.23633416792643,12.23633416792643,0.08795304232804257,-0.39441701835055,0.5189862099127394,11.25,341.7580000000001,329.6620000000001,341.0679523040001,120,0.27181418672891633,-0.49449574625376574,0.49449574625376574,0.27181418672891633,1.2916666666666667,2.125,2.9166666666666665,35.49569158922488,9.988624624740877,2.1779927609084475,-2.112680733626464,2.3726841881206364,-2.1361090158765386,6.307189515694915,0.4185829283688709,3.0544860625741976,2.1623653271404275,1148.5786388724484,16.844570503761737,12.552989860074627,13.308918806093082,11.596555450524589,7.0731494679236455,7.451113940932873,5.266563032606936,5.7029988130789215,3.9198274017572747,4.126526354170124,2.8355860296626982,2.9934899784281215,-3.0599999999999996,496317.3313355562,14.527092208382276,5.241931254798239,2.0195171328314085,139.97155068913156,15.454508951909443,16.95359882558373,0.0,0.0,5.559266895052007,0.0,14.877197513320068,0.0,5.098681808301038,0.0,11.600939890232516,23.762552697081826,17.146519277774868,29.362675861864457,4.736862953800049,39.224652532229655,0.0,20.16532065849649,0.0,0.0,12.84346501843972,45.96922574147614,16.876414816677897,16.02979732601424,5.687386274683562,5.749511833283905,11.600939890232516,27.275118199774024,0.0,0.0,0.0,35.38732553268281,5.022633313741326,33.06322935070757,109.68,5.559266895052007,4.794537184071822,0.0,5.687386274683562,27.36899807395475,16.46637642377805,6.196843571613076,25.43937524981383,6.06636706846161,20.16532065849649,22.071470321194752,5.330373562724753,5.9790201237621865,19.2829580813807,8.176261146561473,8.840485542468016,0.6481214569160996,5.2639818576607595,3.177383690616164,0.0,1.5791923156876257,0.0625,24,4,7,0,0,0,0,1,3,4,0,5,3,8,3,2,0,0,0,0,0,3.1729174453522924,4,2.7106000000000003,93.42580000000001,0,0,1,4,2,0,0,0,0,2,2,1,0,0,2,0,0,0,1,0,1,2,0,1,1,0,0,0,1,0,0,0,0,0,0,0,2,0,0,0,0,0,0,0
COc1ccc(-c2oc3c(CC=C(C)C)c(O)cc(O)c3c(=O)c2O)cc1,4.292429824,12.676252834467121,12.676252834467121,0.04038708847736627,-0.7657240226337445,0.5997818618248365,10.777777777777779,368.3850000000001,348.22500000000014,368.12598835999995,140,0.23829985648752913,-0.5073741294825213,0.5073741294825213,0.23829985648752913,1.1111111111111112,1.7777777777777777,2.3703703703703702,16.465452134654807,10.024521314261495,2.2175091041365707,-2.1163861671600657,2.383858974412705,-2.045433680053009,5.906717478390104,0.4144119290844815,2.6332237416142967,2.331069431751914,1086.5854215595134,19.714813991764814,15.237594054215768,15.237594054215768,12.828606258093467,8.344759554529022,8.344759554529022,6.4205131859201225,6.4205131859201225,4.267898240510585,4.267898240510585,2.817784826169656,2.817784826169656,-3.4099999999999997,996095.8769778562,18.383145769224953,7.070855440625666,3.3347356322831656,155.13279692163928,24.47359607537551,28.217779855958753,5.760247418874442,11.178302225184446,0.0,0.0,4.794537184071822,0.0,0.0,0.0,11.64912463690315,44.5337642961537,17.193270051855603,7.109797541277533,24.47359607537551,10.969244356107037,0.0,0.0,0.0,20.268296022307258,7.109797541277533,57.76773904688056,34.321746243707054,10.16565334570059,0.0,22.99804733313562,0.0,22.42937972579965,6.4208216229260096,0.0,19.410925891078243,51.19264810033636,0.0,22.292943266678478,100.13000000000001,16.92781405846835,20.11411936859394,0.0,22.479003608265387,23.297236439603907,11.639471598530879,7.109797541277533,24.26546827384644,19.92349450621513,0.0,9.154013890853395,10.924743696695216,0.0,12.676252834467121,30.576067763155155,1.1138173799361233,-0.6785763778269172,7.702451136892875,2.172781091596929,3.8143528500961343,1.5314429583206985,0.19047619047619047,27,3,6,0,0,0,0,2,1,3,0,6,3,6,1,4,0,0,0,0,0,4.814243195486627,3,4.094100000000004,102.60140000000003,0,0,0,0,0,3,0,0,0,0,0,0,0,0,0,0,2,0,0,0,2,1,0,1,0,0,0,0,1,0,0,0,2,2,0,0,0,0,0,0,0,0,0,0
COc1ccc(C)c(-n2c(N)c(C(N)=O)c3nc4ccccc4nc32)c1C,5.27572413,12.145863095238095,12.145863095238095,0.17117866591080877,-0.6397839243722172,0.5830296748444809,11.222222222222221,361.4050000000001,342.2530000000001,361.15387484800004,136,0.2542504512353857,-0.4964074637074547,0.4964074637074547,0.2542504512353857,1.0740740740740742,1.7407407407407407,2.3703703703703702,16.465845915695006,10.078560656521189,2.2492983599112013,-2.1631192824848373,2.3532711946732157,-2.1403667509661495,6.102714138449048,0.10022411671052518,2.91377112762918,2.2069811637671024,1226.4732538487629,19.29216426095444,15.276939520944609,15.276939520944609,12.934759407976115,8.44712830607979,8.44712830607979,6.402763854235642,6.402763854235642,4.770747944852284,4.770747944852284,3.5130974415563565,3.5130974415563565,-3.6099999999999994,1606053.1629224382,16.8368029259421,5.979774542196717,2.3914349602150247,155.1248714396966,16.20419790812442,22.64752682043219,5.647177220767728,0.0,5.907179729351506,0.0,9.361636831863176,9.967957041894417,0.0,0.0,18.19910120538483,37.61002709646307,5.563451491696996,23.830585251193618,9.53140013787187,33.92232188080305,0.0,14.53505668968577,5.733667477162185,13.847474399381248,12.84346501843972,53.08855688586065,11.436898107967467,16.20419790812442,5.817862777835028,5.749511833283905,0.0,27.55203396031481,0.0,13.847474399381248,21.48489165916281,36.39820241076966,0.0,27.884665648300075,109.05000000000001,5.907179729351506,4.794537184071822,0.0,11.381314269532023,27.946791206900418,16.814289258077554,0.0,11.676897189068889,50.24567681015091,4.9839785209472085,21.18817642907163,7.194887377216471,0.0,21.485748692995713,0.0,17.07097361321072,0.28936657533383836,11.281402856469596,0.0,3.899126039304611,1.611828178802385,0.15,27,4,7,0,0,0,1,2,2,4,0,5,2,7,2,3,0,0,0,0,0,3.7288994632789536,4,2.8802400000000015,105.32730000000002,0,0,1,3,0,0,1,1,0,3,0,2,0,0,0,0,0,1,1,1,2,2,0,1,0,0,0,0,1,0,0,2,0,0,0,1,0,0,0,0,0,0,0,0
COc1ccc(Nc2ncc(C#N)c(Nc3ccccc3C(N)=O)n2)cc1N1CCN(C)CC1,6.2862731755,11.76246479997924,11.76246479997924,0.2339629350717567,-0.579925038094838,0.48862836210443483,13.735294117647058,458.52600000000035,432.3180000000002,458.2178720720001,174,0.2503091695554097,-0.4945835001479236,0.4945835001479236,0.2503091695554097,1.1470588235294117,1.911764705882353,2.6176470588235294,16.466540160780685,10.139600439387802,2.1856377990573677,-2.34498505848548,2.3280969751812957,-2.441537858901742,5.987692539935839,0.10008302676564286,2.847635175292927,1.6086705226057547,1231.882869474873,24.07877502244374,19.07714410588034,19.07714410588034,16.4778968458859,10.797588529083926,10.797588529083926,7.904481082517399,7.904481082517399,5.6337626587734535,5.6337626587734535,3.745021842665282,3.745021842665282,-4.36,50305275.076980345,22.820435409457904,10.058471912889207,4.999228431761131,197.52552267081663,30.90392710067585,17.382184637773175,5.817862777835028,5.948339280986494,5.907179729351506,0.0,4.794537184071822,4.9839785209472085,10.245870075685694,0.0,12.13273413692322,37.37950732498524,31.866411898333865,30.244865153954727,9.53140013787187,34.735540612223716,5.261891554738487,14.867866772744895,5.733667477162185,0.0,55.869982086468156,59.788316034238335,11.818733146076179,26.004017369825373,28.828360882872207,5.749511833283905,0.0,61.11154164970141,0.0,11.33111286753076,15.921440167465814,48.661413050844345,0.0,0.0,132.43,5.907179729351506,10.056428738810308,0.0,11.381314269532023,17.19917704736705,43.30331000630133,6.196843571613076,31.37526581512397,18.19910120538483,43.51824700707749,10.470530430962235,5.578798751998434,0.0,25.08501999583185,15.747806246878495,8.229260112766111,0.7768505129421464,14.635796735450729,1.4260437137818092,3.746765525714424,3.773658404636003,0.25,34,4,10,0,1,1,1,2,1,3,0,9,3,10,2,7,0,1,1,0,0,6.751138488409842,4,2.6947799999999997,130.9763,0,0,0,2,0,0,1,1,0,5,2,1,1,0,0,0,0,1,5,0,2,0,0,1,0,0,0,0,1,0,1,1,0,0,1,1,0,0,0,0,0,0,0,0
COc1ccnc2c(-c3c(C)ccc(O)c3C)c(N)c(C(N)=O)cc12,7.301029996,11.917025226757369,11.917025226757369,0.1393742388930883,-0.637022864701436,0.636284823543776,10.84,337.37900000000013,318.22700000000003,337.142641468,128,0.25033885065234646,-0.5076637130337219,0.5076637130337219,0.25033885065234646,1.2,1.92,2.56,16.465721061803617,9.89543857667078,2.217014651924999,-2.1816681290760624,2.423524021413664,-2.145825471781656,6.118734542054022,0.10010219900467955,2.5856644514202904,2.566709906369324,1012.7023303728805,18.300600429391718,14.252375656255024,14.252375656255024,11.86227976290468,7.709301675005204,7.709301675005204,5.88801921059778,5.88801921059778,4.415234487435995,4.415234487435995,3.134230860864655,3.134230860864655,-3.28,387309.26384269673,16.573336707910446,5.9758299039780525,2.5161088881484144,144.59866077160123,21.310725302965125,11.49902366656781,0.0,0.0,5.907179729351506,0.0,9.77851570501903,0.0,0.0,0.0,6.06636706846161,48.73693007985707,17.146519277774868,23.877336025274353,14.637927532712578,22.497490936116126,0.0,4.9839785209472085,5.733667477162185,13.847474399381248,12.84346501843972,47.1526663205505,22.6259266499618,16.20419790812442,5.687386274683562,11.49902366656781,0.0,23.10748318641695,0.0,13.847474399381248,21.48489165916281,30.462311845459514,0.0,22.02982791547505,111.46000000000001,5.907179729351506,9.901064578912528,0.0,17.000349599664464,27.779339748758954,11.126902983393991,0.0,44.49584658642767,6.923737199690624,4.9839785209472085,16.20419790812442,5.39483733308138,0.0,16.36259400982615,10.780293839758125,15.66940428949358,0.06180432203745756,6.711907045225497,1.6126100718065004,3.698622921390778,1.5412595007138656,0.15789473684210525,25,5,6,0,0,0,1,2,1,3,0,5,3,6,1,3,0,0,0,0,0,3.9615776443131363,3,2.91394,97.80010000000001,0,0,1,1,0,1,1,1,0,1,0,2,0,0,0,0,0,1,1,1,2,1,0,1,0,0,0,0,1,0,0,0,1,1,0,1,1,0,0,0,0,0,0,0
COc1ccnc2c(-c3ccc(F)c4[nH]ncc34)c(N)c(=O)[nH]c12,7.452225295,13.921688429248853,13.921688429248853,0.002443310657596065,-0.46780565003779295,0.523194609699938,11.25,325.30300000000005,313.20700000000005,325.097502844,120,0.2719148353418475,-0.4944337313208712,0.4944337313208712,0.2719148353418475,1.25,2.0833333333333335,2.875,19.142190563142766,9.98878704487508,2.1887800043557957,-2.1180521192961828,2.3644837827121976,-2.141098695205801,6.065364527406656,0.41821280476260114,3.075003302756634,2.203163845815338,1148.578638872448,16.844570503761737,12.552989860074625,12.552989860074625,11.613392202930196,7.079132532067352,7.079132532067352,5.233241824772838,5.233241824772838,3.9559634091545295,3.9559634091545295,2.8391635411513825,2.8391635411513825,-3.42,517107.9304080694,14.190024452516145,5.0514575123287075,1.858858648002723,133.83381986517614,15.454508951909443,33.80422110186215,0.0,0.0,5.559266895052007,0.0,14.877197513320066,4.39041504767482,5.098681808301038,0.0,6.06636706846161,11.629818560158606,23.212886346236477,13.30664111289061,9.127278001474869,27.623712641997145,0.0,20.16532065849649,0.0,0.0,12.84346501843972,46.7638132687807,16.876414816677897,16.02979732601424,10.077801322358383,5.749511833283905,0.0,27.275118199774024,0.0,5.817220841045895,0.0,35.3873255326828,0.0,33.06322935070757,109.67999999999998,11.376487736097902,9.184952231746642,0.0,11.204086992299825,33.29604046637522,0.0,19.37300818135222,18.329577708536295,0.0,20.16532065849649,10.470530430962235,19.197017988541706,0.0,19.27773565444696,6.99540060468632,7.655067266103974,0.021672650541698202,4.483873588015452,3.0405697278911563,0.0,1.4953291864393956,0.0625,24,4,7,0,0,0,0,1,3,4,0,5,3,8,3,2,0,0,0,0,0,2.9866794008662807,4,2.1962999999999995,88.3738,0,0,1,4,2,0,0,0,0,2,2,1,0,0,2,0,0,0,1,0,1,2,0,1,1,0,0,0,1,0,0,0,0,0,0,0,2,0,0,0,0,0,0,0
COc1ccnc2c(-c3cccc(O)c3C)c(N)c(C(N)=O)cc12,7.301029996,11.832097505668933,11.832097505668933,0.13187423889308847,-0.6394794028722599,0.6414742200145528,10.75,323.3520000000001,306.216,323.126991404,122,0.2503388492303425,-0.5076640636830765,0.5076640636830765,0.2503388492303425,1.2916666666666667,2.0416666666666665,2.7083333333333335,16.465719833192292,9.924639273188454,2.2023637137975687,-2.162879550416292,2.407329502470195,-2.143976519301112,6.115069378358746,0.10010267000253291,2.562299540720673,2.5200436004419506,967.3704805533235,17.43035694138864,13.32972592544465,13.32972592544465,11.45159616038172,7.292635008338538,7.292635008338538,5.4361317330302485,5.4361317330302485,4.095024261445315,4.095024261445315,2.8273390298049326,2.8273390298049326,-3.28,263496.63556955114,15.609425461218011,5.732699356537619,2.2849399436754267,138.2337186572046,21.310725302965125,11.49902366656781,0.0,0.0,5.907179729351506,0.0,9.77851570501903,0.0,0.0,0.0,12.13273413692322,36.249741388469445,17.146519277774868,23.877336025274353,14.637927532712578,22.497490936116126,0.0,4.9839785209472085,5.733667477162185,6.923737199690624,12.84346501843972,47.655581897315116,22.6259266499618,16.20419790812442,5.687386274683562,11.49902366656781,0.0,23.10748318641695,0.0,6.923737199690624,15.921440167465814,36.52867891392113,0.0,22.02982791547505,111.46000000000001,5.907179729351506,9.901064578912528,0.0,17.000349599664464,33.342791240455945,0.0,7.109797541277533,37.38604904515014,6.06636706846161,4.9839785209472085,16.20419790812442,5.3645971119929445,0.0,16.236555177626606,10.651775321239608,14.566962396069538,0.04939124569580988,8.387097899344923,1.603350812547241,1.7708855347694632,1.5360511673805324,0.1111111111111111,24,5,6,0,0,0,1,2,1,3,0,5,3,6,1,3,0,0,0,0,0,3.728505970726934,3,2.6055200000000003,93.06310000000002,0,0,1,1,0,1,1,1,0,1,0,2,0,0,0,0,0,1,1,0,2,1,0,1,0,0,0,0,1,0,0,0,1,1,0,1,1,0,0,0,0,0,0,0
COc1cnc(Nc2ccc(N3CCOCC3)cc2)nc1Nc1ccc(C)c(O)c1,5.769999749,9.943883839177206,9.943883839177206,0.2145640434399334,0.2145640434399334,0.5679951334588969,13.733333333333333,407.47400000000005,382.27400000000017,407.19573966,156,0.22890120301788985,-0.507606362066132,0.507606362066132,0.22890120301788985,1.0333333333333334,1.7666666666666666,2.466666666666667,16.478096018514464,10.177545915701476,2.1204885028117184,-2.2846086614527543,2.291907219768937,-2.3560821504694327,5.663013727944825,0.12246543435763942,2.7764988689429186,1.4984532439746512,1004.1548856054926,20.92407448406449,17.052580241190757,17.052580241190757,14.618524838379201,9.79648732676947,9.79648732676947,7.008151233600129,7.008151233600129,4.946653768486072,4.946653768486072,3.2000359868513746,3.2000359868513746,-3.5199999999999996,8555925.642588789,19.78162067422846,8.874517602794947,4.547088435638184,175.0495912749977,30.113740241303944,5.749511833283905,11.567374611118932,5.948339280986494,0.0,0.0,0.0,4.9839785209472085,4.9839785209472085,0.0,6.06636706846161,42.81902403369567,36.218038704337445,26.520405041916447,14.580253302440804,28.828360882872207,0.0,9.967957041894417,0.0,6.923737199690624,48.94656122099166,54.22486454254134,11.49902366656781,20.270349892663187,28.828360882872207,11.49902366656781,0.0,48.487558718863646,4.736862953800049,6.923737199690624,5.563451491696996,48.661413050844345,0.0,0.0,91.77000000000001,0.0,5.106527394840706,0.0,5.749511833283905,23.20310016678899,37.554114507231546,5.687386274683562,19.37300818135222,31.189205473537065,37.63417811768078,9.473725907600098,10.774399734545113,0.0,11.160813761929868,16.34072791585929,3.5612395228620857,1.6592179480113511,13.506702242371079,1.60497459130576,5.161816277388206,1.5634413390605808,0.2727272727272727,30,3,8,0,1,1,0,2,1,3,0,8,3,8,2,6,0,1,1,0,0,5.851744696175098,4,3.8230200000000023,117.46720000000003,0,0,0,2,0,1,0,0,0,3,2,0,0,0,0,0,0,0,5,1,2,0,0,2,0,0,0,0,1,1,0,0,1,1,0,0,0,0,0,0,0,0,0,0
CSc1cnc(Nc2ccc(N3CCOCC3)cc2)nc1Nc1cccc(O)c1,5.5149993770000005,9.682888468806835,9.682888468806835,0.20228135258581403,0.20228135258581403,0.5220012476410796,13.89655172413793,409.51500000000004,386.3310000000002,409.157245976,150,0.22871171139156396,-0.5078861404618108,0.5078861404618108,0.22871171139156396,1.0344827586206897,1.8275862068965518,2.5517241379310347,32.16640877739674,10.219430703722953,2.1150684921370946,-2.2846173976476063,2.2862376730419993,-2.356082455217194,7.983511174513833,0.12246548515886851,2.7519526629633875,1.494034719546837,961.5402068295796,20.05383099606141,16.129930510380383,16.94642709130811,14.207841235856241,9.379820660102801,10.604565531494393,6.557213766805637,7.405288462896949,4.583671696739656,5.322256523239542,3.0965509826872335,3.5446886139958926,-2.9699999999999998,5723004.7891412685,19.35092793882438,9.019806296289525,4.903893995646815,173.69421395645944,25.376877287503895,11.567374611118932,0.0,5.948339280986494,0.0,0.0,0.0,4.9839785209472085,4.9839785209472085,11.761884949391115,6.06636706846161,42.65397159428106,42.414882275950525,18.109247404543613,9.843390348640755,40.59024583226332,0.0,9.967957041894417,0.0,4.895483475517775,48.09253286322553,54.727780119305955,5.749511833283905,15.533486938863138,28.828360882872207,5.749511833283905,11.761884949391115,47.63353036109751,4.736862953800049,0.0,0.0,59.623263594823726,0.0,0.0,82.54,0.0,5.106527394840706,0.0,5.749511833283905,11.766202058821523,42.573532765735884,5.687386274683562,36.15782972638902,24.454870388896232,37.63417811768078,4.736862953800049,5.411006112118182,1.558118614071966,12.262787025833633,16.193858059892214,2.8664544812817723,1.3922002891687122,15.192133481936308,3.760944222547411,3.3624977131498044,0.0,0.23809523809523808,29,3,7,0,1,1,0,2,1,3,0,8,3,8,2,6,0,1,1,0,0,6.018676609022519,4,4.2279000000000035,117.95920000000004,0,0,0,2,0,1,0,0,0,3,2,0,0,0,0,0,0,0,5,0,2,0,0,1,0,0,0,0,0,1,0,0,1,1,0,0,0,1,0,0,0,0,0,0
CSc1ncc2c(C(N)=O)c(N)n(-c3c(C)ccc(O)c3C)c2n1,7.0,11.89040021101033,11.89040021101033,0.13576029331485717,-0.64610119047619,0.49488541169332634,11.125,343.41200000000003,326.27600000000007,343.110295784,124,0.252702191054202,-0.507605372357566,0.507605372357566,0.252702191054202,1.3333333333333333,2.0416666666666665,2.6666666666666665,32.16642684916539,10.080441807144755,2.2378207241216517,-2.1489142316104566,2.351582136992671,-2.137451879197336,7.979902325552569,0.10023568663062278,2.8300647897880613,2.5073195570915336,980.4936026050746,17.593493648205172,13.49210230887569,14.308598889803415,11.362279762904679,7.166652061232139,8.391396932623728,5.4290771738375145,6.202473835971488,3.981443029583625,4.543287749510208,2.8205177732004936,3.1563871246315887,-2.7399999999999993,264492.19512401265,16.1295674675377,5.716055107304026,2.263890958404269,142.24700545601573,16.573862349165076,11.567374611118932,10.803613702588436,0.0,5.907179729351506,0.0,9.361636831863176,9.967957041894417,0.0,0.0,17.828252017852726,31.733062143051256,11.760295063310071,16.637061980845353,9.901064578912528,34.52032889181017,0.0,14.53505668968577,5.733667477162185,19.003910881201953,11.98943666067359,35.01993218362728,11.436898107967467,11.46733495432437,5.817862777835028,5.749511833283905,11.761884949391115,31.804532997389384,0.0,13.847474399381248,21.48489165916281,23.486014190357004,0.0,16.720787709916085,120.05000000000001,5.907179729351506,9.901064578912528,0.0,17.130826102815927,27.440675683433785,5.563451491696996,11.761884949391115,29.820414556018275,13.179506383202028,9.967957041894417,11.46733495432437,1.6539814814814813,1.3806597484672878,20.586374480347697,11.117810951541111,14.602789194381456,-0.3280695441756942,3.3997068163685227,3.408957283530696,3.677789588057445,0.0,0.1875,24,5,7,0,0,0,1,1,2,3,0,6,3,8,2,3,0,0,0,0,0,3.841562354225989,3,2.1459399999999995,94.71510000000002,0,0,1,3,0,1,1,1,0,3,0,2,0,0,0,0,0,1,1,1,1,1,0,0,0,0,0,0,0,0,0,0,1,1,0,1,0,1,0,0,0,0,0,0
Cc1c(C(C)C)cnc2c(-c3ccc(F)c4[nH]ncc34)c(N)c(=O)[nH]c12,8.2101082015,14.028864737788798,14.028864737788798,0.051671390778534,-0.41648026314647857,0.5133090008001552,11.73076923076923,351.3850000000001,333.24100000000004,351.14953841600004,132,0.271821016138087,-0.3936911252539867,0.3936911252539867,0.271821016138087,1.1923076923076923,1.9615384615384615,2.6923076923076925,19.142190628853772,9.94733971369454,2.1968695611242866,-2.151769019556523,2.3641987520180203,-2.1494376582826376,6.062111657724919,0.6361369056611091,3.087129749140523,2.1707708469929567,1222.2757756021733,18.585057479767894,14.644741569610764,14.644741569610764,12.39675460551533,8.32680243601229,8.32680243601229,6.7132708287774365,6.7132708287774365,4.822860866794073,4.822860866794073,3.4566210533623667,3.4566210533623667,-3.22,1067776.4376327242,16.259367398907386,5.655285296213777,2.200780484392814,147.8151009788591,10.717645998109393,17.02130783334572,0.0,0.0,5.559266895052007,0.0,14.877197513320066,4.39041504767482,5.098681808301038,0.0,19.913841467842857,35.59836478940461,17.146519277774868,17.2302450068456,4.39041504767482,27.623712641997145,0.0,20.16532065849649,0.0,26.689117645233264,5.733667477162185,51.82434918371309,11.126902983393991,11.29293437221419,10.077801322358383,0.0,0.0,20.16532065849649,0.0,12.740958040736519,30.892283428936633,29.320958464221192,0.0,33.06322935070757,100.44999999999999,5.817220841045895,9.184952231746642,0.0,22.681259933513225,27.546528633091313,11.126902983393991,12.263210640074686,12.263210640074686,6.923737199690624,34.01279505787774,5.733667477162185,14.028864737788798,0.0,19.92097072625346,7.118395996139503,10.393588251658688,-0.14999247720973896,2.933317848744436,3.328603421306794,6.092918161984721,0.0,0.21052631578947367,26,4,6,0,0,0,0,1,3,4,0,4,3,7,3,2,0,0,0,0,0,3.536590822183792,4,3.6195200000000005,100.64780000000002,0,0,1,4,2,0,0,0,0,2,2,1,0,0,2,0,0,0,1,1,1,2,0,0,1,0,0,0,0,0,0,0,0,0,0,0,2,0,0,0,0,0,0,0
Cc1c(C2CC2)cnc2c(-c3ccc(F)c4[nH]ncc34)c(N)c(=O)[nH]c12,8.102930322,14.035809182233244,14.035809182233244,0.067296390778534,-0.40821580033656146,0.5163301932436242,14.384615384615385,349.36900000000014,333.24100000000004,349.13388835200004,130,0.2718210161459996,-0.39369112525398664,0.39369112525398664,0.2718210161459996,1.2307692307692308,2.0384615384615383,2.8076923076923075,19.142190723870964,9.965616141299762,2.2728063412719175,-2.135600673951137,2.4327819178809187,-2.1474436703677293,6.062322557309284,0.6361374961770769,3.3362074343562633,1.9117607087896815,1252.4831697988507,17.99927104214099,14.058955131983858,14.058955131983858,12.558550648063804,8.488598478560764,8.488598478560764,6.8328439846464875,6.8328439846464875,5.218029073682999,5.218029073682999,3.6804701934544104,3.6804701934544104,-3.22,1920828.1027454874,15.067747201354663,5.138867279476129,1.9986147486248642,146.80926982532986,10.717645998109393,17.02130783334572,0.0,0.0,5.559266895052007,0.0,14.877197513320066,4.39041504767482,5.098681808301038,0.0,6.06636706846161,48.44000803525663,17.146519277774868,17.2302450068456,4.39041504767482,27.623712641997145,0.0,20.16532065849649,0.0,25.683286491704035,5.733667477162185,51.82434918371309,11.126902983393991,11.29293437221419,10.077801322358383,0.0,0.0,20.16532065849649,0.0,12.740958040736519,29.886452275407404,29.320958464221192,0.0,33.06322935070757,100.44999999999999,5.817220841045895,9.184952231746642,0.0,16.763353887351833,33.464434679252705,23.968546229246012,12.263210640074686,6.06636706846161,13.1205807713037,20.16532065849649,5.733667477162185,14.035809182233244,0.0,20.00437350403124,7.147270600771683,10.729389146090535,0.10827198560017792,2.9556635277567818,5.694143580769212,1.9917451394137902,0.0,0.21052631578947367,26,4,6,1,0,1,0,1,3,4,0,4,3,7,3,2,1,0,1,0,0,2.978121271863827,5,3.37352,98.53380000000001,0,0,1,4,2,0,0,0,0,2,2,1,0,0,2,0,0,0,1,1,1,2,0,0,1,0,0,0,0,0,0,0,0,0,0,0,2,0,0,0,0,0,0,0
Cc1c(C2CC2)nc(Cl)c2c(-c3ccc(F)c4[nH]ncc34)c(N)c(=O)[nH]c12,8.0,14.092307810491132,14.092307810491132,0.012851946334089481,-0.43482436042726413,0.45478753614916145,14.333333333333334,383.8140000000001,368.6940000000001,383.09491600000007,136,0.27172322926770165,-0.393736747782681,0.393736747782681,0.27172322926770165,1.2962962962962963,2.074074074074074,2.814814814814815,35.49569702525255,9.95400617098335,2.2954552903677907,-2.1536426948061607,2.448850642169392,-2.149011638369279,6.357049231386312,0.636139342438691,3.3609529081126848,1.9572868901959046,1305.4286092050281,18.869514530144066,14.359569335803458,15.115498281821912,12.969234250586762,8.604313488473382,8.982277961482609,6.933550248408981,7.291563335859299,5.234663810917282,5.508161472894746,3.7317121109692795,4.011747063857745,-2.93,2814273.7518907078,16.25872382380605,5.531935970321343,2.2767746803969584,157.11253605221157,10.717645998109393,22.17441765023851,0.0,0.0,5.559266895052007,0.0,9.893218992372859,9.374393568622029,5.098681808301038,0.0,17.667306958694127,36.958650497398246,22.25380596678798,17.407472284077798,4.39041504767482,39.09417602907819,0.0,20.16532065849649,0.0,25.683286491704035,5.733667477162185,50.91109193214427,11.126902983393991,11.29293437221419,10.077801322358383,0.0,11.600939890232516,20.16532065849649,0.0,12.740958040736519,30.01692877855887,23.12411489260812,5.153109816892792,32.9327528475561,100.44999999999999,11.376487736097902,9.184952231746642,0.0,16.357196809192615,33.333958176101234,24.099022732397476,12.263210640074686,6.06636706846161,6.923737199690624,20.16532065849649,17.3346073673947,14.092307810491132,6.5555564391394405,20.03362638573948,7.92000153110678,9.443562111573025,-0.05722546337941359,2.8961220815486683,3.6365570507868488,1.9239364974384816,0.0,0.21052631578947367,27,4,6,1,0,1,0,1,3,4,0,4,3,8,3,2,1,0,1,0,0,3.331193301941973,5,4.026920000000002,103.54380000000002,0,0,1,4,2,0,0,0,0,2,2,1,0,0,2,0,0,0,1,1,1,2,0,0,2,0,0,0,0,0,0,0,0,0,0,0,2,0,0,0,0,0,0,0
Cc1c(O)ccc(Cl)c1-n1c(N)c(C(N)=O)c2nc3ccccc3nc21,7.210108201500001,12.03201278659612,12.03201278659612,0.04168829260099138,-0.7178150982615261,0.5027456890756429,11.307692307692308,367.79600000000005,353.68400000000014,367.083602368,130,0.25425045689277087,-0.5076038710052075,0.5076038710052075,0.25425045689277087,1.1538461538461537,1.8076923076923077,2.4615384615384617,35.495691939176744,10.147743450656138,2.25188599356502,-2.136486334711446,2.369775500487496,-2.137879866238183,6.324923724754235,0.10022410941230754,2.8808280295998507,2.23206628481568,1215.6235791875044,18.58505747976789,13.69386929898993,14.449798245008385,12.396754605515326,7.747344904638589,8.125309377647817,5.884554278714047,6.291754405454654,4.320968234088907,4.625962935483805,3.0618099766115816,3.3510561582977645,-3.3199999999999994,948852.5664532436,16.16484583806446,5.6027140576763355,2.1752520087655225,152.37894196047415,16.573862349165076,22.64752682043219,5.647177220767728,0.0,5.907179729351506,0.0,9.361636831863176,9.967957041894417,0.0,0.0,23.733674027155736,31.18920547353706,5.563451491696996,21.74342102365741,9.901064578912528,45.52326177103556,0.0,14.53505668968577,5.733667477162185,6.923737199690624,5.733667477162185,52.547738707904976,11.436898107967467,11.46733495432437,5.817862777835028,5.749511833283905,11.600939890232516,25.54876381387798,0.0,6.923737199690624,15.921440167465814,36.39820241076966,5.022633313741326,27.884665648300075,120.05000000000001,5.907179729351506,9.901064578912528,0.0,22.64752682043219,32.95404973612214,0.0,10.633466716252965,25.122838405075452,12.13273413692322,9.967957041894417,23.068274844556885,1.5062037037037035,6.3635875255451975,21.15211892164273,10.438603801101097,14.624295949861429,-0.608158173763331,10.273113955960577,0.0,1.694678760393046,0.0,0.05555555555555555,26,5,7,0,0,0,1,2,2,4,0,5,3,8,2,2,0,0,0,0,0,3.4833465006574826,4,2.9222200000000003,100.7131,0,0,1,3,0,1,1,1,0,3,0,2,0,0,0,0,0,1,1,0,2,2,0,0,1,0,0,0,0,0,0,2,1,1,0,1,0,0,0,0,0,0,0,0
Cc1c(O)cccc1-c1c(N)c(=O)[nH]c2cc(Cl)cnc12,7.643974143,12.020728458049884,12.020728458049884,0.0611318972033259,-0.4126763668430329,0.6441934652884499,10.952380952380953,301.733,289.637,301.061804304,106,0.2718139826871491,-0.5076640635549217,0.5076640635549217,0.2718139826871491,1.380952380952381,2.142857142857143,2.9047619047619047,35.49569142437077,9.9747466743664,2.1606531206087363,-2.120974072458106,2.349666457118212,-2.1379792622880225,6.30674505868817,0.47124160087229905,2.4419388303239713,2.489733098669067,918.6711724575644,15.14589989101247,11.144741569610762,11.900670515629217,9.986071002992368,6.247236341219209,6.625200814228437,4.742201194822762,5.178636975294747,3.4278325765871434,3.634531528999993,2.3314534081985965,2.4893573569640193,-2.53,60904.39636711017,13.452934264138138,4.785051513039337,2.114166921312801,124.57331270971996,15.824173392950097,11.436898107967467,0.0,0.0,5.559266895052007,0.0,9.77851570501903,0.0,0.0,0.0,23.733674027155736,30.183374320007832,11.760295063310071,16.05603474897385,5.106527394840706,28.3217276001486,0.0,9.967957041894417,0.0,6.923737199690624,5.733667477162185,51.40220073002166,16.876414816677897,11.29293437221419,5.687386274683562,5.749511833283905,11.600939890232516,15.074484436735123,0.0,6.923737199690624,5.563451491696996,35.25684902953134,5.022633313741326,22.160304418626517,92.0,5.559266895052007,9.901064578912528,0.0,11.436898107967467,32.74638922406484,0.0,6.196843571613076,31.18920547353706,0.0,9.967957041894417,17.3346073673947,0.0,5.9098646804400765,18.939850245653815,10.287585217729067,8.416266219450746,0.13360663195319344,6.677584517860642,1.4893606701940034,1.756992927829568,0.0,0.06666666666666667,21,4,5,0,0,0,0,1,2,3,0,4,3,6,2,1,0,0,0,0,0,3.065380164544426,3,2.83972,83.6239,0,0,1,2,1,1,0,0,0,1,1,1,0,0,1,0,0,0,1,0,1,1,0,0,1,0,0,0,0,0,0,0,1,1,0,0,2,0,0,0,0,0,0,0
Cc1c(O)cccc1-c1c(N)c(C(N)=O)cc2nccc(C#N)c12,7.301029996,11.755375960569413,11.755375960569413,0.08974631519274445,-0.6827621882086163,0.625596321466865,10.5,318.336,304.22400000000005,318.111675688,118,0.250392311369762,-0.5076640715474121,0.5076640715474121,0.250392311369762,1.3333333333333333,2.0833333333333335,2.75,16.255372745508936,9.901060375396701,2.2029340301501397,-2.161120025887111,2.401488034313364,-2.144588220523355,6.12072029867137,0.10009980442841945,2.5636835343383466,2.5776996763457496,1035.3486994794437,17.43035694138864,12.868691230480746,12.868691230480746,11.45159616038172,7.153869370392721,7.153869370392721,5.391193829858174,5.391193829858174,4.031317458379449,4.031317458379449,2.805023036091664,2.805023036091664,-3.59,262987.78431949625,15.311239944158608,5.556019574711535,2.1959271883666416,137.51275310916645,16.573862349165076,5.749511833283905,0.0,0.0,5.907179729351506,0.0,9.77851570501903,0.0,5.261891554738487,0.0,12.13273413692322,36.249741388469445,17.146519277774868,28.400211288486087,9.901064578912528,22.497490936116126,5.261891554738487,4.9839785209472085,5.733667477162185,6.923737199690624,5.733667477162185,53.21903338901212,22.94563612947017,11.46733495432437,5.687386274683562,5.749511833283905,0.0,15.99768564513942,0.0,18.254850067221383,21.48489165916281,36.52867891392113,0.0,22.02982791547505,126.02000000000001,5.907179729351506,15.162956133651015,0.0,17.000349599664464,33.15673089886904,0.0,12.263210640074686,31.18920547353706,0.0,11.053199833739482,11.46733495432437,0.0,0.0,15.990671689972284,19.9811790595868,14.408975261400858,-0.5930158730158719,10.160354702066012,1.4870567208364829,1.7314451058201057,0.0,0.05555555555555555,24,5,6,0,0,0,1,2,1,3,0,5,3,6,1,2,0,0,0,0,0,3.544564535118766,3,2.4686000000000003,91.22610000000002,0,0,1,1,0,1,1,1,0,2,0,2,0,0,0,0,0,1,1,0,2,1,0,0,0,0,0,0,0,0,1,0,1,1,0,1,1,0,0,0,0,0,0,0
Cc1c(O)cccc1-c1c(N)c(C(N)=O)nc2cccc(C#N)c12,7.301029996,11.720653738347192,11.720653738347192,0.05987717309145846,-0.7538732993197275,0.6687577026184598,10.5,318.336,304.22400000000005,318.111675688,118,0.26899318884837614,-0.5076640715166016,0.5076640715166016,0.26899318884837614,1.25,1.9583333333333333,2.625,16.25537415685334,9.917459015555593,2.2090440845017945,-2.158250871415792,2.395521855859631,-2.165277876359662,6.101898077160417,0.0996619246023189,2.5636835343383466,2.5776996763457496,1035.3486994794437,17.43035694138864,12.868691230480746,12.868691230480746,11.45159616038172,7.163935477134059,7.163935477134059,5.374537437613898,5.374537437613898,3.977562383227844,3.977562383227844,2.7848261232622677,2.7848261232622677,-3.59,262987.78431949625,15.311239944158608,5.556019574711535,2.1959271883666416,137.51275310916648,16.573862349165076,5.749511833283905,5.693927994848461,0.0,5.907179729351506,0.0,4.794537184071822,4.9839785209472085,5.261891554738487,0.0,18.19910120538483,36.249741388469445,10.949675706161791,22.836759796789092,9.901064578912528,22.497490936116126,5.261891554738487,4.9839785209472085,5.733667477162185,6.923737199690624,5.733667477162185,53.21903338901211,22.94563612947017,11.46733495432437,5.687386274683562,5.749511833283905,0.0,15.99768564513942,0.0,18.254850067221383,21.615368162314272,36.39820241076966,0.0,22.02982791547505,126.02000000000001,5.907179729351506,15.162956133651015,0.0,17.130826102815927,33.15673089886904,0.0,0.0,43.321939610460284,0.0,11.053199833739482,11.46733495432437,0.0,0.0,15.92863465293525,19.9811790595868,14.080919705845302,-0.664126984126983,12.1086151266062,0.0,1.7314451058201057,0.0,0.05555555555555555,24,5,6,0,0,0,1,2,1,3,0,5,3,6,1,2,0,0,0,0,0,3.544564535118766,3,2.4686000000000003,91.2261,0,0,1,1,0,1,1,1,0,2,0,2,0,0,0,0,0,1,1,0,2,1,0,0,0,0,0,0,0,0,1,0,1,1,0,1,1,0,0,0,0,0,0,0
Cc1c(O)cccc1-c1c(N)c(C(N)=O)nc2cccnc12,7.301029996,11.610784674981105,11.610784674981105,0.0016269841269838103,-0.7061952003023426,0.6682006485122534,10.772727272727273,294.31399999999996,280.202,294.111675688,110,0.2689954127588441,-0.5076640636210799,0.5076640636210799,0.2689954127588441,1.2272727272727273,2.0,2.727272727272727,16.255373762065503,9.960314521340715,2.1965661988552974,-2.141374802183874,2.373272020718769,-2.165019291913597,6.072428265640872,0.09966246891000759,2.4973733802931957,2.4852299069842445,906.0315490189762,15.853006672199017,11.868691230480746,11.868691230480746,10.502907755397976,6.633459232286407,6.633459232286407,4.934169678600974,4.934169678600974,3.587865661456091,3.587865661456091,2.461060023310985,2.461060023310985,-3.15,104987.07953414565,13.815788520262926,4.995962357893284,2.0136303959262167,125.97487929424764,16.573862349165076,5.749511833283905,5.693927994848461,0.0,5.907179729351506,0.0,9.77851570501903,4.9839785209472085,0.0,0.0,12.13273413692322,36.249741388469445,11.760295063310071,16.720787709916088,9.901064578912528,22.627967439267593,0.0,9.967957041894417,5.733667477162185,6.923737199690624,5.733667477162185,47.78605840046659,16.876414816677897,11.46733495432437,5.687386274683562,5.749511833283905,0.0,20.981664166086627,0.0,6.923737199690624,16.051916670617278,36.52867891392113,0.0,22.160304418626517,115.12,5.907179729351506,9.901064578912528,0.0,17.130826102815927,27.72375591032351,0.0,0.0,43.45241611361175,0.0,9.967957041894417,11.46733495432437,0.0,0.0,20.112112150415722,9.934389959687579,14.591480064247923,-0.5687707860922135,8.543612685815066,1.620063775510204,1.767112150415722,0.0,0.0625,22,5,6,0,0,0,1,1,2,3,0,5,3,6,2,2,0,0,0,0,0,3.137416335993079,3,1.99192,84.30610000000001,0,0,1,2,0,1,1,1,0,2,0,2,0,0,0,0,0,1,1,0,1,1,0,0,0,0,0,0,0,0,0,0,1,1,0,1,2,0,0,0,0,0,0,0
Cc1c(O)cccc1-n1c(N)c(C(N)=O)c2nc3ccccc3nc21,6.7614393725,11.980071176618795,11.980071176618795,0.11863273704543587,-0.6771877362055927,0.5195354688302479,11.24,333.351,318.2310000000001,333.12257472000005,124,0.2542504498767483,-0.5076057282520646,0.5076057282520646,0.2542504498767483,1.08,1.76,2.44,16.25544399150235,10.151646541265116,2.2373479377381305,-2.1149958243531195,2.331438520467139,-2.13660282774524,6.101938888135059,0.1002243361596232,2.862273408383369,2.203194996273832,1163.2685986098456,17.714813991764814,13.39325509517033,13.39325509517033,11.986071002992368,7.641696001467309,7.641696001467309,5.76570035107221,5.76570035107221,4.261707129897199,4.261707129897199,3.0022026129457795,3.0022026129457795,-3.6099999999999994,647371.8258677,14.949326786379796,5.201596018190083,2.0936700223441616,142.07567573359248,16.573862349165076,22.64752682043219,5.647177220767728,0.0,5.907179729351506,0.0,9.361636831863176,9.967957041894417,0.0,0.0,18.19910120538483,31.18920547353706,5.563451491696996,16.720787709916088,9.901064578912528,33.92232188080305,0.0,14.53505668968577,5.733667477162185,6.923737199690624,5.733667477162185,53.59147246262526,11.436898107967467,11.46733495432437,5.817862777835028,5.749511833283905,0.0,25.54876381387798,0.0,6.923737199690624,15.921440167465814,42.46456947923127,0.0,27.884665648300075,120.05000000000001,5.907179729351506,9.901064578912528,0.0,17.130826102815927,33.44811713999707,0.0,0.0,35.75630512132842,18.19910120538483,9.967957041894417,11.46733495432437,1.601111111111111,0.0,21.13112465356513,10.03032075331408,15.171094104308391,-0.41364192281850864,12.388368095682308,0.0,1.7582898715041573,0.0,0.05555555555555555,25,5,7,0,0,0,1,2,2,4,0,5,3,7,2,2,0,0,0,0,0,3.11041434746622,4,2.26882,95.7031,0,0,1,3,0,1,1,1,0,3,0,2,0,0,0,0,0,1,1,0,2,2,0,0,0,0,0,0,0,0,0,2,1,1,0,1,0,0,0,0,0,0,0,0
Cc1cc(C)c2[nH]c(=O)c(N)c(-c3ccc(F)c4[nH]ncc34)c2n1,7.774690718,13.9512168787268,13.9512168787268,0.050100151171579954,-0.41732607394809773,0.5012029316547564,11.458333333333334,323.331,309.219,323.11823828800004,120,0.27182089478705,-0.39369112388452,0.39369112388452,0.27182089478705,1.2083333333333333,2.0,2.7916666666666665,19.142190075423784,9.979249498647583,2.185224107975882,-2.1225522707219566,2.3550486950470466,-2.1450977036506282,6.0612515231685355,0.6361370590148685,3.016947744988514,2.239413932008398,1175.240870052409,17.007707210578268,13.067391300421138,13.067391300421138,11.469234250586762,7.3875098056358555,7.3875098056358555,5.800564644672532,5.800564644672532,4.167992936141038,4.167992936141038,3.0901070686673218,3.0901070686673218,-3.2199999999999998,420278.9225633699,14.37720340859335,4.887576364346145,1.9081041730169528,135.08521675006588,10.717645998109393,17.021307833345716,0.0,0.0,5.559266895052008,0.0,14.877197513320066,4.39041504767482,5.098681808301038,0.0,6.06636706846161,37.10711151969846,16.643603701010253,17.2302450068456,4.39041504767482,27.623712641997145,0.0,20.16532065849649,0.0,13.847474399381248,5.733667477162185,51.82434918371308,11.126902983393991,11.292934372214193,10.077801322358383,0.0,0.0,20.16532065849649,0.0,19.664695240427143,11.257379486545457,29.19048196106973,0.0,33.06322935070757,100.44999999999999,11.376487736097904,9.184952231746642,0.0,11.204086992299825,27.546528633091313,11.257379486545457,12.263210640074686,6.06636706846161,19.913841467842857,20.16532065849649,5.733667477162185,13.9512168787268,0.0,19.629928114764425,7.084649943310658,9.99961913160326,-0.41732607394809773,4.803985313261107,1.5167309145880574,3.7645291110271266,0.0,0.11764705882352941,24,4,6,0,0,0,0,1,3,4,0,4,3,7,3,1,0,0,0,0,0,2.9279033152182374,4,2.8045400000000003,91.2958,0,0,1,4,2,0,0,0,0,2,2,1,0,0,2,0,0,0,1,2,1,2,0,0,1,0,0,0,0,0,0,0,0,0,0,0,2,0,0,0,0,0,0,0
Cc1cc(Cl)c2c(-c3ccc(F)c4[nH]ncc34)c(N)c(=O)[nH]c2c1,8.0,13.94475084351497,13.94475084351497,0.029964096749811153,-0.42971395502645504,0.49194622587280407,11.458333333333334,342.76100000000014,330.6650000000001,342.068366904,120,0.27171277424535606,-0.3937375589736231,0.3937375589736231,0.27171277424535606,1.2916666666666667,2.0833333333333335,2.875,35.49569176613636,9.957533463306355,2.18530803372361,-2.128955963052797,2.388627137704675,-2.134474285131053,6.368031313270206,0.636139917501096,3.005164285020064,2.2413273030596526,1178.8505105268457,17.007707210578268,12.575492447120032,13.331421393138486,11.469234250586762,7.206628715830137,7.584593188839364,5.665727637353193,6.072927764093799,4.080736071488987,4.378827253111597,3.032509482451159,3.400903656341483,-2.86,414129.669461475,14.714631276130884,5.0720316588155745,1.9983505864581768,139.8038928816044,10.717645998109393,17.02130783334572,0.0,0.0,5.559266895052007,0.0,9.893218992372859,4.39041504767482,5.098681808301038,0.0,17.667306958694127,36.249741388469445,16.335899920626588,16.736177602970663,4.39041504767482,39.09417602907819,0.0,15.181342137549283,0.0,6.923737199690624,5.733667477162185,57.219421571067556,11.126902983393991,11.29293437221419,10.077801322358383,0.0,11.600939890232516,15.181342137549283,0.0,12.740958040736519,5.563451491696996,35.25684902953134,5.022633313741326,32.9327528475561,87.56,11.376487736097902,9.184952231746642,0.0,11.204086992299825,32.43868544368117,5.563451491696996,12.263210640074686,12.13273413692322,12.990104268152233,15.181342137549283,17.3346073673947,13.94475084351497,6.422963846546848,15.010411863819602,8.124931526622996,8.48680366591081,-0.42971395502645504,6.501217561098514,1.5022869425547998,1.8807921494023587,0.0,0.058823529411764705,24,4,5,0,0,0,0,2,2,4,0,3,3,7,2,1,0,0,0,0,0,3.109711486680569,4,3.754520000000002,93.77380000000001,0,0,1,3,2,0,0,0,0,1,2,1,0,0,2,0,0,0,1,1,2,2,0,0,2,0,0,0,0,0,0,0,0,0,0,0,1,0,0,0,0,0,0,0
Cc1cc(F)c2[nH]ncc2c1-c1c(N)c(=O)[nH]c2cc(Cl)cnc12,6.277859875,14.11929267031269,14.11929267031269,0.008824640967498132,-0.456540217939027,0.4939051836280233,11.458333333333334,343.749,332.661,343.06361587200007,120,0.27181436519763535,-0.3936909865125013,0.3936909865125013,0.27181436519763535,1.25,2.0416666666666665,2.8333333333333335,35.495691599637674,9.945282156000182,2.2000728030750465,-2.1294353133895023,2.3762980212440543,-2.140058066025772,6.30723840611942,0.6350639031028109,3.0033877143562138,2.2456670345940672,1180.7277383536648,17.007707210578268,12.445355773430364,13.20128471944882,11.46923425058676,7.06642593539913,7.444390408408358,5.501467549193063,5.9379033296650485,3.988364803323059,4.195063755735909,2.954019112294352,3.1119230610597755,-2.9299999999999997,414794.8738420223,14.648970351845616,5.035968500230694,1.9806415523233987,139.02354086255093,10.717645998109393,17.02130783334572,0.0,0.0,5.559266895052007,0.0,14.877197513320066,4.39041504767482,5.098681808301038,0.0,11.600939890232516,24.619922828310838,22.709970769471862,22.252878320586923,4.39041504767482,39.224652532229655,0.0,20.16532065849649,0.0,6.923737199690624,5.733667477162185,51.28353100575741,11.126902983393991,11.29293437221419,10.077801322358383,0.0,11.600939890232516,20.16532065849649,0.0,12.740958040736519,5.563451491696996,29.320958464221192,5.022633313741326,33.063229350707566,100.45,11.376487736097902,9.184952231746642,0.0,11.204086992299825,38.132613438529624,0.0,18.460054211687762,12.990104268152233,0.0,20.16532065849649,17.3346073673947,14.11929267031269,5.958440980760905,19.206063318846056,7.443202947845807,8.45575342585594,-0.4236378023431595,2.970118951387139,2.971920727653201,1.7432892241258642,0.0,0.0625,24,4,6,0,0,0,0,1,3,4,0,4,3,8,3,1,0,0,0,0,0,3.073823052196161,4,3.14952,91.56879999999998,0,0,1,4,2,0,0,0,0,2,2,1,0,0,2,0,0,0,1,1,1,2,0,0,2,0,0,0,0,0,0,0,0,0,0,0,2,0,0,0,0,0,0,0
Cc1cc(Nc2ncc3cc(-c4c(Cl)cccc4Cl)c(=O)n(C)c3n2)ccc1F,6.641017396,13.461794230830785,13.461794230830785,0.28261423154099874,-0.2887597271588973,0.46781581818952517,11.068965517241379,429.28200000000015,414.16200000000015,428.06069468000004,146,0.2594296514204327,-0.32411172107506786,0.32411172107506786,0.2594296514204327,1.103448275862069,1.8275862068965518,2.5172413793103448,35.49683663516473,10.060823259944595,2.1587287077443285,-2.1193529151523838,2.3336352406218897,-2.200197781059668,6.387708918387854,0.6185504368155195,2.6859218977962365,1.8165796825566412,1300.056877072208,20.706377823327536,15.502584649508426,17.01444254154534,13.846244348298509,8.692593540096103,9.448522486114557,6.580361664910016,7.394761918391228,4.59469552736884,5.224636315717551,3.092717495191076,3.693762240027179,-2.9599999999999986,3550291.8533355324,19.360492680372474,7.461199124567627,3.5675512780653054,175.3095078619297,5.316788604006331,11.464398061813622,0.0,5.948339280986494,5.559266895052007,0.0,9.361636831863176,9.374393568622029,4.9839785209472085,0.0,29.268246848926644,48.88539110215728,29.88157753513562,15.608718119179649,4.39041504767482,45.87100677136762,0.0,14.53505668968577,7.04767198267719,6.923737199690624,5.316788604006331,80.44115609019373,11.126902983393991,10.876055499058339,16.026140603344878,0.0,23.20187978046503,14.53505668968577,7.04767198267719,12.740958040736519,5.563451491696996,53.455950234916166,10.045266627482652,22.160304418626513,59.81,0.0,9.184952231746642,0.0,11.376487736097902,49.404748093476215,0.0,10.633466716252965,56.56645516475054,0.0,15.284745645900749,23.20187978046503,14.88550050655095,12.556723487850878,21.713528385795698,4.458077718238634,2.1542554659969557,0.004790355425577264,11.380580448526358,1.6058895502645503,1.6734536742004968,1.6227559627054577,0.09523809523809523,29,1,5,0,0,0,0,2,2,4,0,4,1,8,2,3,0,0,0,0,0,4.98112038062045,4,5.493420000000003,114.65470000000003,0,0,0,3,0,0,0,0,0,3,1,0,0,0,0,0,0,0,2,2,2,1,0,0,3,0,0,0,0,0,0,0,0,0,0,0,1,0,0,0,0,0,0,0
Cc1cc(O)cc(C)c1/C=C/c1cncc(C(N)=O)c1,5.447914240999999,11.10345334225926,11.10345334225926,0.2588356205149136,-0.4956069108594361,0.898096483373333,10.9,268.316,252.18799999999996,268.121177752,102,0.24978397071111233,-0.5079454000156383,0.5079454000156383,0.24978397071111233,1.15,1.8,2.4,16.254743028637048,10.009349101602748,2.02823768151805,-2.0591848104290764,2.223070283998129,-2.10641132543479,5.927744840607879,0.09996599605849023,2.3736484960719912,2.345967675978358,667.6213823028047,14.698306133819765,11.421477634980787,11.421477634980787,9.46923425058676,6.20288853635251,6.20288853635251,4.697774789638389,4.697774789638389,3.0648225709211134,3.0648225709211134,2.077896529624362,2.077896529624362,-2.62,27657.752276230844,13.803415241764657,5.567714864283082,3.0333352968398346,117.13889939555877,10.84019487200289,5.749511833283905,0.0,5.907179729351506,0.0,0.0,9.77851570501903,0.0,0.0,0.0,12.152040213667762,54.300381571554055,12.393687143226153,5.563451491696996,9.901064578912528,18.05921994301927,0.0,4.9839785209472085,5.733667477162185,13.847474399381248,0.0,58.41004580709596,5.749511833283905,5.733667477162185,0.0,5.749511833283905,0.0,15.99768564513942,0.0,13.847474399381248,32.6117946425568,30.592788348610984,0.0,12.152040213667762,76.21000000000001,5.907179729351506,9.901064578912528,0.0,5.749511833283905,5.563451491696996,22.253805966787983,6.196843571613076,24.395944776997908,25.99951461304901,4.9839785209472085,5.733667477162185,0.0,0.0,15.088502682983203,9.515588053020412,9.406655933085407,-0.2367712903445225,5.1174819958847735,6.905219580103237,3.8699897119341564,0.0,0.125,20,3,4,0,0,0,1,1,1,2,0,3,2,4,1,3,0,0,0,0,0,3.8426740109722366,2,2.6733400000000005,79.26370000000001,0,0,0,1,0,1,1,1,0,1,0,1,0,0,0,0,0,1,0,2,1,0,0,0,0,0,0,0,0,0,0,0,1,1,0,1,1,0,0,0,0,0,0,0
Cc1cc(O)cc(Nc2ccnc3cc(-c4ccccn4)ccc23)c1,5.6453442385,9.788340646931848,9.788340646931848,0.24842584432994075,0.24842584432994075,0.5523715632819658,10.76,327.38700000000006,310.25100000000003,327.137162164,122,0.11741359460234906,-0.5078757184451771,0.5078757184451771,0.11741359460234906,0.88,1.8,2.6,16.254764067952678,10.067955639054352,2.062517132272136,-2.1126361680337347,2.295353808833068,-1.934588834723201,5.945812259633367,0.4749770135532786,2.61329554065208,1.7522139915581587,1025.1226519460886,17.225403871315223,13.769844016775387,13.769844016775387,12.186673185801062,8.06798645454868,8.06798645454868,5.987655588137836,5.987655588137836,4.044503542936997,4.044503542936997,2.9404799569421254,2.9404799569421254,-3.399999999999999,737074.7806498378,15.146698393813207,6.2442368387829825,3.1454240519737313,145.37559007545389,10.423315998847038,5.749511833283905,0.0,0.0,0.0,0.0,9.967957041894417,0.0,0.0,0.0,18.19910120538483,48.88539110215728,40.784502467216676,11.210628712464722,5.106527394840706,22.277697481448183,0.0,9.967957041894417,0.0,6.923737199690624,5.316788604006331,78.62080931953926,17.00689131982936,5.316788604006331,11.374772549367124,5.749511833283905,0.0,15.074484436735123,0.0,6.923737199690624,5.563451491696996,73.05735782784225,0.0,22.160304418626517,58.04,0.0,5.106527394840706,0.0,5.749511833283905,0.0,39.098528459690634,0.0,24.526421280149375,55.4546737473835,15.284745645900749,0.0,0.0,0.0,8.881782809325648,14.177347796087808,5.6424260483039905,0.24842584432994075,19.36314787335721,3.567134617434526,1.9530683444942103,0.0,0.047619047619047616,25,2,4,0,0,0,0,2,2,4,0,4,2,4,2,3,0,0,0,0,0,3.7831828838633386,4,5.054420000000003,101.10050000000003,0,0,0,2,0,1,0,0,0,2,1,0,0,0,0,0,0,0,2,1,2,1,0,0,0,0,0,0,0,0,0,0,1,1,0,0,2,0,0,0,0,0,0,0
Cc1cc(O)ccc1-n1c(N)c(C(N)=O)c2nc3ccccc3nc21,5.075720714,11.976632390610565,11.976632390610565,0.13956301965230544,-0.6645717330141927,0.5195354688302479,11.24,333.351,318.23100000000005,333.12257472000005,124,0.2542504498069635,-0.5079538804009338,0.5079538804009338,0.2542504498069635,1.12,1.8,2.44,16.254735737280395,10.160288925501781,2.2338209205149955,-2.108832750743638,2.320895227782092,-2.1365031946167035,6.101758372810197,0.10022358559325704,2.840164416901761,2.1789527219958,1163.2685986098456,17.714813991764814,13.39325509517033,13.39325509517033,11.969234250586762,7.635712937323602,7.635712937323602,5.815225675899812,5.815225675899812,4.165472615173827,4.165472615173827,3.0388696610494716,3.0388696610494716,-3.6099999999999994,617048.4408872428,14.949326786379796,5.201596018190083,2.1685852278175317,142.07567573359248,16.573862349165076,22.64752682043219,5.647177220767728,0.0,5.907179729351506,0.0,9.361636831863176,9.967957041894417,0.0,0.0,12.13273413692322,42.81902403369567,0.0,16.720787709916088,9.901064578912528,33.92232188080305,0.0,14.53505668968577,5.733667477162185,6.923737199690624,5.733667477162185,53.59147246262526,11.436898107967467,11.46733495432437,5.817862777835028,5.749511833283905,0.0,25.54876381387798,0.0,6.923737199690624,15.921440167465814,42.46456947923127,0.0,27.884665648300075,120.05000000000001,5.907179729351506,9.901064578912528,0.0,17.130826102815927,27.884665648300075,5.563451491696996,0.0,22.766200853176187,31.18920547353706,9.967957041894417,11.46733495432437,1.6424999999999998,0.0,21.147822394389856,9.659172150367137,15.513539724531789,-0.3501849565711388,12.221731186148574,0.0,1.8320861678004534,0.0,0.05555555555555555,25,5,7,0,0,0,1,2,2,4,0,5,3,7,2,2,0,0,0,0,0,3.11041434746622,4,2.26882,95.7031,0,0,1,3,0,1,1,1,0,3,0,2,0,0,0,0,0,1,1,1,2,2,0,0,0,0,0,0,0,0,0,2,1,1,0,1,0,0,0,0,0,0,0,0
Cc1cc2[nH]c(=O)c(N)c(-c3ccc(F)c4[nH]ncc34)c2nc1C,7.838673314,13.940021762582187,13.940021762582187,0.048482615268329976,-0.4176372879398673,0.5012029316547563,11.458333333333334,323.33100000000013,309.21900000000005,323.11823828800004,120,0.2718136734244303,-0.39369112593771405,0.39369112593771405,0.2718136734244303,1.25,2.0416666666666665,2.8333333333333335,19.14219007531304,9.98374350637372,2.181010975095679,-2.1182446706542177,2.3516331547718634,-2.1413643576363515,6.057041002951583,0.6361375105032537,3.029987048235316,2.2143878323723807,1175.240870052409,17.007707210578268,13.067391300421138,13.067391300421138,11.469234250586764,7.3875098056358555,7.3875098056358555,5.78326859867394,5.78326859867394,4.299133902313433,4.299133902313433,2.914683774599387,2.914683774599387,-3.22,429227.9652530149,14.37720340859335,4.887576364346145,1.9081041730169528,135.08521675006588,10.717645998109393,17.021307833345716,0.0,0.0,5.559266895052008,0.0,14.877197513320066,4.39041504767482,5.098681808301038,0.0,6.06636706846161,37.10711151969846,16.643603701010253,17.2302450068456,4.39041504767482,27.623712641997145,0.0,20.16532065849649,0.0,13.847474399381248,5.733667477162185,51.82434918371309,11.126902983393991,11.292934372214193,10.077801322358383,0.0,0.0,20.16532065849649,0.0,19.664695240427143,11.257379486545457,29.19048196106973,0.0,33.06322935070757,100.44999999999999,11.376487736097904,9.184952231746642,0.0,11.204086992299825,27.546528633091313,11.257379486545457,12.263210640074686,6.06636706846161,19.913841467842857,20.16532065849649,5.733667477162185,13.940021762582187,0.0,19.600255968127993,7.078083060384648,10.037782528134715,-0.4176372879398673,4.773892431972788,1.5151365268329553,3.8057983432379174,0.0,0.11764705882352941,24,4,6,0,0,0,0,1,3,4,0,4,3,7,3,1,0,0,0,0,0,2.9279033152182374,4,2.8045400000000003,91.2958,0,0,1,4,2,0,0,0,0,2,2,1,0,0,2,0,0,0,1,2,1,2,0,0,1,0,0,0,0,0,0,0,0,0,0,0,2,0,0,0,0,0,0,0
Cc1cc2[nH]c(=O)c(N)c(-c3ccc(F)c4[nH]ncc34)c2nc1C#CC(C)(C)N,7.4867824,14.122025864249752,14.122025864249752,0.012939696712017668,-0.6846733726714338,0.3716728997496695,11.620689655172415,390.42200000000025,371.27000000000015,390.1604374480001,146,0.27181368659953703,-0.39369112134324946,0.39369112134324946,0.27181368659953703,1.2758620689655173,2.0344827586206895,2.7586206896551726,19.142191541152524,9.981632545288974,2.1877419557539333,-2.122243862474756,2.3526236433476666,-2.289517072029659,6.058208832228657,0.6361338603189196,3.1287236119839834,2.105674994669044,1398.6978336075226,20.92192077295136,16.144741569610762,16.144741569610762,13.653685662454274,8.92618494023067,8.92618494023067,7.518153036285983,7.518153036285983,4.549133902313434,4.549133902313434,3.1695181664237384,3.1695181664237384,-3.7000000000000006,3424525.6571553973,18.653494237660606,6.4286785667295305,3.2158445747254305,164.88410129652434,16.45131347527158,22.715235828194178,0.0,0.0,5.559266895052008,0.0,9.893218992372859,9.374393568622029,5.098681808301038,0.0,11.986801387317254,49.951283038244725,10.949675706161791,22.769170259228943,4.39041504767482,27.623712641997145,0.0,20.16532065849649,5.733667477162185,26.310136851455216,5.733667477162185,51.82434918371309,22.967771621105282,17.026601849376377,10.077801322358383,0.0,0.0,25.704245910879834,0.0,24.581826678447808,25.104853885926705,29.19048196106973,0.0,33.06322935070757,126.46999999999998,16.91541298848125,9.184952231746642,0.0,11.204086992299825,33.24045662793977,5.563451491696996,12.263210640074686,25.98020853630447,6.923737199690624,32.00618929620778,11.46733495432437,14.122025864249752,0.0,19.885878784039633,7.050922109980101,14.428208816812525,5.511463538749343,4.650887851276108,1.4921222617069478,5.441824106518926,0.0,0.19047619047619047,29,6,7,0,0,0,0,1,3,4,0,5,4,8,3,1,0,0,0,0,0,4.1350799517331565,4,2.5849200000000003,111.70320000000001,0,0,1,4,2,0,0,0,0,2,2,2,0,0,2,0,0,0,1,1,1,2,0,0,1,0,0,0,0,0,0,0,0,0,0,0,2,0,0,0,0,0,0,0
Cc1cc2[nH]c(=O)c(N)c(-c3ccc(F)c4[nH]ncc34)c2nc1C#CC(C)(C)O,7.747730589,14.110191544723124,14.110191544723124,0.037631054736709135,-1.1846733726714338,0.37182386728054684,11.620689655172415,391.40600000000023,373.26200000000017,391.144453036,146,0.2718136865995371,-0.3936911213432494,0.3936911213432494,0.2718136865995371,1.3103448275862069,2.0689655172413794,2.793103448275862,19.142191814899718,9.982020845469481,2.188315632630068,-2.120785377213811,2.3527149201735402,-2.1526342686772244,6.058197563222746,0.14340382730836068,3.1287236119839834,2.105674994669044,1400.5979681374129,20.92192077295136,16.014604895921096,16.014604895921096,13.653685662454274,8.861116603385835,8.861116603385835,7.355482194173898,7.355482194173898,4.532866818102226,4.532866818102226,3.1613846243181345,3.1613846243181345,-3.7000000000000006,3424525.6571553973,18.653494237660606,6.4286785667295305,3.2158445747254305,164.33844435170764,15.8241733929501,28.316286639177868,0.0,0.0,5.559266895052008,0.0,9.893218992372859,9.374393568622029,5.098681808301038,0.0,11.986801387317254,49.951283038244725,10.949675706161791,17.2302450068456,9.496942442515525,27.623712641997145,0.0,20.16532065849649,0.0,26.37226241005556,5.733667477162185,51.82434918371309,22.967771621105282,11.292934372214193,10.077801322358383,0.0,0.0,30.87289886432088,0.0,24.581826678447808,25.104853885926705,29.19048196106973,0.0,33.06322935070757,120.67999999999999,16.977538547081593,14.291479626587348,0.0,11.204086992299825,33.24045662793977,5.563451491696996,12.263210640074686,32.903945735995094,0.0,32.00618929620778,5.733667477162185,14.110191544723124,0.0,19.78910294483955,16.90525999574004,7.622727149635747,5.150352427638232,4.573542599125661,1.4755933360871132,4.956563335543869,0.0,0.19047619047619047,29,5,7,0,0,0,0,1,3,4,0,5,4,8,3,1,0,0,0,0,0,4.1350799517331565,4,2.6185200000000015,109.73460000000001,1,0,1,4,2,0,0,0,0,2,2,1,0,0,2,0,0,0,1,1,1,2,0,0,1,0,0,0,0,0,0,0,0,0,0,0,2,0,0,0,0,0,0,0
Cc1cc2[nH]c(=O)c(N)c(-c3ccc(F)c4[nH]ncc34)c2nc1C#CC(C)C,8.198752965499999,14.097778521492794,14.097778521492794,0.014564804316788749,-0.4340182694723642,0.4433126541735007,11.178571428571429,375.4070000000002,357.26300000000015,375.14953841600004,140,0.27181368659953686,-0.3936911213432496,0.3936911213432496,0.27181368659953686,1.2857142857142858,2.0714285714285716,2.8214285714285716,19.142191129705857,9.982403154386391,2.1855952461065513,-2.117071755564489,2.352494683685054,-2.14241172754205,6.058156591424492,0.6361373287920206,3.1345232640688074,2.122700296684485,1354.7174363697911,19.999271042140986,15.644741569610764,15.644741569610764,13.363081100704116,8.830885478609922,8.830885478609922,6.970503305475609,6.970503305475609,4.525309036908247,4.525309036908247,3.161929745220793,3.161929745220793,-3.6600000000000006,2684164.365057193,17.738841647807636,6.497787164615842,2.794225085580122,159.54421059951162,10.717645998109393,22.715235828194178,0.0,0.0,5.559266895052008,0.0,9.893218992372859,9.374393568622029,5.098681808301038,0.0,25.8342757866985,36.10380863886348,16.867581752323183,17.2302450068456,4.39041504767482,27.623712641997145,0.0,20.16532065849649,5.917906046161393,20.771211599071872,5.733667477162185,51.82434918371309,22.967771621105282,11.292934372214193,10.077801322358383,0.0,0.0,20.16532065849649,0.0,30.499732724609203,25.104853885926705,29.19048196106973,0.0,33.06322935070757,100.44999999999999,11.376487736097904,9.184952231746642,0.0,17.12199303846122,33.24045662793977,5.563451491696996,12.263210640074686,6.06636706846161,26.83757866753348,27.02221077526057,10.717645998109393,14.097778521492794,0.0,19.901912941906176,7.089210337371863,9.511345201916091,5.951442265279746,4.7240561486940456,1.5078178539934493,5.883103396012501,0.0,0.19047619047619047,28,4,6,0,0,0,0,1,3,4,0,4,3,7,3,1,0,0,0,0,0,4.116543484795621,4,3.5036200000000015,108.27480000000003,0,0,1,4,2,0,0,0,0,2,2,1,0,0,2,0,0,0,1,1,1,2,0,0,1,0,0,0,0,0,0,0,0,0,0,0,2,0,0,0,0,0,0,0
Cc1cc2[nH]c(=O)c(N)c(-c3ccc(F)c4[nH]ncc34)c2nc1CCCN(C)C,7.425968732,14.140607108111341,14.140607108111341,0.057595138363987664,-0.4146799592890653,0.4827638266834186,11.758620689655173,394.4540000000003,371.27000000000015,394.1917375760001,150,0.2718136734403237,-0.39369112593217076,0.39369112593217076,0.2718136734403237,1.2758620689655173,2.0689655172413794,2.8275862068965516,19.1421916286559,9.978781502217034,2.188015420364562,-2.1411450281329207,2.3542100637358927,-2.15545089825282,6.057250269406881,0.3992595014021335,3.1565201871981023,1.9650787058123358,1273.8727402905133,20.706377823327532,16.63592523948074,16.63592523948074,13.863081100704116,9.451718153245883,9.451718153245883,7.5513816951059045,7.5513816951059045,5.1697962182378525,5.1697962182378525,3.6766000496476585,3.6766000496476585,-3.2600000000000002,4349255.531213526,19.07367619562327,7.287919503555217,3.3561963883151478,166.30481887785572,15.617555728959871,17.021307833345716,0.0,0.0,5.559266895052008,0.0,14.877197513320066,4.39041504767482,5.098681808301038,0.0,6.06636706846161,63.6651179371268,16.643603701010253,17.2302450068456,4.39041504767482,27.623712641997145,0.0,25.06523038934697,0.0,19.765380445542643,26.37376784842914,51.82434918371309,11.126902983393991,11.292934372214193,10.077801322358383,0.0,0.0,45.70533076061392,6.4208216229260096,12.740958040736519,17.678201109471466,29.19048196106973,0.0,33.06322935070757,103.68999999999998,11.376487736097904,9.184952231746642,0.0,11.204086992299825,27.546528633091313,30.64377913831005,12.263210640074686,6.06636706846161,27.085448233506614,20.08125186839976,10.717645998109393,14.140607108111341,0.0,22.316122747130418,7.170280928639827,10.425740257918287,-0.4146799592890653,4.882206081506676,3.303966203165788,2.9358448937426207,4.073245072407437,0.2857142857142857,29,4,7,0,0,0,0,1,3,4,0,5,3,8,3,5,0,0,0,0,0,4.793359198295851,4,2.9903200000000014,113.43380000000002,0,0,1,4,2,0,0,0,0,3,2,1,0,0,2,0,0,0,1,2,1,2,0,0,1,0,0,0,0,0,0,0,0,0,0,0,2,0,0,0,0,0,0,0
Cc1cc2[nH]c(=O)c(N)c(-c3ccc(F)c4[nH]ncc34)c2nc1Cl,8.0,13.918910651471077,13.918910651471077,0.010159360040312038,-0.4437003880770416,0.4620287210469566,11.458333333333334,343.74900000000014,332.66100000000006,343.06361587200007,120,0.2718136899292776,-0.39369112018232855,0.39369112018232855,0.2718136899292776,1.3333333333333333,2.125,2.9166666666666665,35.4956969098502,9.987596728553017,2.1838507966321243,-2.113112449939899,2.356743397344259,-2.1392703947094613,6.303333850608136,0.6361380110448724,3.029987048235316,2.2143878323723807,1180.7277383536648,17.007707210578268,12.445355773430364,13.20128471944882,11.469234250586764,7.076492042140469,7.454456515149697,5.48866834464912,5.8466814320994365,3.9842962396887684,4.366902846784231,2.8002465410916195,2.9393164391234685,-2.93,429227.9652530149,14.648970351845616,5.035968500230694,1.9806415523233987,139.02354086255093,10.717645998109393,22.17441765023851,0.0,0.0,5.559266895052008,0.0,9.893218992372859,9.374393568622029,5.098681808301038,0.0,17.667306958694127,30.183374320007832,10.949675706161791,17.2302450068456,4.39041504767482,39.22465253222966,0.0,20.16532065849649,0.0,6.923737199690624,5.733667477162185,51.283531005757425,11.126902983393991,11.292934372214193,10.077801322358383,0.0,11.600939890232516,20.16532065849649,0.0,12.740958040736519,5.563451491696996,29.19048196106973,5.153109816892792,33.06322935070757,100.44999999999999,11.376487736097904,9.184952231746642,0.0,11.204086992299825,32.69963844998411,5.563451491696996,12.263210640074686,19.056471336613843,0.0,20.16532065849649,17.3346073673947,13.918910651471077,6.13911134206769,19.27405998047367,7.2891212539542565,8.43191735953641,-0.4437003880770416,4.565877976190476,1.4821504157218444,1.7869958531060623,0.0,0.0625,24,4,6,0,0,0,0,1,3,4,0,4,3,8,3,1,0,0,0,0,0,3.073823052196161,4,3.14952,91.56879999999998,0,0,1,4,2,0,0,0,0,2,2,1,0,0,2,0,0,0,1,1,1,2,0,0,2,0,0,0,0,0,0,0,0,0,0,0,2,0,0,0,0,0,0,0
Cc1cc2c(C(N)=O)c(N)n(-c3c(C)c(O)cc(F)c3C)c2nc1C,6.698970004,14.220057529184512,14.220057529184512,0.06592592592592572,-0.6923757558578985,0.6653426336549817,11.24,342.37400000000014,323.22200000000004,342.149204068,130,0.252643657218374,-0.5074949898322724,0.5074949898322724,0.252643657218374,1.2,1.84,2.44,19.14219459367044,10.069669481453616,2.2489957151884776,-2.1596265692454315,2.366049965176677,-2.139602295990752,6.1074749983128145,0.10023760593319796,2.7844276588778336,2.571681998614196,1027.3862888823965,18.62687384302478,14.437254626731468,14.437254626731468,11.645642165489813,7.716797975805298,7.716797975805298,6.197869581577524,6.197869581577524,4.6105418986092905,4.6105418986092905,3.0839816307197023,3.0839816307197023,-3.0899999999999994,325137.61772716464,16.756807901021556,5.474873528398274,2.308659685821197,143.4347249670268,16.573862349165076,23.031772672932554,0.0,0.0,5.907179729351506,0.0,9.361636831863176,9.374393568622029,0.0,0.0,0.0,39.32476735892109,28.273422261168857,11.250837766380558,14.291479626587348,22.758443942419056,0.0,9.551078168738563,5.733667477162185,27.694948798762496,5.733667477162185,45.89768893960555,11.436898107967467,11.46733495432437,10.208277825509848,5.749511833283905,0.0,20.564785292930775,0.0,33.51216963980839,32.742271145708266,12.13273413692322,0.0,16.720787709916085,107.16,11.7244005703974,14.291479626587348,0.0,22.694277594512922,22.28423920161308,17.323746555007066,4.567099647791355,19.913841467842857,13.847474399381248,4.9839785209472085,11.46733495432437,15.701539010665993,0.0,16.48607694003527,10.534138846896784,14.93668509070295,-1.4110635025615186,2.835626312253296,0.0,6.916997302007223,0.0,0.2222222222222222,25,5,6,0,0,0,1,1,2,3,0,4,3,7,2,2,0,0,0,0,0,3.669656159910319,3,2.784980000000001,94.5711,0,0,1,2,0,1,1,1,0,2,0,2,0,0,0,0,0,1,1,2,1,1,0,0,1,0,0,0,0,0,0,0,1,1,0,1,1,0,0,0,0,0,0,0
Cc1cc2c(C(N)=O)c(N)n(-c3c(C)ccc(O)c3C)c2nc1C,8.3785046265,11.965145502645502,11.965145502645502,0.1539894599815239,-0.6002201436130001,0.6732081214263773,11.166666666666666,324.3840000000001,304.224,324.15862588,124,0.2526436571661317,-0.5076053723577113,0.5076053723577113,0.2526436571661317,1.1666666666666667,1.8333333333333333,2.4583333333333335,16.255450426594187,10.079782716673508,2.2366526192208975,-2.1515898646438787,2.3556242651804196,-2.1374335090150303,6.107411564218217,0.10023816561248833,2.765071906590457,2.548590084604089,1002.4018996248255,17.756630355021702,14.136640422911867,14.136640422911867,11.234958562966852,7.611149072634017,7.611149072634017,6.096940418837961,6.096940418837961,4.498376180556185,4.498376180556185,3.0653505307092743,3.0653505307092743,-3.0199999999999996,220766.1060940887,15.859752401338886,5.263251057900122,2.105764609482386,139.2691895641006,16.573862349165076,17.21455183188666,0.0,0.0,5.907179729351506,0.0,9.361636831863176,4.9839785209472085,0.0,0.0,6.06636706846161,50.954585919079705,16.643603701010253,11.250837766380558,9.901064578912528,22.758443942419056,0.0,9.551078168738563,5.733667477162185,27.694948798762496,5.733667477162185,46.14683516702127,11.436898107967467,11.46733495432437,5.817862777835028,5.749511833283905,0.0,20.564785292930775,0.0,27.694948798762496,32.742271145708266,18.19910120538483,0.0,16.720787709916085,107.16,5.907179729351506,9.901064578912528,0.0,17.130826102815927,22.28423920161308,16.82083097824245,0.0,23.623570984405198,26.83757866753348,4.9839785209472085,11.46733495432437,1.7006481481481481,0.0,16.585995842781557,10.713297954984462,16.712621147224322,-0.21771216511295788,5.305438292600991,0.0,7.533044112706811,0.0,0.2222222222222222,24,5,6,0,0,0,1,1,2,3,0,4,3,6,2,2,0,0,0,0,0,3.4780774418492038,3,2.645880000000001,94.61310000000002,0,0,1,2,0,1,1,1,0,2,0,2,0,0,0,0,0,1,1,3,1,1,0,0,0,0,0,0,0,0,0,0,1,1,0,1,1,0,0,0,0,0,0,0
Cc1cc2c3c(N)ncnc3n(-c3c(C)ccc(O)c3C)c2nc1C,7.0,10.229623225833542,10.229623225833542,0.2374645166708662,0.2374645166708662,0.556345659930263,11.52,333.3950000000001,314.24300000000005,333.15896022800007,126,0.15192850238351077,-0.5076053723126753,0.5076053723126753,0.15192850238351077,1.0,1.76,2.52,16.255419147057513,10.080166323059007,2.208394216162879,-2.142422126156263,2.3638783951844595,-2.033093643750466,6.110830301178285,0.47039359792856783,2.871317632210086,2.301453041434221,1160.106850876052,17.877950698581348,14.62281932344792,14.62281932344792,11.89675460551533,8.081961167801552,8.081961167801552,6.429965390061897,6.429965390061897,4.8233240183996715,4.8233240183996715,3.3456550493013837,3.3456550493013837,-3.15,581496.3755575544,15.381927986429647,5.1733329502573175,2.068237741387722,144.52379514627575,10.84019487200289,23.541871906651203,5.647177220767728,0.0,0.0,0.0,4.567099647791355,14.951935562841626,0.0,0.0,6.06636706846161,50.954585919079705,16.643603701010253,11.073610489148358,5.106527394840706,27.88466564830007,0.0,19.51903521063298,0.0,27.694948798762496,5.733667477162185,46.910703750088814,11.436898107967467,5.733667477162185,5.817862777835028,5.749511833283905,0.0,24.625562605473686,0.0,27.694948798762496,22.38428246993945,24.52642128014937,0.0,27.754189145148608,89.85,0.0,5.106527394840706,0.0,5.749511833283905,11.465039998602755,44.49129439432033,6.3273200747645415,6.06636706846161,38.328415515015465,16.034324110356028,10.717645998109393,1.9717592592592592,0.0,13.431903502141598,11.932017405727722,12.31233392122281,0.6627073360208291,5.665506949693457,1.458556311413454,7.898548647854203,0.0,0.21052631578947367,25,3,6,0,0,0,0,1,3,4,0,5,2,6,3,1,0,0,0,0,0,3.183033395627267,4,3.4901800000000014,99.19120000000002,0,0,1,4,0,1,0,0,0,4,0,1,0,0,0,0,0,0,1,3,1,3,0,0,0,0,0,0,0,0,0,0,1,1,0,0,1,0,0,0,0,0,0,0
Cc1ccc(-c2c(N)c(=O)[nH]c3cc(Cl)cnc23)c2cn[nH]c12,7.206209615,12.204852686444948,12.204852686444948,0.12377362055933494,-0.3668642920131011,0.5004715799585487,11.391304347826088,325.75900000000007,313.663,325.07303768400004,114,0.27181418659129936,-0.39369112734584105,0.39369112734584105,0.27181418659129936,1.2608695652173914,2.0869565217391304,2.9130434782608696,35.49569152693742,9.975203488484098,2.168354722963522,-2.1075078402688305,2.352419452231462,-2.136146633241228,6.307156749565575,1.1135264416705808,3.0059617304749726,2.199703866474638,1128.6765382324718,16.13746372257519,12.144741569610764,12.900670515629217,11.058550648063802,6.960777032227851,7.338741505237079,5.381200819156094,5.817636599628079,3.946477411250275,4.153176363663124,2.827565626917485,2.985469575682908,-2.8599999999999994,290258.6706563938,13.778965852886007,4.822144302011884,1.9912256062588949,134.8580054596247,10.717645998109393,5.687386274683562,0.0,0.0,5.559266895052007,0.0,14.877197513320068,0.0,5.098681808301038,0.0,23.733674027155736,24.117007251546223,17.146519277774868,27.76957903820319,0.0,39.224652532229655,0.0,20.16532065849649,0.0,6.923737199690624,5.733667477162185,51.53267723317313,11.126902983393991,11.29293437221419,5.687386274683562,0.0,11.600939890232516,20.16532065849649,0.0,6.923737199690624,5.563451491696996,35.38732553268281,5.022633313741326,33.06322935070757,100.45000000000002,0.0,4.794537184071822,0.0,11.24665316973557,21.619486240670845,22.029827915475046,6.196843571613076,12.263210640074686,19.056471336613843,20.16532065849649,17.3346073673947,0.0,5.9767563241499015,19.276086939405392,8.407071523053668,10.331365434548307,0.0,5.542917042845945,3.2559022091346828,1.9876783046398847,0.0,0.0625,23,4,6,0,0,0,0,1,3,4,0,4,3,7,3,1,0,0,0,0,0,2.888876594570025,4,3.01042,91.61080000000001,0,0,1,4,2,0,0,0,0,2,2,1,0,0,2,0,0,0,1,1,1,2,0,0,1,0,0,0,0,0,0,0,0,0,0,0,2,0,0,0,0,0,0,0
Cc1ccc(-c2cc3c(Cl)c(-c4c(C)ccc(O)c4C)cnc3[nH]2)cn1,8.0,10.088585956725385,10.088585956725385,0.25208427529491906,0.25208427529491906,0.4886050656450829,11.23076923076923,363.84800000000007,345.704,363.11383987600004,130,0.13875619229879319,-0.5076637197502026,0.5076637197502026,0.13875619229879319,1.0,1.8076923076923077,2.5384615384615383,35.49569207493157,9.95413953648503,2.165622880993525,-2.127203858162555,2.3944414112103374,-1.9130964253398202,6.378183892776058,0.47105262508128776,3.060350932747787,1.910515224846473,1130.4127402155802,18.42192077295136,14.761057143836483,15.516986089854939,12.452397498181153,8.352268152674043,8.730232625683271,6.5209927429154755,6.898957215924703,4.72900921548521,5.136209342225815,3.2511051266266464,3.538448992947957,-2.85,1145305.7330715319,16.60944305722611,6.1464361539618695,2.629226514008583,156.06803876853505,10.090505915787915,11.396689054051633,0.0,0.0,0.0,0.0,4.9839785209472085,4.9839785209472085,0.0,0.0,17.667306958694127,61.7270343480093,40.294670330781855,5.022633313741326,5.106527394840706,22.634341325465037,0.0,14.951935562841626,0.0,20.771211599071872,0.0,64.56898677751798,28.13379430322335,0.0,0.0,5.749511833283905,11.600939890232516,20.05846295768233,0.0,20.771211599071872,16.82083097824245,42.7255224855342,5.022633313741326,33.41768390517197,61.800000000000004,0.0,5.106527394840706,0.0,5.749511833283905,5.022633313741326,50.238514883414425,0.0,12.263210640074686,51.233523444531386,14.951935562841626,11.600939890232516,0.0,6.741166768147587,12.203417442479491,11.557340943287912,7.178193204784231,0.25208427529491906,9.575073003620115,3.5887936856713916,5.848375121158796,0.0,0.14285714285714285,26,2,4,0,0,0,0,1,3,4,0,3,2,5,3,2,0,0,0,0,0,3.9264954347732894,4,5.576160000000004,105.64650000000002,0,0,0,3,1,1,0,0,0,2,1,0,0,0,1,0,0,0,0,2,1,1,0,0,1,0,0,0,0,0,0,0,1,1,0,0,2,0,0,0,0,0,0,0
Cc1ccc(C(=O)NCCO)cc1-n1cnc(OCc2ccc(F)cc2F)c(Cl)c1=O,5.0,13.757815476249663,13.757815476249663,0.07026158567714247,-0.7950195089775824,0.5782721069466515,10.741935483870968,449.8410000000002,431.6970000000002,449.09539017599997,162,0.28015839378473756,-0.4714445706560271,0.4714445706560271,0.28015839378473756,1.2580645161290323,2.032258064516129,2.7419354838709675,35.49569247403506,10.094699010357477,2.158196432775236,-2.1314032967190664,2.2143322518917765,-2.267429540104546,6.311661873408159,0.09444530114873886,2.745379776872507,1.8798757315766546,1183.7718178975392,22.543241116511005,16.36305130480617,17.118980250824624,14.811769505687861,9.154614743177264,9.532579216186491,6.544039236386098,6.922003709395325,4.392516504947325,4.71585070585512,2.755258090096564,2.9496602826868408,-3.2999999999999994,7202663.076652081,22.386664626058565,9.67212182373621,5.066861696667693,180.43459195022905,15.160178952647087,24.56864372136925,5.022633313741326,5.879988336435371,11.466446624403513,0.0,14.156174015934997,13.764808616296849,0.0,0.0,17.667306958694127,36.75265696523406,23.738026457768175,12.29426823919648,23.418757628062217,17.508119619584022,0.0,14.867866772744893,0.0,13.530619164203543,13.151638370425493,86.42675603558213,11.567374611118932,15.612918452858386,8.78083009534964,5.879988336435371,11.600939890232516,33.71642366335627,6.606881964512918,18.558178881782414,21.48489165916281,47.52005966960602,5.022633313741326,5.687386274683562,93.45000000000002,23.1008883064953,18.369904463493285,0.0,41.7880449685091,11.250837766380558,16.699833784714574,18.460054211687762,19.056471336613843,0.0,10.30076712495354,21.44433023887327,33.27245347613613,6.121072480976881,28.941148485322014,11.039395798331059,0.7641033133543411,-2.135326348237575,7.761308269785439,1.182843574158058,1.3307787279514318,0.0,0.19047619047619047,31,2,7,0,0,0,1,2,1,3,0,5,2,10,1,7,0,0,0,0,0,6.984727338398853,3,2.773620000000001,109.69000000000004,1,1,0,2,0,0,1,1,0,2,1,0,0,0,0,0,0,1,0,1,2,0,0,1,3,0,0,0,0,0,0,0,0,0,0,0,0,0,0,0,0,0,0,0
Cc1ccc(C(F)F)cc1-n1c(N)c(C(N)=O)c2nc3ccccc3nc21,4.698970004,13.208070893519125,13.208070893519125,0.01603930461073344,-2.643586980833553,0.5786901543029473,11.555555555555555,367.3590000000001,352.23900000000015,367.12446654000007,136,0.26342481311969695,-0.38402685298445827,0.38402685298445827,0.26342481311969695,1.1111111111111112,1.7777777777777777,2.4074074074074074,19.279718984931783,10.105755038991015,2.2411378317059967,-2.125862736503259,2.329751996917701,-2.1375421298313255,6.1018204601556,0.10021449205279376,2.9064055437254863,2.149791286411454,1215.8970238469467,19.292164260954436,14.279320714878452,14.279320714878452,12.87991785310972,8.13721705464042,8.13721705464042,6.19105661960621,6.19105661960621,4.470265209580855,4.470265209580855,3.151400153982393,3.151400153982393,-3.5499999999999994,1535930.6992593454,16.893676945122408,6.012040099470199,2.5692736308401076,151.97745490164553,11.46733495432437,16.898014987148287,5.647177220767728,0.0,12.332624474210697,0.0,9.361636831863176,18.748787137244054,0.0,0.0,24.26546827384644,30.686289896772447,5.563451491696996,16.720787709916088,13.57536727942146,33.92232188080305,0.0,14.53505668968577,5.733667477162185,13.349181944549816,5.733667477162185,59.15492395432226,5.687386274683562,11.46733495432437,14.598692873184667,0.0,0.0,20.442236419037275,0.0,6.923737199690624,27.910336404021997,42.46456947923127,0.0,27.884665648300075,99.82,12.332624474210697,13.57536727942146,0.0,28.10864369961301,22.284239201613083,0.0,16.699833784714574,37.255572541998674,0.0,9.967957041894417,11.46733495432437,27.870586231482694,0.0,21.057185794070712,0.0,14.336757684555307,-0.744610365751238,11.36546090934078,-2.643586980833553,1.7582067271352986,0.0,0.10526315789473684,27,4,6,0,0,0,1,2,2,4,0,4,2,8,2,3,0,0,0,0,0,3.761683823021153,4,3.50082,98.99530000000001,0,0,1,3,0,0,1,1,0,3,0,2,0,0,0,2,0,1,1,1,2,2,0,0,2,0,0,0,0,0,0,2,0,0,0,1,0,0,0,0,0,0,0,0
Cc1ccc(Cl)c(C)c1-n1c(N)c(C(N)=O)c2nc3ccccc3nc21,4.698970004,12.088318513619438,12.088318513619438,0.16391534391534401,-0.6452173091458799,0.567134808628436,11.346153846153847,365.82400000000007,349.69600000000014,365.104337812,130,0.2542504511916105,-0.38402671907982233,0.38402671907982233,0.2542504511916105,1.0769230769230769,1.7307692307692308,2.3846153846153846,35.495691896393815,10.093310880425655,2.2462049767537,-2.148730074359777,2.345875059406538,-2.1397218486699723,6.312599451541712,0.100224529759271,2.8808280295998507,2.23206628481568,1211.971606458038,18.58505747976789,14.246655703489974,15.002584649508428,12.396754605515328,8.02373810688861,8.401702579897837,6.18232656956029,6.589526696300895,4.534431007583965,4.943892520010628,3.285853643981794,3.4383509946792445,-3.119999999999999,948852.5664532436,16.353929131958466,5.708033746807037,2.22645523129018,153.94965032267473,11.46733495432437,16.898014987148287,5.647177220767728,0.0,5.907179729351506,0.0,9.361636831863176,9.967957041894417,0.0,0.0,29.800041095617345,43.173478588160066,5.022633313741326,16.720787709916088,4.794537184071822,45.52326177103556,0.0,14.53505668968577,5.733667477162185,13.847474399381248,5.733667477162185,58.11119019960197,5.687386274683562,11.46733495432437,5.817862777835028,0.0,11.600939890232516,20.442236419037275,0.0,13.847474399381248,21.48489165916281,36.39820241076966,5.022633313741326,27.884665648300075,99.82,5.907179729351506,4.794537184071822,0.0,11.381314269532023,27.219912687357837,16.814289258077554,0.0,4.567099647791355,50.245676810150904,4.9839785209472085,28.052253365504093,1.7137037037037035,6.321812243637039,21.378213165924805,0.5983549592676578,16.878249314128944,-0.44033509700176277,11.150489868565867,0.0,3.843956286218191,0.0,0.10526315789473684,26,4,6,0,0,0,1,2,2,4,0,4,2,7,2,2,0,0,0,0,0,3.590337668388832,4,3.5250400000000006,103.7853,0,0,1,3,0,0,1,1,0,3,0,2,0,0,0,0,0,1,1,1,2,2,0,0,1,0,0,0,0,0,0,2,0,0,0,1,0,0,0,0,0,0,0,0
Cc1ccc(N)cc1-n1c(N)c(C(N)=O)c2nc3ccccc3nc21,4.698970004,12.004762534643486,12.004762534643486,0.16210884353741495,-0.6459377362055927,0.4848180517193373,11.24,332.3670000000001,316.23900000000003,332.138559132,124,0.25425044984596734,-0.3986664507241619,0.3986664507241619,0.25425044984596734,1.04,1.72,2.4,16.146544282921734,10.152494634511378,2.234212806584241,-2.114164972575648,2.319171260166334,-2.1372230981711144,6.102074023391129,0.10022508772543137,2.857124027494538,2.2012240612313088,1161.3684640799554,17.714813991764814,13.523391768859998,13.523391768859998,11.969234250586762,7.700781274168435,7.700781274168435,5.890360119485985,5.890360119485985,4.218288894241372,4.218288894241372,3.0156667784021898,3.0156667784021898,-3.6099999999999994,626944.4396011814,14.949326786379796,5.201596018190083,2.1685852278175317,142.6213326784092,17.201002431486554,16.898014987148287,5.647177220767728,0.0,5.907179729351506,0.0,9.361636831863176,9.967957041894417,0.0,0.0,18.19910120538483,36.75265696523406,5.687386274683562,16.720787709916088,4.794537184071822,39.60970815548661,0.0,14.53505668968577,5.733667477162185,6.923737199690624,11.46733495432437,53.59147246262526,5.687386274683562,17.201002431486554,11.50524905251859,0.0,0.0,20.442236419037275,0.0,6.923737199690624,15.921440167465814,42.46456947923127,0.0,27.884665648300075,125.84,5.907179729351506,4.794537184071822,0.0,11.381314269532023,27.884665648300075,11.250837766380558,0.0,16.699833784714574,37.255572541998674,9.967957041894417,17.201002431486554,1.681111111111111,0.0,21.22788233812043,0.0,22.394523330171783,-0.44546910430838893,12.879588379326835,0.0,1.929030612244898,0.0,0.05555555555555555,25,6,7,0,0,0,1,2,2,4,0,5,3,7,2,2,0,0,0,0,0,3.11041434746622,4,2.1454199999999997,98.45070000000001,0,0,2,3,0,0,1,1,0,3,0,3,0,0,0,0,0,1,2,1,2,2,0,0,0,0,0,0,0,0,0,2,0,0,0,1,0,0,0,0,0,0,0,0
Cc1ccc(O)c(C)c1-c1c(N)c(=O)[nH]c2cc(Cl)cnc12,7.735182177,12.132028533635676,12.132028533635676,0.06863189720332596,-0.40860229276895876,0.6429263427661721,11.045454545454545,315.76,301.648,315.077454368,112,0.2718141610308039,-0.5076637129054329,0.5076637129054329,0.2718141610308039,1.2727272727272727,2.0,2.727272727272727,35.495691475392924,9.931218903293756,2.1827345054376237,-2.1490183500861293,2.374720451596579,-2.1418890039785694,6.306811393052288,0.471066765365493,2.4687929923631917,2.535969303843527,963.7426386698348,16.016143379015546,12.067391300421136,12.823320246439591,10.396754605515328,6.663903007885876,7.041867480895104,5.1940886723902935,5.630524452862279,3.7480428025778245,3.9547417549906743,2.638345239258319,2.7962491880237423,-2.5299999999999994,89659.15510365403,14.409060124188407,5.032007511063021,2.1030114628071725,130.9382548241166,15.824173392950097,11.436898107967467,0.0,0.0,5.559266895052007,0.0,9.77851570501903,0.0,0.0,0.0,17.667306958694127,42.67056301139545,11.760295063310071,16.05603474897385,5.106527394840706,28.3217276001486,0.0,9.967957041894417,0.0,13.847474399381248,5.733667477162185,50.899285153257054,16.876414816677897,11.29293437221419,5.687386274683562,5.749511833283905,11.600939890232516,15.074484436735123,0.0,13.847474399381248,11.126902983393991,29.19048196106973,5.022633313741326,22.160304418626517,92.0,5.559266895052007,9.901064578912528,0.0,11.436898107967467,32.74638922406484,5.563451491696996,6.196843571613076,25.122838405075456,6.923737199690624,9.967957041894417,17.3346073673947,0.0,5.941136113910584,19.111724773242628,10.413624049928613,9.481127330561856,0.14110663195319328,5.019601241216652,1.4986199294532627,3.6708377075109877,0.0,0.125,22,4,5,0,0,0,0,1,2,3,0,4,3,6,2,1,0,0,0,0,0,3.295749944194306,3,3.1481400000000006,88.36090000000002,0,0,1,2,1,1,0,0,0,1,1,1,0,0,1,0,0,0,1,1,1,1,0,0,1,0,0,0,0,0,0,0,1,1,0,0,2,0,0,0,0,0,0,0
Cc1ccc(O)c(C)c1-c1c(N)c(C(N)=O)nc2cccnc12,7.301029996,11.695712396069538,11.695712396069538,0.0024470899470903085,-0.7037386621315187,0.6715698266411708,10.869565217391305,308.341,292.213,308.127325752,116,0.26899541422931206,-0.5076637129716605,0.5076637129716605,0.26899541422931206,1.173913043478261,1.9130434782608696,2.608695652173913,16.25538335859441,9.920971381476294,2.212369953018758,-2.1650725443528454,2.3951812012218836,-2.166638527275826,6.077067534948092,0.09966198323979593,2.523099436679008,2.5336077725592796,950.9664991076293,16.723250160202095,12.79134096129112,12.79134096129112,10.913591357920936,7.050125898953074,7.050125898953074,5.386057156168506,5.386057156168506,3.908075887446772,3.908075887446772,2.767951854370707,2.767951854370707,-3.1499999999999995,154499.47090560236,14.77339594384429,5.241679339513756,2.242756008460718,132.33982140864424,16.573862349165076,5.749511833283905,5.693927994848461,0.0,5.907179729351506,0.0,9.77851570501903,4.9839785209472085,0.0,0.0,6.06636706846161,48.73693007985706,11.760295063310071,16.720787709916088,9.901064578912528,22.627967439267593,0.0,9.967957041894417,5.733667477162185,13.847474399381248,5.733667477162185,47.283142823701965,16.876414816677897,11.46733495432437,5.687386274683562,5.749511833283905,0.0,20.981664166086627,0.0,13.847474399381248,21.615368162314272,30.462311845459517,0.0,22.160304418626517,115.12,5.907179729351506,9.901064578912528,0.0,17.130826102815927,22.160304418626517,11.126902983393991,0.0,37.386049045150145,6.923737199690624,9.967957041894417,11.46733495432437,0.0,0.0,20.267818405139835,10.058834404132023,15.703582294028724,-0.5588142479213898,6.874846623834719,1.6293230347694634,3.6910761526832956,0.0,0.11764705882352941,23,5,6,0,0,0,1,1,2,3,0,5,3,6,2,2,0,0,0,0,0,3.3668436649263023,3,2.3003400000000003,89.04310000000001,0,0,1,2,0,1,1,1,0,2,0,2,0,0,0,0,0,1,1,1,1,1,0,0,0,0,0,0,0,0,0,0,1,1,0,1,2,0,0,0,0,0,0,0
Cc1ccc(O)c(C)c1-c1c(N)c(C(N)=O)nc2nccnc12,7.301029996,11.66793461829176,11.66793461829176,0.06005291005290969,-0.7437386621315187,0.6605678736725495,10.869565217391305,309.329,294.20900000000006,309.12257472000005,116,0.2690648789110813,-0.5076637129392882,0.5076637129392882,0.2690648789110813,1.1304347826086956,1.826086956521739,2.5217391304347827,16.255385105900068,9.925633845750816,2.2184235034610973,-2.161014062718507,2.391853977336247,-2.1697088039660484,6.070307752916375,0.09965645803716305,2.523099436679008,2.5336077725592796,952.8437269344482,16.723250160202095,12.661204287601452,12.661204287601452,10.913591357920936,6.909923118522069,6.909923118522069,5.243477429849532,5.243477429849532,3.7860360996037437,3.7860360996037437,2.6625982160968378,2.6625982160968378,-3.2199999999999998,154499.47090560236,14.706242135858965,5.202832096093519,2.2222653205621854,131.55946938959073,16.573862349165076,11.266212550900168,11.341105215616189,0.0,5.907179729351506,0.0,9.77851570501903,9.967957041894417,0.0,0.0,6.06636706846161,36.60419594293384,17.957138634923147,5.687386274683562,9.901064578912528,22.758443942419056,0.0,14.951935562841626,5.733667477162185,13.847474399381248,5.733667477162185,41.34725225839182,16.876414816677897,11.46733495432437,5.687386274683562,5.749511833283905,0.0,25.965642687033835,0.0,13.847474399381248,21.615368162314272,24.526421280149375,0.0,22.29078092177798,128.01,5.907179729351506,9.901064578912528,0.0,22.778003323583654,22.20705519270725,5.563451491696996,12.393687143226153,19.056471336613846,6.923737199690624,14.951935562841626,11.46733495432437,0.0,0.0,24.20028155706727,10.043209404132023,15.026360071806502,-0.619222411186696,3.3731050012597628,2.9926732174351223,3.6502598261526833,0.0,0.125,23,5,7,0,0,0,1,1,2,3,0,6,3,7,2,2,0,0,0,0,0,3.3267003737986927,3,1.6953399999999998,86.83810000000001,0,0,1,3,0,1,1,1,0,3,0,2,0,0,0,0,0,1,1,1,1,1,0,0,0,0,0,0,0,0,0,0,1,1,0,1,1,0,0,0,0,0,0,0
Cc1ccc(O)c(C)c1-c1cc(-c2cc(F)nc(N3CC[C@@H](N)C3)c2)cc(C(N)=O)c1N,7.782516056,14.488524632100571,14.488524632100571,0.018348562622898967,-0.6932155723732201,0.3678233017160179,15.875,435.50300000000027,409.2950000000002,435.207053292,166,0.2503341366259119,-0.5076637239676298,0.5076637239676298,0.2503341366259119,1.1875,1.90625,2.5625,19.14293305913339,9.890388417502912,2.227029295001176,-2.19460186973605,2.398773561707885,-2.265891359100846,6.03785043138589,0.10009095098088405,3.1765414484616064,1.928748331527721,1227.4968267636534,23.15397158052024,18.02267658542887,18.02267658542887,15.15077480093882,10.367253967502286,10.367253967502286,8.282392933298771,8.282392933298771,6.022165421487698,6.022165421487698,4.288240024475194,4.288240024475194,-3.6499999999999995,15043245.810264532,21.57707813465809,8.123171323799125,3.8464021831658193,185.2148001762261,27.20743955717774,11.567374611118932,0.0,5.947697344197361,5.907179729351506,0.0,4.794537184071822,4.9839785209472085,4.39041504767482,0.0,6.06636706846161,72.35102175463868,30.761172201131718,11.250837766380558,14.291479626587346,17.412428781870094,0.0,4.9839785209472085,11.46733495432437,26.31013685145522,23.723090019837816,59.036254230058006,28.003317800071887,22.100912162337035,15.895664100193411,5.749511833283905,0.0,35.12903928611254,0.0,19.79517174357861,27.90571328208882,36.39820241076966,0.0,22.253805966787983,131.49,11.854877073548867,14.291479626587346,0.0,23.04219042881242,46.72463304814515,11.984273114623004,6.06636706846161,37.255572541998674,11.823646930541102,4.9839785209472085,17.201002431486554,14.488524632100571,0.0,18.153154079099245,10.251000397972177,22.112496310666824,-0.7376629916905608,9.811874512079722,0.8069671243371846,4.946979268768174,0.0,0.25,32,7,7,0,1,1,1,2,1,3,1,6,4,8,2,4,0,1,1,0,0,5.477321948588367,4,3.0956399999999995,123.94150000000002,0,0,1,1,0,1,1,1,0,2,0,3,0,0,0,0,0,1,2,1,2,0,0,0,1,0,0,0,0,0,0,0,1,1,0,1,1,0,0,0,0,0,0,0
Cc1ccc(O)c(C)c1-c1cc(-c2ccncc2)cc(C(N)=O)c1N,6.996539468,11.906128275384226,11.906128275384226,0.1758696040144454,-0.592485827664399,0.6390192537434676,10.64,333.39100000000013,314.23900000000003,333.14772684800005,126,0.2503341365309845,-0.5076637239676298,0.5076637239676298,0.2503341365309845,1.04,1.72,2.36,16.255380654839986,9.891385942911523,2.180892205463839,-2.1713367818085736,2.39138253930048,-2.1428988859395437,6.03689022133706,0.10009286744027511,2.6011117864697835,2.3605695991149216,966.4204410698342,18.13746372257519,14.07617817336004,14.07617817336004,11.89675460551533,7.830880068424364,7.830880068424364,5.986768286118165,5.986768286118165,4.373222619373967,4.373222619373967,3.0255002232999924,3.0255002232999924,-3.3399999999999994,425697.95497364475,16.51541937092753,6.279638833640705,2.917025096471552,145.49560310202656,16.573862349165076,5.749511833283905,0.0,0.0,5.907179729351506,0.0,9.77851570501903,0.0,0.0,0.0,6.06636706846161,71.99656720017428,17.957138634923147,11.250837766380558,9.901064578912528,11.594566004035068,0.0,4.9839785209472085,5.733667477162185,13.847474399381248,5.733667477162185,65.4822440290868,28.003317800071887,11.46733495432437,5.687386274683562,5.749511833283905,0.0,15.99768564513942,0.0,13.847474399381248,21.48489165916281,48.791889553995816,0.0,22.253805966787983,102.23,5.907179729351506,9.901064578912528,0.0,11.3129633249809,16.814289258077554,22.253805966787983,0.0,24.52642128014937,38.112942673227685,4.9839785209472085,11.46733495432437,0.0,0.0,15.923146632875167,10.100860092889313,17.186948591164864,-0.41661622364995354,10.75653287279099,3.3614078903166202,3.7543868102796676,0.0,0.1,25,5,5,0,0,0,1,2,1,3,0,4,3,5,1,3,0,0,0,0,0,4.148434753421538,3,3.4191400000000014,99.17810000000001,0,0,1,1,0,1,1,1,0,1,0,2,0,0,0,0,0,1,1,1,2,0,0,0,0,0,0,0,0,0,0,0,1,1,0,1,1,0,0,0,0,0,0,0
Cc1ccc(O)c(C)c1-c1cnc2[nH]c(-c3ccc(N4CCN(C)CC4)nc3C)nc2c1,6.301029996,10.15702830280825,10.15702830280825,0.2875492015436467,0.2875492015436467,0.5120025040416747,14.9375,428.5400000000003,400.3160000000002,428.23245951600006,164,0.15713336929082716,-0.5076637270003024,0.5076637270003024,0.15713336929082716,0.96875,1.75,2.5,16.255365332609255,9.959968746199126,2.17711481882453,-2.329698836031908,2.3351452646585487,-2.4439332144626227,5.832009470477479,0.3117517363701143,3.200234646951179,1.4888727049617712,1303.528801958345,22.4050484360768,18.975810312883695,18.975810312883695,15.401887240964335,10.972963742394679,10.972963742394679,8.671467147724151,8.671467147724151,6.423566635579323,6.423566635579323,4.449529635466727,4.449529635466727,-3.4499999999999997,26584208.401898976,20.45254388262416,7.909760549282595,3.5830433757941713,187.32296728146042,19.89032537748887,22.908479826735125,5.647177220767728,0.0,0.0,0.0,0.0,14.951935562841626,0.0,0.0,6.06636706846161,68.77470633068648,43.50277217865737,5.693927994848461,5.106527394840706,16.981740716219015,0.0,24.835823814639312,0.0,20.771211599071872,38.12660733717797,53.349509892163574,28.264270806374817,4.899909730850478,5.817862777835028,5.749511833283905,0.0,63.16904881580751,0.0,20.771211599071872,16.82083097824245,36.52867891392113,0.0,33.678636911474904,81.17,0.0,5.106527394840706,0.0,5.749511833283905,0.0,82.49635629120269,0.0,6.06636706846161,39.10078930760817,38.948182623195784,9.967957041894417,0.0,0.0,22.320912881827283,10.15702830280825,7.34231349461831,2.07425137048559,9.860048770422859,1.833974076902468,10.088775508562561,2.1560289277060165,0.32,32,2,7,0,1,1,0,1,3,4,0,6,2,7,4,3,0,1,1,0,0,5.055460147976614,5,4.069560000000004,128.1415,0,0,0,4,1,1,0,0,0,5,1,0,1,0,1,0,0,0,1,2,1,1,0,0,0,0,0,1,0,0,0,0,1,1,1,0,2,0,0,0,0,0,0,0
Cc1ccc(O)c(C)c1-n1c(Cl)c(C(N)=O)c2nc3ccccc3nc21,5.619788758,12.060554453262785,12.060554453262785,0.11302091206853127,-0.6816756424792134,0.5658246978916992,11.346153846153847,366.80800000000005,351.68800000000016,366.0883534000001,130,0.2536317940092184,-0.5076053757502529,0.5076053757502529,0.2536317940092184,1.1153846153846154,1.7692307692307692,2.423076923076923,35.49569729186536,10.08203109942929,2.25318087584473,-2.1429250900557824,2.3600462710290575,-2.1144014094697865,6.352039830801666,0.1001514731052527,2.8808280295998507,2.23206628481568,1213.5812469324749,18.58505747976789,14.116519029800305,14.872447975818758,12.396754605515328,7.958669770043776,8.336634243053004,6.125198881492729,6.483211968943045,4.477510480487283,4.835523567937599,3.208244402314443,3.555447569736744,-3.119999999999999,948852.5664532436,16.353929131958466,5.708033746807037,2.22645523129018,153.40399337785803,10.84019487200289,21.982773859489953,5.647177220767728,0.0,5.907179729351506,0.0,9.361636831863176,9.967957041894417,0.0,0.0,29.800041095617345,37.61002709646307,5.563451491696996,16.720787709916088,9.901064578912528,39.70539899320053,0.0,14.53505668968577,5.733667477162185,13.847474399381248,0.0,58.241666702753434,11.436898107967467,5.733667477162185,0.0,5.749511833283905,11.600939890232516,25.54876381387798,0.0,13.847474399381248,21.48489165916281,36.39820241076966,5.153109816892792,27.884665648300075,94.03,5.907179729351506,9.901064578912528,0.0,16.466073141873693,33.44811713999707,5.563451491696996,0.0,23.6235709844052,31.18920547353706,9.967957041894417,17.3346073673947,1.6258024691358024,6.549144305870495,21.273497574955908,10.27713292262625,9.877749380616446,-0.5586293251868641,10.732488361072416,0.0,3.6672587553539935,0.0,0.10526315789473684,26,3,6,0,0,0,1,2,2,4,0,4,2,7,2,2,0,0,0,0,0,3.590337668388832,4,3.6484400000000017,101.0377,0,0,0,3,0,1,1,1,0,3,0,1,0,0,0,0,0,1,0,1,2,2,0,0,1,0,0,0,0,0,0,2,1,1,0,1,0,0,0,0,0,0,0,0
Cc1ccc(O)c(C)c1-n1c(N)c(C(=O)N2CCn3nccc3C2)c2nc(C)c(C)nc21,8.37675071,13.729652305366589,13.729652305366589,0.15352947377298065,-0.18822940287225953,0.5043085424590548,13.5625,431.50000000000017,406.30000000000024,431.2069730400001,164,0.25982183792522956,-0.5076053723282768,0.5076053723282768,0.25982183792522956,1.0625,1.8125,2.59375,16.255478109401068,10.079933334689528,2.3076525672845887,-2.2735841804196504,2.358702341633348,-2.3826241547426394,6.099733841128322,0.07086578667853338,3.334107560198784,1.746657273219296,1399.5984036004581,22.731321849709865,18.546815148471342,18.546815148471342,15.273764703227075,10.521994906168587,10.521994906168587,8.309879876240238,8.309879876240238,6.302091084184575,6.302091084184575,4.3855268759639445,4.3855268759639445,-3.88,23851198.585178923,20.04673334274181,7.080343700177068,2.844558590316642,184.66210337092323,15.740104602853368,22.64752682043219,5.647177220767728,0.0,5.907179729351506,0.0,14.043439767008362,9.967957041894417,5.098681808301038,0.0,6.06636706846161,45.39113442738271,18.305051469222647,35.858683071054095,9.901064578912528,22.888920445570523,0.0,29.215451163982472,0.0,40.78446161058764,12.27842388307476,58.16808323663427,11.436898107967467,5.733667477162185,5.817862777835028,5.749511833283905,0.0,46.77391469408727,13.08951281182515,27.694948798762496,38.56667564370819,24.395944776997908,0.0,16.85126421306755,115.08999999999999,0.0,9.901064578912528,0.0,17.474554340470437,47.61243641419927,22.64523547624238,0.0,21.73022001871652,44.5094858708309,5.098681808301038,15.701624519056601,3.6565357901144337,0.0,24.976360622952882,14.653737597761836,12.721757963056666,0.23463444353866536,5.392484004268262,1.7446303622634236,9.11985921604383,0.0,0.30434782608695654,32,3,9,0,1,1,1,1,3,4,0,6,2,9,4,2,0,0,0,0,0,4.435555066637861,5,2.794480000000001,120.85770000000002,0,0,1,5,0,1,1,1,0,6,0,1,0,0,0,0,0,1,1,3,1,2,0,0,0,0,0,0,0,0,0,0,1,1,0,0,0,0,0,0,0,0,0,0
Cc1ccc(O)c(C)c1-n1c(N)c(C(=O)N2CCn3nccc3C2)c2nc(C3CC3)c(C)nc21,8.585026652,13.91513274754346,13.91513274754346,0.16290816326530577,-0.16290816326530577,0.4874555596896707,15.676470588235293,457.53800000000024,430.3220000000003,457.2226231040001,174,0.2598218416233,-0.5076053723282768,0.5076053723282768,0.2598218416233,1.1176470588235294,1.911764705882353,2.676470588235294,16.25548101793901,10.079860530047814,2.3355364815601503,-2.2737118630062594,2.4229284716960033,-2.3826728539010587,6.100099659605984,0.07086458054684208,3.4863167011477656,1.5867198908157893,1478.674746502802,23.722885681272583,19.53837898003406,19.53837898003406,16.34624434829851,11.627166621691126,11.627166621691126,9.38398378490955,9.38398378490955,7.065969898862195,7.065969898862195,5.0581150378779505,5.0581150378779505,-3.88,93523722.6459879,20.707548840033006,7.311166571581416,2.9935300193326486,196.38615644618721,15.740104602853368,22.64752682043219,5.647177220767728,0.0,5.907179729351506,0.0,14.043439767008362,9.967957041894417,5.098681808301038,0.0,6.06636706846161,51.3090404735441,24.22295751538404,35.858683071054095,9.901064578912528,22.888920445570523,0.0,29.215451163982472,0.0,52.62027370291044,12.27842388307476,58.16808323663427,11.436898107967467,5.733667477162185,5.817862777835028,5.749511833283905,0.0,46.77391469408727,13.08951281182515,20.771211599071872,57.326224935721605,24.395944776997908,0.0,16.85126421306755,115.08999999999999,0.0,9.901064578912528,0.0,11.65669156263541,53.66081896351213,41.17426499677796,0.0,21.73022001871652,37.58574867114028,5.098681808301038,15.701624519056601,3.710393601374842,0.0,25.614312248047366,14.76112740492437,13.298392715723166,0.6838837552672337,5.440576715896326,3.9265001700783975,7.398146722021632,0.0,0.36,34,3,9,1,1,2,1,1,3,4,0,6,2,9,4,3,1,0,1,0,0,4.452833495842319,6,3.3634600000000017,128.09570000000002,0,0,1,5,0,1,1,1,0,6,0,1,0,0,0,0,0,1,1,2,1,2,0,0,0,0,0,0,0,0,0,0,1,1,0,0,0,0,0,0,0,0,0,0
Cc1ccc(O)c(C)c1-n1c(N)c(C(N)=O)c2c(=O)n(C)c(C)cc21,7.928117993,12.744932445200302,12.744932445200302,0.0020899470899469197,-0.7660534769463332,0.6572736821280185,11.2,340.3830000000001,320.22300000000007,340.1535405,130,0.26033617016369254,-0.5076053799211542,0.5076053799211542,0.26033617016369254,1.2,1.84,2.44,16.25548401733796,10.077315866392588,2.2514653648283947,-2.158425396206744,2.348088100696063,-2.2148215641092133,6.1119093847855686,0.1002295607856651,2.822817616808782,2.63225968686837,1106.1773864310467,18.62687384302478,14.54488871337573,14.54488871337573,11.662478917895422,7.762486813365908,7.762486813365908,6.24522353614877,6.24522353614877,4.7114011448882644,4.7114011448882644,3.2446089560228013,3.2446089560228013,-3.2199999999999998,340668.921266951,16.631264146178772,5.406080499058309,2.1952381630181734,143.64068315073968,21.14096199695643,11.567374611118932,0.0,0.0,11.466446624403513,0.0,14.156174015934997,0.0,0.0,0.0,6.06636706846161,38.46739722769208,18.305051469222647,22.153762698461613,9.901064578912528,22.627967439267593,0.0,9.13419929558271,12.781339459839375,20.771211599071872,5.733667477162185,50.937187754448104,11.436898107967467,17.026601849376377,5.817862777835028,5.749511833283905,0.0,20.14790641977492,7.04767198267719,20.771211599071872,27.17881965401127,22.993638389456653,0.0,16.590311206764618,116.27000000000001,5.907179729351506,14.69560176298435,0.0,28.076317212332732,22.46146647884528,5.563451491696996,4.567099647791355,43.66134723523462,6.923737199690624,0.0,11.46733495432437,3.064431059460821,0.0,24.741929799697658,10.287268361048124,14.662816043083902,-0.5808399995800775,5.123578514739229,0.0,5.408895817586294,1.625253737297388,0.2222222222222222,25,5,7,0,0,0,1,1,2,3,0,4,3,7,2,2,0,0,0,0,0,3.5963981110137877,3,1.64116,97.32209999999999,0,0,1,2,0,1,1,1,0,2,0,2,0,0,0,0,0,1,1,2,1,1,0,0,0,0,0,0,0,0,0,0,1,1,0,1,1,0,0,0,0,0,0,0
Cc1ccc(O)c(C)c1-n1c(N)c(C(N)=O)c2c(=O)n(C)c(C)nc21,8.468521083,12.704932445200303,12.704932445200303,0.022685185185185253,-0.8060534769463332,0.6410469171987802,11.2,341.3710000000001,322.21900000000005,341.1487894680001,130,0.2631618073597852,-0.5076053723574561,0.5076053723574561,0.2631618073597852,1.24,1.88,2.48,16.255488923122485,10.080369745938263,2.2624757263776294,-2.1516514222820513,2.3391624317868835,-2.2276725523218017,6.103076245100159,0.10022844186712111,2.822817616808782,2.63225968686837,1108.1395276813157,18.62687384302478,14.414752039686062,14.414752039686062,11.662478917895422,7.63235013967624,7.63235013967624,6.05688797271194,6.05688797271194,4.528217666774688,4.528217666774688,3.0737464790684395,3.0737464790684395,-3.29,340668.921266951,16.56368311494811,5.369168144235155,2.1768350686324385,142.86033113168617,16.573862349165076,17.391779109118858,5.647177220767728,0.0,11.466446624403513,0.0,18.723273663726353,4.9839785209472085,0.0,0.0,6.06636706846161,32.40103015923047,12.611123474374185,16.637061980845353,9.901064578912528,22.758443942419056,0.0,14.118177816529919,12.781339459839375,20.771211599071872,5.733667477162185,45.001297189137965,11.436898107967467,17.026601849376377,5.817862777835028,5.749511833283905,0.0,25.131884940722127,7.04767198267719,20.771211599071872,27.309296157162734,16.927271320995043,0.0,16.720787709916085,129.16000000000003,11.466446624403513,14.69560176298435,0.0,28.16422753804845,17.075242264380485,5.563451491696996,9.13419929558271,33.02788051898166,6.923737199690624,4.9839785209472085,11.46733495432437,2.8422088372385987,0.0,29.118798658352233,10.155749086671706,13.36667753212396,-0.25025704417569306,3.2951733749055174,0.0,5.242229150919627,1.562753737297388,0.23529411764705882,25,5,8,0,0,0,1,1,2,3,0,5,3,8,2,2,0,0,0,0,0,3.557327989279404,3,1.03616,95.1171,0,0,1,3,0,1,1,1,0,3,0,2,0,0,0,0,0,1,1,2,1,1,0,0,0,0,0,0,0,0,0,0,1,1,0,1,0,0,0,0,0,0,0,0
Cc1ccc(O)c(C)c1-n1c(N)c(C(N)=O)c2c(=O)n(C3CC3)c(C)cc21,8.356547324,13.226599111866967,13.226599111866967,0.033835978835979,-0.7407322373393794,0.6598765281205643,14.037037037037036,366.42100000000016,344.2450000000001,366.169190564,140,0.26085674834406564,-0.5076053799211542,0.5076053799211542,0.26085674834406564,1.2222222222222223,1.8888888888888888,2.4814814814814814,16.255488643263195,10.077118524836328,2.305811978763053,-2.1627774297788513,2.382261800767607,-2.2334887482265326,6.112209070447527,0.10022755232945676,3.370787558158576,2.2151215292411788,1182.6257040780772,19.6184376745875,15.536452544938452,15.536452544938452,12.734958562966856,8.889968688540836,8.889968688540836,7.2873826058505236,7.2873826058505236,5.3885162007141085,5.3885162007141085,3.9566139791114847,3.9566139791114847,-3.2199999999999998,1727960.0843637143,17.206722092049795,5.637907628595238,2.3440286676705,155.36473622600366,21.14096199695643,11.567374611118932,0.0,0.0,11.466446624403513,0.0,14.156174015934997,0.0,0.0,0.0,6.06636706846161,51.30904047354411,17.299220315693418,22.153762698461613,9.901064578912528,22.627967439267593,0.0,9.13419929558271,5.733667477162185,39.654695674071846,5.733667477162185,50.937187754448104,11.436898107967467,17.026601849376377,5.817862777835028,5.749511833283905,0.0,20.14790641977492,0.0,20.771211599071872,46.062303729011255,22.993638389456653,0.0,16.590311206764618,116.27000000000001,5.907179729351506,14.69560176298435,0.0,34.11815804148069,16.76753848399682,24.099022732397476,0.0,28.190670632196557,19.913841467842857,0.0,11.46733495432437,3.3811355190224237,0.0,25.409076908541195,10.423315193004047,15.155821155622744,-0.5186337343579392,5.401779884410656,1.8871483508207896,5.527023389602755,0.0,0.3,27,5,7,1,0,1,1,1,2,3,0,4,3,7,2,3,1,0,1,0,0,3.5929596202179908,4,2.4390600000000004,104.6121,0,0,1,2,0,1,1,1,0,2,0,2,0,0,0,0,0,1,1,2,1,1,0,0,0,0,0,0,0,0,0,0,1,1,0,1,1,0,0,0,0,0,0,0
Cc1ccc(O)c(C)c1-n1c(N)c(C(N)=O)c2c(=O)n(CC#N)c(C)nc21,8.420216403,12.94396022297808,12.94396022297808,0.03427734839982377,-0.8768797241118664,0.6288560127002313,10.88888888888889,366.38100000000014,348.2370000000001,366.1440384360001,138,0.2643588520938002,-0.5076053723574561,0.5076053723574561,0.2643588520938002,1.3333333333333333,2.0,2.5925925925925926,16.255492049007792,10.080362985099939,2.267824633350412,-2.152990059031664,2.3400463858906355,-2.2508301073582064,6.103217073975725,0.10022738948366301,2.8816562634906777,2.599777968139288,1213.02095512048,20.041087405397874,15.069072416372569,15.069072416372569,12.700483720356207,8.078524498536373,8.078524498536373,6.242129909245656,6.242129909245656,4.602776163427338,4.602776163427338,3.283281651409678,3.283281651409678,-3.8000000000000003,921043.6199056809,18.00498866213152,6.17408479988119,2.499555192547543,153.61785292755152,16.573862349165076,23.936535515031437,5.647177220767728,0.0,11.466446624403513,0.0,18.723273663726353,4.9839785209472085,5.261891554738487,0.0,6.06636706846161,32.40103015923047,5.563451491696996,22.706283293637625,9.901064578912528,22.758443942419056,5.261891554738487,14.118177816529919,5.733667477162185,27.315968004984448,5.733667477162185,45.001297189137965,17.50611942075974,17.026601849376377,5.817862777835028,5.749511833283905,0.0,25.131884940722127,6.544756405912575,32.10232446660263,27.309296157162734,16.927271320995043,0.0,16.720787709916085,152.95,11.466446624403513,14.69560176298435,0.0,34.70898394396103,17.075242264380485,10.13055113948835,4.567099647791355,32.903945735995094,6.069221312792274,4.9839785209472085,16.729226509062855,2.6028380889392793,0.0,29.41860536344167,19.040677771236034,12.883617331191738,-0.5997438156213393,5.129897302840123,0.0,4.857441291305829,0.0,0.2222222222222222,27,5,9,0,0,0,1,1,2,3,0,6,3,9,2,3,0,0,0,0,0,4.117197289662941,3,1.0227399999999998,99.7491,0,0,1,3,0,1,1,1,0,4,0,2,0,0,0,0,0,1,1,2,1,1,0,0,0,0,0,0,0,0,1,0,1,1,0,1,0,0,0,0,0,0,0,0
Cc1ccc(O)c(C)c1-n1c(N)c(C(N)=O)c2c(=O)n(CC(F)(F)F)c(C)nc21,8.721246399,12.92344277829487,12.92344277829487,0.07443477281229738,-4.677245351283051,0.6098298091700842,11.931034482758621,409.3680000000001,391.22400000000005,409.13617409600005,154,0.40600615326199835,-0.5076053723574561,0.5076053723574561,0.40600615326199835,1.2413793103448276,1.8620689655172413,2.413793103448276,19.413193768566344,10.080361506025609,2.322401755608496,-2.1598866496119404,2.3431317880793596,-2.3116991357409553,6.103206950294497,-0.141124341314278,2.8734265841471403,2.534547857383797,1224.6656884484926,21.83398062421133,15.755752239900291,15.755752239900291,13.346930329762932,8.421864410300234,8.421864410300234,6.699193603391587,6.699193603391587,4.711349776708843,4.711349776708843,3.3918552646911833,3.3918552646911833,-3.4999999999999996,1611966.4528672884,20.2398347107438,6.535502958579881,3.1752,161.7218794548615,16.573862349165076,23.936535515031437,5.647177220767728,0.0,11.466446624403513,6.176298517443475,18.723273663726353,4.9839785209472085,13.171245143024459,0.0,6.06636706846161,32.40103015923047,5.563451491696996,16.637061980845353,23.07230972193699,22.758443942419056,0.0,14.118177816529919,5.733667477162185,33.492266522427926,5.733667477162185,45.001297189137965,11.436898107967467,17.026601849376377,18.98910792085949,5.749511833283905,0.0,31.3081834581656,6.544756405912575,20.771211599071872,27.309296157162734,16.927271320995043,0.0,16.720787709916085,129.16000000000003,35.13717725392135,27.86684690600881,0.0,23.038956329886584,21.38138890586891,0.0,17.55720391594359,19.913841467842857,0.0,4.9839785209472085,11.46733495432437,40.44381551679441,0.0,29.044309452947846,9.678477507241036,11.214021728290085,-1.6243105286701953,3.046284230940616,-4.677245351283051,2.957980777072587,0.0,0.2777777777777778,29,5,8,0,0,0,1,1,2,3,0,5,3,11,2,3,0,0,0,0,0,4.561293090801168,3,2.06146,100.1911,0,0,1,3,0,1,1,1,0,3,0,2,0,0,0,3,0,1,1,2,1,1,0,0,3,0,0,0,0,0,0,0,1,1,0,1,0,0,0,0,0,0,0,0
Cc1ccc(O)c(C)c1-n1c(N)c(C(N)=O)c2c(=O)n(CC(F)F)c(C)nc21,8.638272164,12.907293556311412,12.907293556311412,0.010292894935752583,-2.7891943979407907,0.6241007966530038,11.5,391.3780000000001,372.22600000000006,391.1455959080001,148,0.2636220103617842,-0.5076053723574561,0.5076053723574561,0.2636220103617842,1.2857142857142858,1.9285714285714286,2.5,19.27972894419955,10.080362217161527,2.2735827829632456,-2.155819400489824,2.3408820057819577,-2.277452732980027,6.103188671099073,0.10022628364962294,2.8793086958585308,2.5476461393656833,1180.648510838426,20.911330893400955,15.45513803608069,15.45513803608069,13.056325768012774,8.346048381128968,8.346048381128968,6.49956163887229,6.49956163887229,4.694538900003791,4.694538900003791,3.379391740673132,3.379391740673132,-3.4299999999999997,1267779.773947382,19.334868055054862,6.625450297038708,2.770087848026449,157.55634405193527,16.573862349165076,17.391779109118858,5.647177220767728,0.0,17.891891369262705,0.0,18.723273663726353,13.764808616296847,0.0,0.0,6.06636706846161,32.40103015923047,5.563451491696996,23.18181838675793,18.681894674262168,22.758443942419056,0.0,14.118177816529919,5.733667477162185,33.74141274984364,5.733667477162185,45.001297189137965,11.436898107967467,17.026601849376377,14.598692873184667,5.749511833283905,0.0,31.55732968558132,6.544756405912575,20.771211599071872,27.309296157162734,16.927271320995043,0.0,16.720787709916085,129.16000000000003,24.43664777517528,23.47643185833399,0.0,33.98863203604838,16.814289258077554,4.567099647791355,17.55720391594359,19.913841467842857,0.0,4.9839785209472085,11.46733495432437,27.936496132301507,0.0,29.215353048626856,9.86427028348836,12.013678036029226,-1.1301619580849362,3.1360156358992937,-2.7891943979407907,3.9202098863471515,0.0,0.2777777777777778,28,5,8,0,0,0,1,1,2,3,0,5,3,10,2,4,0,0,0,0,0,4.5750788320916955,3,1.76426,100.1401,0,0,1,3,0,1,1,1,0,3,0,2,0,0,0,2,0,1,1,2,1,1,0,0,2,0,0,0,0,0,0,0,1,1,0,1,0,0,0,0,0,0,0,0
Cc1ccc(O)c(C)c1-n1c(N)c(C(N)=O)c2c(=O)n(CC3CC3)c(C)nc21,8.677780705,13.268404667422523,13.268404667422523,0.028527966742252442,-0.7801535336356762,0.6355917203608309,13.964285714285714,381.4360000000002,358.2520000000001,381.1800895960001,146,0.26343422934411204,-0.5076053723574561,0.5076053723574561,0.26343422934411204,1.2857142857142858,1.9642857142857142,2.5714285714285716,16.25549368818172,10.08035764952131,2.2894267772156436,-2.1561386708470924,2.350313934364883,-2.261281347878136,6.103209791041161,0.10022697113182877,3.398145239130473,2.1474099481871525,1201.2422568369036,20.325544455774047,16.113422652435332,16.113422652435332,13.218121810561248,9.226109181584707,9.226109181584707,7.55185200203794,7.55185200203794,5.511648102941158,5.511648102941158,3.800002834584636,3.800002834584636,-3.29,2765403.799313901,18.091009504403303,6.1172535644480615,2.5561950027464646,160.94932632134677,16.573862349165076,17.391779109118858,5.647177220767728,0.0,11.466446624403513,0.0,18.723273663726353,4.9839785209472085,0.0,0.0,6.06636706846161,51.16057945124389,12.10820789760957,16.637061980845353,9.901064578912528,22.758443942419056,0.0,14.118177816529919,11.651573523323577,40.15761125083647,5.733667477162185,45.001297189137965,11.436898107967467,17.026601849376377,5.817862777835028,5.749511833283905,0.0,25.131884940722127,6.544756405912575,26.689117645233264,40.15093940301475,16.927271320995043,0.0,16.720787709916085,129.16000000000003,5.907179729351506,14.69560176298435,0.0,33.72349443310046,29.537904716454456,18.405094737549014,0.0,35.11440783188718,6.923737199690624,4.9839785209472085,11.46733495432437,3.1469022423784327,0.0,30.098069098009574,10.315659172377247,13.80577176240867,0.36433166050319843,3.3337314302059973,2.161559825822993,5.940641474960558,0.0,0.35,28,5,8,1,0,1,1,1,2,3,0,5,3,8,2,4,1,0,1,0,0,3.9524032991169595,4,1.9091599999999997,106.86010000000002,0,0,1,3,0,1,1,1,0,3,0,2,0,0,0,0,0,1,1,2,1,1,0,0,0,0,0,0,0,0,0,0,1,1,0,1,0,0,0,0,0,0,0,0
Cc1ccc(O)c(C)c1-n1c(N)c(C(N)=O)c2c(=O)n(CCF)c(C)nc21,8.619788758,12.928404667422523,12.928404667422523,0.027748422779989124,-0.8877215608465601,0.6376282958390657,11.25925925925926,373.38800000000015,353.22800000000007,373.15501772000005,142,0.2635143202052893,-0.5076053723574561,0.5076053723574561,0.2635143202052893,1.2962962962962963,1.962962962962963,2.5555555555555554,19.141208602083314,10.080362792872366,2.267828161132768,-2.1544968844051784,2.340196231207685,-2.2609499702307594,6.103173603735591,0.10022716383784439,2.8816562634906777,2.57453986210199,1146.5753246622965,20.041087405397874,15.206930075068385,15.206930075068385,12.700483720356207,8.268625552105544,8.268625552105544,6.338491177483411,6.338491177483411,4.682073825523095,4.682073825523095,3.374219431001086,3.374219431001086,-3.36,921043.6199056809,18.43165257093903,6.419238870977742,2.6228739705237363,153.39080864900902,16.573862349165076,24.06637008139377,5.647177220767728,0.0,11.466446624403513,0.0,18.723273663726353,9.374393568622029,0.0,0.0,6.06636706846161,32.40103015923047,5.563451491696996,23.18181838675793,14.291479626587348,22.758443942419056,0.0,14.118177816529919,5.733667477162185,27.315968004984448,12.408258449437092,45.001297189137965,11.436898107967467,17.026601849376377,10.208277825509848,5.749511833283905,0.0,31.806475912997033,6.544756405912575,20.771211599071872,27.309296157162734,16.927271320995043,0.0,16.720787709916085,129.16000000000003,18.141037596678423,19.086016810659167,0.0,40.53338844196096,11.250837766380558,10.13055113948835,10.633466716252965,26.83757866753348,0.0,4.9839785209472085,11.46733495432437,15.439050141610567,0.0,29.37842789430587,10.046041021168184,12.797532517636686,-0.6454564147105617,3.2242250022904786,0.0,4.09351317103211,0.0,0.2777777777777778,27,5,8,0,0,0,1,1,2,3,0,5,3,9,2,4,0,0,0,0,0,4.3821178014714315,3,1.46866,100.11110000000001,0,0,1,3,0,1,1,1,0,3,0,2,0,0,0,1,0,1,1,2,1,1,0,0,1,0,0,0,0,0,0,0,1,1,0,1,0,0,0,0,0,0,0,0
Cc1ccc(O)c(C)c1-n1c(N)c(C(N)=O)c2c(=O)n(CCO)c(C)nc21,8.537602002,12.98396022297808,12.98396022297808,0.012784391534391482,-0.8564715608465601,0.5241961026860548,11.25925925925926,371.39700000000016,350.2290000000001,371.15935415200005,142,0.2635056954982877,-0.5076053723574561,0.5076053723574561,0.2635056954982877,1.2592592592592593,1.9259259259259258,2.5185185185185186,16.25633478418982,10.08036251550447,2.267471849415786,-2.15490527330015,2.340085842185948,-2.265662203383752,6.103172812222172,0.10022711850081832,2.8816562634906777,2.57453986210199,1143.33021216446,20.041087405397874,15.276179197559117,15.276179197559117,12.700483720356207,8.317592076209957,8.317592076209957,6.373115738728777,6.373115738728777,4.6975584000502435,4.6975584000502435,3.3897040055282344,3.3897040055282344,-3.33,921043.6199056809,18.46075934416159,6.436073542323931,2.6313855379936952,154.0195069982788,21.68038974400578,17.391779109118858,5.647177220767728,0.0,11.466446624403513,0.0,18.723273663726353,4.9839785209472085,0.0,0.0,6.06636706846161,32.40103015923047,5.563451491696996,29.788700351270847,15.007591973753234,22.758443942419056,0.0,14.118177816529919,5.733667477162185,27.315968004984448,12.340549441675103,45.001297189137965,11.436898107967467,17.026601849376377,5.817862777835028,5.749511833283905,0.0,36.84529430007576,6.544756405912575,20.771211599071872,27.309296157162734,16.927271320995043,0.0,16.720787709916085,149.39,11.466446624403513,19.802129157825057,0.0,41.315865908473945,17.075242264380485,5.563451491696996,9.13419929558271,25.98020853630447,6.923737199690624,4.9839785209472085,11.46733495432437,2.7343573633156963,0.0,29.514230363441676,19.33894223404595,13.073239244771983,-0.48642748909072697,3.254642816799202,0.0,4.904348800049558,0.0,0.2777777777777778,27,6,9,0,0,0,1,1,2,3,0,6,4,9,2,4,0,0,0,0,0,4.400548325413618,3,0.49145999999999995,101.2219,1,1,1,3,0,1,1,1,0,3,0,2,0,0,0,0,0,1,1,2,1,1,0,0,0,0,0,0,0,0,0,0,1,1,0,1,0,0,0,0,0,0,0,0
Cc1ccc(O)c(C)c1-n1c(N)c(C(N)=O)c2c(=O)n(CF)c(C)nc21,8.795880017,13.25488186943995,13.25488186943995,0.015090020576132401,-1.0961567250356938,0.6512632018436199,11.23076923076923,359.3610000000001,341.21700000000004,359.13936765600005,136,0.2655938636538213,-0.5076053723574561,0.5076053723574561,0.2655938636538213,1.3076923076923077,1.9615384615384615,2.5384615384615383,19.14240864126548,10.080368738467175,2.26783323497757,-2.1525462016372887,2.3401414871867448,-2.2435886696452565,6.1031341659691565,0.10022243392644781,2.849041447777999,2.618307527929413,1130.0994911252662,19.33398062421133,14.499823293881837,14.499823293881837,12.200483720356207,7.7686255521055445,7.7686255521055445,6.045425004162258,6.045425004162258,4.493474463233704,4.493474463233704,3.1671211324720225,3.1671211324720225,-3.36,566785.4565795073,17.462625021082815,5.866908982049343,2.238295338766334,147.02586653461245,16.573862349165076,17.391779109118858,12.445702976029201,0.0,11.466446624403513,0.0,18.723273663726353,9.374393568622029,0.0,0.0,6.06636706846161,32.40103015923047,5.563451491696996,16.637061980845353,14.291479626587348,22.758443942419056,0.0,14.118177816529919,5.733667477162185,27.569737354333345,5.733667477162185,45.001297189137965,11.436898107967467,17.026601849376377,10.208277825509848,5.749511833283905,0.0,25.131884940722127,6.7985257552614735,20.771211599071872,27.309296157162734,16.927271320995043,0.0,16.720787709916085,129.16000000000003,18.264972379664986,19.086016810659167,0.0,33.98863203604838,11.250837766380558,10.13055113948835,17.55720391594359,19.913841467842857,0.0,4.9839785209472085,11.46733495432437,15.446863949308934,0.0,28.935877739984882,9.922136827718539,12.380448213235912,-0.8784209393633977,3.196759437552186,0.0,3.8296681048962786,0.0,0.23529411764705882,26,5,8,0,0,0,1,1,2,3,0,5,3,9,2,3,0,0,0,0,0,3.940447368705783,3,1.42616,95.24409999999999,0,0,1,3,0,1,1,1,0,3,0,2,0,0,0,1,0,1,1,2,1,1,0,0,1,0,0,0,0,0,0,0,1,1,0,1,0,0,0,0,0,0,0,0
Cc1ccc(O)c(C)c1-n1c(N)c(C(N)=O)c2c(=O)n(CF)ccc21,8.823908741,13.034048536106617,13.034048536106617,0.03425170068027206,-1.0394437620727306,0.6705472737995996,11.16,344.34600000000006,327.21000000000004,344.12846862400005,130,0.26252991475582965,-0.5076053799211665,0.5076053799211665,0.26252991475582965,1.28,1.96,2.56,19.14240432853095,10.078288696885874,2.2481135040343587,-2.1543587951470995,2.3448260067096887,-2.2086331309190315,6.110815280026621,0.10022521174590483,2.855208010429816,2.57175028497814,1081.9120915256567,18.46373713620825,13.707310236761131,13.707310236761131,11.789800117833247,7.478012516530915,7.478012516530915,5.80553583707519,5.80553583707519,4.3340786343149365,4.3340786343149365,3.1091926243330628,3.1091926243330628,-3.2899999999999996,396003.07500656333,16.56368311494811,5.65770478637055,2.2542827060904176,141.4412764392693,16.573862349165076,11.567374611118932,6.7985257552614735,0.0,11.466446624403513,0.0,18.723273663726353,4.39041504767482,0.0,0.0,6.06636706846161,31.54366002800146,11.760295063310071,22.153762698461613,14.291479626587348,22.627967439267593,0.0,9.13419929558271,5.733667477162185,20.64600015464272,5.733667477162185,51.44010333121272,11.436898107967467,17.026601849376377,10.208277825509848,5.749511833283905,0.0,20.14790641977492,6.7985257552614735,13.847474399381248,21.48489165916281,29.19048196106973,0.0,16.590311206764618,116.27000000000001,18.264972379664986,19.086016810659167,0.0,22.517050317280724,16.76753848399682,10.13055113948835,16.83031028786604,25.980208536304467,0.0,0.0,11.46733495432437,15.344086171531156,0.0,24.42199782690854,9.99156505271224,12.832129052238184,-0.8768511169900044,4.721070189630796,1.2766307634164775,2.4560387272192825,0.0,0.17647058823529413,25,5,7,0,0,0,1,1,2,3,0,4,3,8,2,3,0,0,0,0,0,3.7484971695746787,3,1.72274,92.71209999999999,0,0,1,2,0,1,1,1,0,2,0,2,0,0,0,1,0,1,1,1,1,1,0,0,1,0,0,0,0,0,0,0,1,1,0,1,1,0,0,0,0,0,0,0
Cc1ccc(O)c(C)c1-n1c(N)c(C(N)=O)c2cc(C3CC3)cnc21,8.4119543705,12.065698223733937,12.065698223733937,0.1639588582346525,-0.5773554421768703,0.6832214985366225,14.16,336.3950000000001,316.23500000000007,336.15862588,128,0.2526436569201556,-0.5076053723577229,0.5076053723577229,0.2526436569201556,1.32,2.04,2.68,16.255451841986904,10.079722897359032,2.2762810364386974,-2.1488353447975044,2.420475449070994,-2.137559554477821,6.1069732022922,0.10023804143197243,3.3628925090377235,2.100270619451113,1031.8155084509567,17.877950698581344,14.205554523664215,14.205554523664215,11.896754605515328,8.289588014748553,8.289588014748553,6.7491867054412475,6.7491867054412475,4.9888994701907645,4.9888994701907645,3.49396289433205,3.49396289433205,-3.0199999999999996,823639.6333135193,15.504357997206412,5.239753688750327,2.248233827344205,144.62830052496795,16.573862349165076,17.21455183188666,0.0,0.0,5.907179729351506,0.0,9.361636831863176,4.9839785209472085,0.0,0.0,6.06636706846161,55.86666081171187,17.146519277774868,11.250837766380558,9.901064578912528,22.758443942419056,0.0,9.551078168738563,5.733667477162185,32.60702369139466,5.733667477162185,46.64975074378589,11.436898107967467,11.46733495432437,5.817862777835028,5.749511833283905,0.0,20.56478529293077,0.0,13.847474399381248,45.807892442873225,24.395944776997908,0.0,16.720787709916085,107.16000000000001,5.907179729351506,9.901064578912528,0.0,17.130826102815927,22.51475897309091,29.655932503929574,0.0,10.633466716252965,32.17705210791755,4.9839785209472085,11.46733495432437,1.7187414965986394,0.0,16.653770786092213,10.787253737557672,16.21533525447216,0.3423348135550527,5.42612585736774,4.119334669792822,3.737103384563702,0.0,0.2631578947368421,25,5,6,1,0,1,1,1,2,3,0,4,3,6,2,3,1,0,1,0,0,3.2495606803027175,4,2.906440000000001,97.11410000000001,0,0,1,2,0,1,1,1,0,2,0,2,0,0,0,0,0,1,1,1,1,1,0,0,0,0,0,0,0,0,0,0,1,1,0,1,1,0,0,0,0,0,0,0
Cc1ccc(O)c(C)c1-n1c(N)c(C(N)=O)c2cc(Cl)c(C)nc21,8.15490196,11.922061602418744,11.922061602418744,0.12792635984434986,-0.6588621189216421,0.6637319730027409,11.166666666666666,344.802,327.66600000000005,344.1040034640001,124,0.25264439336553446,-0.5076053723577113,0.5076053723577113,0.25264439336553446,1.2916666666666667,1.9583333333333333,2.5833333333333335,35.4956918149176,10.080242795564933,2.2393956852999795,-2.1507143699543017,2.3627330607451476,-2.137320657498095,6.318065674982478,0.10023823255658582,2.765071906590457,2.548590084604089,1007.9736813495314,17.756630355021702,13.514604895921094,14.27053384193955,11.234958562966854,7.3001313091386315,7.678095782147859,5.76186534761345,6.169065474354056,4.183538517931519,4.566145125026981,2.940794592901583,3.0921612507560052,-2.7299999999999995,220766.1060940887,16.13920807271896,5.41874098747427,2.183932273403573,143.20751367658565,16.573862349165076,17.21455183188666,0.0,0.0,5.907179729351506,0.0,9.361636831863176,4.9839785209472085,0.0,0.0,17.667306958694127,38.46739722769209,10.949675706161791,21.967399074970345,9.901064578912528,34.359383832651574,0.0,9.551078168738563,5.733667477162185,20.771211599071872,5.733667477162185,45.6060169890656,11.436898107967467,11.46733495432437,5.817862777835028,5.749511833283905,11.600939890232516,20.56478529293077,0.0,20.771211599071872,27.17881965401127,18.19910120538483,5.022633313741326,16.720787709916085,107.16000000000001,5.907179729351506,9.901064578912528,0.0,17.130826102815927,33.00080051020287,5.563451491696996,0.0,36.613675252557435,6.923737199690624,4.9839785209472085,23.068274844556885,1.6420061728395061,6.155005319000027,16.410967498110352,10.982930156630555,15.163474899218947,-0.3610592158674155,5.0236961801181375,0.0,5.427423434394334,0.0,0.17647058823529413,24,5,6,0,0,0,1,1,2,3,0,4,3,7,2,2,0,0,0,0,0,3.6439245120424104,3,2.9908600000000005,94.8861,0,0,1,2,0,1,1,1,0,2,0,2,0,0,0,0,0,1,1,2,1,1,0,0,1,0,0,0,0,0,0,0,1,1,0,1,1,0,0,0,0,0,0,0
Cc1ccc(O)c(C)c1-n1c(N)c(C(N)=O)c2cc(Cl)cnc21,8.256517026333333,11.83713388133031,11.83713388133031,0.12633197208924773,-0.6613186570924661,0.6709726904355402,11.08695652173913,330.775,315.65500000000003,330.0883534000001,118,0.25264439011524326,-0.5076053723577227,0.5076053723577227,0.25264439011524326,1.3478260869565217,2.0434782608695654,2.6956521739130435,35.495691532386786,10.08038598902017,2.2319380661876695,-2.1475678595687397,2.355487747552675,-2.1373205035618845,6.310578951403136,0.1002388565081747,2.7540621037056234,2.515572136067755,962.6040190520142,16.886386867018626,12.59195516511072,13.347884111129176,10.824274960443894,6.873398535730627,7.251363008739855,5.359797568095604,5.796233348567589,3.885625223833205,4.092324176246055,2.8123866835530595,2.970290632318483,-2.7299999999999995,150294.6771234233,15.17667883986564,5.170682723876057,2.186451030123149,136.84257156218902,16.573862349165076,17.21455183188666,0.0,0.0,5.907179729351506,0.0,9.361636831863176,4.9839785209472085,0.0,0.0,17.667306958694127,31.54366002800146,17.146519277774868,16.273471080121883,9.901064578912528,34.359383832651574,0.0,9.551078168738563,5.733667477162185,13.847474399381248,5.733667477162185,46.108932565830216,11.436898107967467,11.46733495432437,5.817862777835028,5.749511833283905,11.600939890232516,20.56478529293077,0.0,13.847474399381248,21.48489165916281,24.395944776997908,5.022633313741326,16.720787709916085,107.16000000000001,5.907179729351506,9.901064578912528,0.0,17.130826102815927,27.306872515354407,5.563451491696996,6.196843571613076,29.68993805286681,6.923737199690624,4.9839785209472085,23.068274844556885,1.6211728395061726,5.9860238375185455,16.131595332577476,10.874542810951542,14.440159202569918,-0.3691842158674157,4.974648088659332,1.4703036029226504,3.6485162789395593,0.0,0.125,23,5,6,0,0,0,1,1,2,3,0,4,3,7,2,2,0,0,0,0,0,3.4119039601351555,3,2.6824399999999997,90.14909999999999,0,0,1,2,0,1,1,1,0,2,0,2,0,0,0,0,0,1,1,1,1,1,0,0,1,0,0,0,0,0,0,0,1,1,0,1,1,0,0,0,0,0,0,0
Cc1ccc(O)c(C)c1-n1c(N)c(C(N)=O)c2cc(NC(N)=O)cnc21,7.698970004,11.990384070294784,11.990384070294784,0.07200302343159493,-0.7649535475347158,0.48059306176959926,10.846153846153847,354.37000000000006,336.22600000000006,354.144038436,134,0.3161664582809428,-0.5076053723577226,0.5076053723577226,0.3161664582809428,1.2307692307692308,1.9230769230769231,2.5384615384615383,16.255494954892175,10.080349394513402,2.2356997515062926,-2.1489112470442797,2.356642740373955,-2.1895533683023825,6.114326680976367,0.10023451645657559,2.8270319439426403,2.412141106693052,1070.2808404292657,19.170843917394794,14.199589251754983,14.199589251754983,12.218121810561247,7.677215579052758,7.677215579052758,5.919505582565555,5.919505582565555,4.186531640966366,4.186531640966366,3.048496505512405,3.048496505512405,-3.75,572564.4336705909,17.085370390052077,5.955882352941177,2.549687825182102,147.95552243036852,27.62431843033359,17.21455183188666,0.0,0.0,5.907179729351506,6.031114512338072,9.361636831863176,9.77851570501903,0.0,0.0,6.06636706846161,31.54366002800146,10.949675706161791,23.135067612677197,14.69560176298435,34.47694472944069,0.0,9.551078168738563,11.46733495432437,13.847474399381248,11.050456081168516,41.08629925208889,11.436898107967467,22.517791035492888,16.29978623659041,5.749511833283905,0.0,26.595899805268843,0.0,13.847474399381248,21.48489165916281,24.395944776997908,0.0,16.720787709916085,162.28000000000003,11.938294241689578,14.69560176298435,0.0,17.130826102815927,27.97162547629664,5.563451491696996,12.263210640074686,23.6235709844052,6.923737199690624,10.30076712495354,17.201002431486554,1.5633536470143612,0.0,27.378017517128267,12.842341184815933,19.57777531681482,-0.5627319972729417,4.065167395368515,1.390149281934996,3.5792609875293855,0.0,0.11764705882352941,26,8,9,0,0,0,3,1,2,3,0,5,5,9,2,3,0,0,0,0,0,3.9137867692144184,3,1.51964,98.34519999999999,0,0,1,2,0,1,2,2,0,2,1,3,0,0,0,0,0,3,2,1,1,1,0,0,0,0,0,0,0,0,0,0,1,1,0,2,1,0,0,0,0,0,0,1
Cc1ccc(O)c(C)c1-n1c(N)c(C(N)=O)c2nc(-c3ncc(F)cc3F)cnc21,7.301029996,14.175479815331908,14.175479815331908,0.02407150205761277,-0.9339350290161976,0.475630551738109,11.2,410.38400000000007,394.25600000000014,410.13028019200004,152,0.254250457811318,-0.507605372328286,0.507605372328286,0.254250457811318,1.1666666666666667,1.9,2.566666666666667,19.1454892305783,10.080386813111295,2.254703140320777,-2.147008657583826,2.3516205021689554,-2.140040489179856,6.094204605424153,0.10022097005219745,2.9646524864199684,2.0711395136889124,1349.3721966826636,21.739758018147143,15.94169709830949,15.94169709830949,14.20128505815564,8.780075189827151,8.780075189827151,6.746516359336585,6.746516359336585,4.8234080203339555,4.8234080203339555,3.4167049207638494,3.4167049207638494,-4.079999999999999,5375472.312546849,19.245734749746045,6.761867085918247,2.8059410152954944,168.36676630911685,16.573862349165076,39.85260365117501,11.464398061813622,0.0,5.907179729351506,0.0,9.361636831863176,23.732765658191266,0.0,0.0,6.06636706846161,25.477292959539852,11.629818560158606,18.081073417909714,18.681894674262168,22.888920445570523,0.0,19.51903521063298,5.733667477162185,13.847474399381248,5.733667477162185,58.917584505793755,22.82475409766439,11.46733495432437,14.598692873184667,5.749511833283905,0.0,30.532742334825187,0.0,25.481916081473038,21.48489165916281,30.592788348610984,0.0,28.239120202764475,132.94,17.541621411443295,18.681894674262168,0.0,39.682560030896845,17.31720483484217,11.760295063310071,16.83031028786604,19.913841467842857,0.0,14.951935562841626,11.46733495432437,28.837176603053503,0.0,24.46399482438624,10.148159301750571,13.381898740288893,-2.630540044558594,3.8953409821391833,2.081462828831155,3.4891734307757174,0.0,0.1,30,5,8,0,0,0,1,1,3,4,0,6,3,10,3,3,0,0,0,0,0,4.337903344954028,4,2.76424,106.08109999999999,0,0,1,4,0,1,1,1,0,4,0,2,0,0,0,0,0,1,1,1,1,1,0,0,2,0,0,0,0,0,0,0,1,1,0,1,1,0,0,0,0,0,0,0
Cc1ccc(O)c(C)c1-n1c(N)c(C(N)=O)c2nc(-c3nccs3)cnc21,7.734260541499999,12.113706459435626,12.113706459435626,0.09541572184429348,-0.6969463340891913,0.5001018391694799,11.185185185185185,380.43300000000005,364.3050000000001,380.10554475200007,136,0.25425046289173375,-0.507605372328286,0.507605372328286,0.25425046289173375,1.2592592592592593,2.037037037037037,2.7037037037037037,32.13348110746923,10.080415954382914,2.250058501112173,-2.1464192817835577,2.351832676634393,-2.1397712528309127,7.125466141289857,0.10022268778212512,3.2483746811542344,2.1033157185248696,1196.7566855476744,19.292164260954436,14.5940164427549,15.410513023682626,12.896754605515328,8.059245051994266,8.938897863249162,6.099808018439432,6.994374136877843,4.424413624363113,5.2200203757320365,3.1525443535876976,3.7439702285984544,-3.4599999999999995,1867932.3831522064,16.979013157259605,6.060554000772845,2.5109600695146743,157.67605877367592,16.573862349165076,33.34907851213342,5.647177220767728,0.0,5.907179729351506,0.0,9.361636831863176,14.951935562841626,0.0,11.336785877934737,6.06636706846161,25.477292959539852,17.140357833775987,11.884229846296638,9.901064578912528,34.225706323505264,0.0,19.51903521063298,5.733667477162185,13.847474399381248,5.733667477162185,46.596838525706275,22.13844979966869,11.46733495432437,5.817862777835028,5.749511833283905,11.336785877934737,30.532742334825187,0.0,13.847474399381248,21.48489165916281,29.90648405061529,0.0,27.552815904768778,132.94,5.907179729351506,9.901064578912528,0.0,17.130826102815927,33.11626739646577,5.563451491696996,11.336785877934737,36.01725812763135,12.30379997015654,14.951935562841626,11.46733495432437,1.6095672713529856,1.4121668776683203,25.373335361144257,12.650532013948322,15.29907661984547,-0.4511790485248268,3.3765232315250353,3.2452544010155844,3.651389938691526,0.0,0.1111111111111111,27,5,8,0,0,0,1,1,3,4,0,7,3,9,3,3,0,0,0,0,0,3.811193559977943,4,2.5475400000000006,104.04209999999998,0,0,1,4,0,1,1,1,0,4,0,2,0,0,0,0,0,1,1,1,1,1,0,0,0,0,0,0,0,0,0,0,1,1,0,1,0,0,0,0,0,1,0,0
Cc1ccc(O)c(C)c1-n1c(N)c(C(N)=O)c2nc(C(C)(C)O)cnc21,7.611649408,12.027398904006045,12.027398904006045,0.028465608465608305,-1.2462138080540859,0.5629337647709439,11.884615384615385,355.3980000000001,334.23000000000013,355.164439532,136,0.2542502137811217,-0.507605372328286,0.507605372328286,0.2542502137811217,1.2692307692307692,1.9230769230769231,2.5,16.282452872762562,10.065893959866724,2.2698609988215677,-2.166493626585001,2.3495264825233426,-2.183943715165153,6.091616855580402,0.07373140334860843,2.8231940645345124,2.4759584409877013,1047.3867888330967,19.386386867018622,15.031067613911784,15.031067613911784,12.035599825849081,8.027886423286326,8.027886423286326,6.821567911346617,6.821567911346617,4.399806859336658,4.399806859336658,2.9943311471214153,2.9943311471214153,-3.13,482822.6489166923,17.685288959768116,5.702750952805357,2.5477201783849344,149.6480134116397,21.68038974400578,28.248577631415877,5.647177220767728,0.0,5.907179729351506,0.0,9.361636831863176,9.967957041894417,0.0,0.0,6.06636706846161,39.32476735892109,5.563451491696996,17.5781578411451,15.007591973753234,22.888920445570523,0.0,14.53505668968577,5.733667477162185,33.29599960974618,5.733667477162185,40.71386017847574,11.436898107967467,11.46733495432437,5.817862777835028,5.749511833283905,0.0,30.655291208718683,5.601050810983688,13.847474399381248,41.02629405339252,18.3295777085363,0.0,16.85126421306755,140.28000000000003,11.508230540335195,15.007591973753234,0.0,28.341454815280652,16.898014987148287,5.563451491696996,6.196843571613076,37.471045383786446,6.923737199690624,9.967957041894417,11.46733495432437,1.5565154950869236,0.0,20.777957766439908,20.306650248100464,13.364231019568322,-0.5744010351053985,3.3279964655487744,1.4270937263794405,6.730622980648233,0.0,0.2777777777777778,26,6,8,0,0,0,1,1,2,3,0,6,4,8,2,3,0,0,0,0,0,3.8790307102290646,3,1.6514399999999998,98.17890000000001,1,0,1,3,0,1,1,1,0,3,0,2,0,0,0,0,0,1,1,1,1,1,0,0,0,0,0,0,0,0,0,0,1,1,0,1,0,0,0,0,0,0,0,0
Cc1ccc(O)c(C)c1-n1c(N)c(C(N)=O)c2nc(C)c(C)nc21,7.991769712666667,11.925145502645503,11.925145502645503,0.13358129671621777,-0.6627201436130001,0.6656630171283674,11.166666666666666,325.37200000000007,306.2200000000001,325.15387484800004,124,0.2542501958457531,-0.5076053723282768,0.5076053723282768,0.2542501958457531,1.125,1.75,2.375,16.25545275172226,10.080302728654893,2.248372992025403,-2.1492954449975823,2.3458526312279178,-2.1398899604474484,6.092041591516096,0.10022192531328894,2.765071906590457,2.548590084604089,1004.3640408750946,17.756630355021702,14.0065037492222,14.0065037492222,11.234958562966854,7.48101239894435,7.48101239894435,5.901735408303457,5.901735408303457,4.308323255344935,4.308323255344935,2.9003915996894696,2.9003915996894696,-3.09,220766.1060940887,15.792335962120768,5.225961757497957,2.087103742743192,138.4888375450471,16.573862349165076,22.64752682043219,5.647177220767728,0.0,5.907179729351506,0.0,9.361636831863176,9.967957041894417,0.0,0.0,6.06636706846161,39.32476735892109,5.563451491696996,17.075242264380485,9.901064578912528,22.888920445570523,0.0,14.53505668968577,5.733667477162185,27.694948798762496,5.733667477162185,40.21094460171113,11.436898107967467,11.46733495432437,5.817862777835028,5.749511833283905,0.0,25.54876381387798,0.0,27.694948798762496,32.87274764885973,12.13273413692322,0.0,16.85126421306755,120.05000000000001,5.907179729351506,9.901064578912528,0.0,17.130826102815927,28.10864369961301,11.257379486545457,0.0,23.6235709844052,20.771211599071872,9.967957041894417,11.46733495432437,1.6381481481481481,0.0,20.941977513227513,10.081707346518854,16.31969786680104,-0.3631203283782636,3.3963061119509534,0.0,7.318616675065088,0.0,0.23529411764705882,24,5,7,0,0,0,1,1,2,3,0,5,3,7,2,2,0,0,0,0,0,3.4387559916501185,3,2.0408799999999996,92.4081,0,0,1,3,0,1,1,1,0,3,0,2,0,0,0,0,0,1,1,3,1,1,0,0,0,0,0,0,0,0,0,0,1,1,0,1,0,0,0,0,0,0,0,0
Cc1ccc(O)c(C)c1-n1c(N)c(C(N)=O)c2nc(C3CC3)cnc21,8.12558357,12.025698223733936,12.025698223733936,0.14355069496934636,-0.6398554421768703,0.6770823780916599,14.16,337.3830000000001,318.2310000000001,337.15387484800004,128,0.2542501963000791,-0.507605372328286,0.507605372328286,0.2542501963000791,1.32,2.04,2.68,16.255454239748957,10.080388576139582,2.290051369990988,-2.1467857709741867,2.4039375312183977,-2.1401517149250813,6.091632512367651,0.10022158121119387,3.3628925090377235,2.100270619451113,1033.8578407059865,17.877950698581344,14.075417849974547,14.075417849974547,11.896754605515328,8.159451341058885,8.159451341058885,6.576449756587824,6.576449756587824,4.787235819787772,4.787235819787772,3.2889975444493156,3.2889975444493156,-3.09,823639.6333135193,15.43842485053781,5.203949785915831,2.2296154269239383,143.84794850591447,16.573862349165076,22.64752682043219,5.647177220767728,0.0,5.907179729351506,0.0,9.361636831863176,9.967957041894417,0.0,0.0,6.06636706846161,38.31893620539187,11.48135753785839,17.5781578411451,9.901064578912528,22.888920445570523,0.0,14.53505668968577,5.733667477162185,32.60702369139466,5.733667477162185,40.71386017847574,11.436898107967467,11.46733495432437,5.817862777835028,5.749511833283905,0.0,25.54876381387798,0.0,13.847474399381248,45.93836894602468,18.3295777085363,0.0,16.85126421306755,120.05000000000001,5.907179729351506,9.901064578912528,0.0,17.130826102815927,28.33262175092594,24.099022732397476,0.0,29.820414556018278,6.923737199690624,9.967957041894417,11.46733495432437,1.6562414965986394,0.0,21.171789493575208,10.108163129092063,15.981023085159991,0.08581553917863538,3.4174566396806654,3.883223558681711,3.6962870580330898,0.0,0.2777777777777778,25,5,7,1,0,1,1,1,2,3,0,5,3,7,2,3,1,0,1,0,0,3.2136315078333553,4,2.3014400000000004,94.90910000000001,0,0,1,3,0,1,1,1,0,3,0,2,0,0,0,0,0,1,1,1,1,1,0,0,0,0,0,0,0,0,0,0,1,1,0,1,0,0,0,0,0,0,0,0
Cc1ccc(O)c(C)c1-n1c(N)c(C(N)=O)c2nc(N3CCOCC3)cnc21,7.602059991,12.18289525069287,12.18289525069287,0.12477064436885832,-0.6757993722180224,0.6209647072044411,14.571428571428571,382.4240000000002,360.24800000000016,382.175338564,146,0.25425161811971664,-0.5076053723282858,0.5076053723282858,0.25425161811971664,1.25,1.9642857142857142,2.642857142857143,16.477563663040325,10.080425775720853,2.2568544932727206,-2.2699219156985486,2.349776930196076,-2.3638996973439577,6.09380241294608,0.10021260831667238,2.9715383451982227,1.9965829405990327,1085.1978701447292,19.999271042140983,15.767743029121839,15.767743029121839,13.396754605515328,8.987692224509624,8.987692224509624,6.834929990635423,6.834929990635423,5.0953382358688,5.0953382358688,3.6350629779576074,3.6350629779576074,-3.33,2681421.11347983,18.052915404577863,6.681223691786297,2.7105033811463493,161.08626952002135,26.210635033815603,28.46538959826722,5.647177220767728,0.0,5.907179729351506,0.0,9.361636831863176,9.967957041894417,0.0,0.0,6.06636706846161,25.477292959539852,18.652964303522147,25.097993775322475,14.637927532712578,28.70678322340555,0.0,14.53505668968577,5.733667477162185,13.847474399381248,36.93685394886365,35.01993218362728,11.436898107967467,16.367244685174846,11.635725555670057,5.749511833283905,0.0,51.852040554728966,4.736862953800049,13.847474399381248,21.48489165916281,18.3295777085363,0.0,16.85126421306755,132.52,5.907179729351506,9.901064578912528,0.0,17.130826102815927,54.53585522345056,5.563451491696996,0.0,29.820414556018278,11.823646930541102,9.967957041894417,16.20419790812442,7.012310200765635,0.0,23.43324913916184,10.17878936183368,14.99026087118349,0.239572239261995,3.3984760212818266,1.6545937263794406,6.259415106798765,0.0,0.3157894736842105,28,5,9,0,1,1,1,1,2,3,0,7,3,9,3,3,0,1,1,0,0,4.307698789531408,4,1.2606399999999995,105.9661,0,0,1,3,0,1,1,1,0,4,0,2,0,0,0,0,0,1,2,1,1,1,0,1,0,0,0,0,0,1,0,0,1,1,0,1,0,0,0,0,0,0,0,0
Cc1ccc(O)c(C)c1-n1c(N)c(C(N)=O)c2nc3c(-c4ccnn4C)cccc3nc21,7.3583493859999995,12.418591742252456,12.418591742252456,0.09384448223733965,-0.7005799634668677,0.40462738883972454,11.46875,427.46800000000013,406.30000000000024,427.1756729120001,160,0.2542504549957806,-0.5076053723282666,0.5076053723282666,0.2542504549957806,1.0625,1.84375,2.53125,16.25546481493493,10.079593179585377,2.2568741903792904,-2.150104908446759,2.364346352431474,-2.139628160287698,6.109938959480589,0.10022243301636388,3.295363472532798,1.946076622250584,1562.461586332583,22.73132184970986,17.787682286170245,17.787682286170245,15.290601455632682,9.976057085725884,9.976057085725884,7.744275909308032,7.744275909308032,5.793154870525832,5.793154870525832,4.2217681330688706,4.2217681330688706,-4.3999999999999995,23225721.754411157,19.55681781765743,6.808642534643566,2.640296136724636,182.4698876254106,16.573862349165076,22.64752682043219,5.647177220767728,0.0,5.907179729351506,0.0,14.043439767008362,9.967957041894417,5.098681808301038,0.0,18.19910120538483,37.61002709646307,24.37141853768426,22.414715704764546,9.901064578912528,33.92232188080305,0.0,24.315541433131994,12.781339459839375,13.847474399381248,5.733667477162185,59.28540045747372,22.694277594512926,11.46733495432437,5.817862777835028,5.749511833283905,0.0,35.329248557324206,7.04767198267719,13.847474399381248,21.48489165916281,42.595045982382736,0.0,39.14204513484554,137.87,5.907179729351506,9.901064578912528,0.0,17.130826102815927,33.44811713999707,16.82083097824245,0.0,34.502217491163464,38.23687745621425,5.098681808301038,21.435291996218787,3.3865529018974185,0.0,22.066888227513225,14.554590745962082,17.954155551338996,-0.4631662199366011,10.943884719053717,1.70521601331805,3.674439825312841,1.8441049022069391,0.13043478260869565,32,5,9,0,0,0,1,2,3,5,0,6,3,9,3,3,0,0,0,0,0,4.161105676111798,5,2.9777400000000007,122.64209999999999,0,0,1,5,0,1,1,1,0,5,0,2,0,0,0,0,0,1,1,2,2,2,0,0,0,0,0,0,0,0,0,1,1,1,0,1,0,0,0,0,0,0,0,0
Cc1ccc(O)c(C)c1-n1c(N)c(C(N)=O)c2nc3c(Br)cccc3nc21,7.98634673625,12.138207868795666,12.138207868795666,0.10860733182161764,-0.6875807823129245,0.45422225530219545,11.37037037037037,426.27400000000006,410.14600000000013,425.048736852,136,0.2542504580209732,-0.5076053723282666,0.5076053723282666,0.2542504580209732,1.1481481481481481,1.8888888888888888,2.5925925925925926,79.91873123930978,10.080314233482259,2.2515435167481233,-2.1485088300494226,2.357791772573393,-2.1394880896160124,9.103917973830855,0.10022358469727877,2.891504466204015,2.243780189685672,1262.653699685596,19.455300967770967,14.616519029800305,16.20251556891501,12.807438208038288,8.164011571305256,8.957009840862607,6.338483277580394,7.192820176754915,4.64704949967173,5.28695162725718,3.3427813218434794,3.7871731547513834,-3.1299999999999994,1380600.8544694986,17.292166771076165,5.951915593271635,2.441840150391596,162.3081654536304,16.573862349165076,28.16422753804845,5.647177220767728,0.0,5.907179729351506,0.0,9.361636831863176,9.967957041894417,0.0,0.0,12.13273413692322,53.53997099441242,10.03617100752941,11.204086992299825,9.901064578912528,49.8522657787524,0.0,14.53505668968577,5.733667477162185,13.847474399381248,5.733667477162185,51.49490933323145,11.436898107967467,11.46733495432437,5.817862777835028,5.749511833283905,15.929943897949348,25.54876381387798,0.0,13.847474399381248,21.48489165916281,34.80455485814046,0.0,27.884665648300075,120.05000000000001,5.907179729351506,9.901064578912528,0.0,17.130826102815927,33.44811713999707,10.03617100752941,0.0,23.6235709844052,25.122838405075452,20.913922418896558,16.45131347527158,2.382896195515243,3.4574171792479875,21.44353524974805,10.184958035224088,16.132977568342152,-0.42860266019988114,8.910156384587301,0.0,3.6666620475350635,0.0,0.10526315789473684,27,5,7,0,0,0,1,2,2,4,0,5,3,8,2,2,0,0,0,0,0,3.811908038748957,4,3.339740000000001,108.14009999999999,0,0,1,3,0,1,1,1,0,3,0,2,0,0,0,0,0,1,1,1,2,2,0,0,1,0,0,0,0,0,0,1,1,1,0,1,0,0,0,0,0,0,0,0
Cc1ccc(O)c(C)c1-n1c(N)c(C(N)=O)c2nc3c(C#N)cccc3nc21,7.8847755395,12.154459797808013,12.154459797808013,0.027116402116402094,-0.7501870748299317,0.492819420985027,11.035714285714286,372.3880000000001,356.26000000000016,372.13347375200004,138,0.25425045880770697,-0.5076053723282666,0.5076053723282666,0.25425045880770697,1.1785714285714286,1.9285714285714286,2.607142857142857,16.255456810322702,10.080186325348002,2.2529436711726447,-2.1484000209544205,2.3534313837024827,-2.139588475153363,6.105034271760367,0.10022303772458017,2.940634853648912,2.247453064027927,1347.0549901392635,20.162407748957513,15.185768152291036,15.185768152291036,13.345443010499073,8.448636132550622,8.448636132550622,6.5160241803824865,6.5160241803824865,4.816738603619392,4.816738603619392,3.4671939874929487,3.4671939874929487,-4.12,2372610.0627786736,17.301662414965985,5.957185202717753,2.2661394116958404,159.19813964385438,16.573862349165076,34.23344885084072,5.647177220767728,0.0,5.907179729351506,0.0,9.361636831863176,9.967957041894417,5.261891554738487,0.0,12.13273413692322,37.61002709646307,5.563451491696996,16.76753848399682,9.901064578912528,33.92232188080305,5.261891554738487,14.53505668968577,5.733667477162185,13.847474399381248,5.733667477162185,52.58564130909603,17.50611942075974,11.46733495432437,5.817862777835028,5.749511833283905,0.0,25.54876381387798,0.0,25.178587266912007,27.048343150859804,30.33183534230805,0.0,27.884665648300075,143.84000000000003,5.907179729351506,15.162956133651015,0.0,22.64752682043219,33.49486791407781,5.563451491696996,0.0,41.82267218979003,6.923737199690624,16.03717835468669,11.46733495432437,1.5747033257747542,0.0,21.28207884542706,19.54724017861915,15.619019143151087,-0.5871279174102035,10.45854007938243,0.0,3.6055463450557244,0.0,0.1,28,5,8,0,0,0,1,2,2,4,0,6,3,8,2,2,0,0,0,0,0,3.6810431186019024,4,2.44892,105.15509999999999,0,0,1,3,0,1,1,1,0,4,0,2,0,0,0,0,0,1,1,1,2,2,0,0,0,0,0,0,0,0,1,1,1,1,0,1,0,0,0,0,0,0,0,0
Cc1ccc(O)c(C)c1-n1c(N)c(C(N)=O)c2nc3c(C4=CCCC4)cccc3nc21,7.037860357,12.39476458175863,12.39476458175863,0.13118536772937972,-0.6639608791047278,0.46604107780850357,13.806451612903226,413.4810000000002,390.29700000000025,413.18517497600004,156,0.25425045495111054,-0.5076053723282666,0.5076053723282666,0.25425045495111054,1.1290322580645162,1.935483870967742,2.6451612903225805,16.255459630645746,10.032273441859324,2.257778198468144,-2.150542913312794,2.3714639184661537,-2.1396493938945147,6.10801860086163,0.10022276754952254,3.3584416162476187,1.9233725313356942,1431.6956639456496,21.86107836170678,17.437225169540344,17.437225169540344,14.879917853109722,10.275506150452589,10.275506150452589,8.02581185975349,8.02581185975349,6.08321533402818,6.08321533402818,4.55158820273198,4.55158820273198,-3.869999999999999,16647324.909913171,19.11482700392508,6.8364534129348336,2.7686372218558164,178.5698942342586,16.573862349165076,22.64752682043219,5.647177220767728,0.0,5.907179729351506,0.0,9.361636831863176,9.967957041894417,0.0,0.0,24.27512131221871,56.37922942684876,11.126902983393991,16.720787709916088,9.901064578912528,39.49542641087231,0.0,14.53505668968577,5.733667477162185,33.10993926815928,5.733667477162185,58.66166141592991,11.436898107967467,11.46733495432437,5.817862777835028,5.749511833283905,0.0,25.54876381387798,0.0,13.847474399381248,46.31080801963783,36.407855449141934,0.0,33.457770178369344,120.05000000000001,5.907179729351506,9.901064578912528,0.0,17.130826102815927,27.93141642238081,35.90606856978828,5.573104530069267,23.6235709844052,25.122838405075452,6.076020106833881,21.435291996218787,1.6743683075081883,0.0,22.12513589695137,10.306193418915765,18.994453959039998,-0.36959211610365883,9.33514581076866,5.390479323685805,3.7104820659005364,0.0,0.20833333333333334,31,5,7,1,0,1,1,2,2,4,0,5,3,7,2,3,0,0,0,0,0,4.215407235762662,5,4.144540000000002,122.2681,0,0,1,3,0,1,1,1,0,3,0,2,0,0,0,0,2,1,1,1,2,2,0,0,0,0,0,0,0,0,0,1,1,1,0,1,0,0,0,0,0,0,0,0
Cc1ccc(O)c(C)c1-n1c(N)c(C(N)=O)c2nc3cc(-c4ccnn4C)ccc3nc21,7.583745543999999,12.351753331778582,12.351753331778582,0.09951782564877809,-0.6961589296212305,0.40462738883972454,11.46875,427.46800000000013,406.30000000000024,427.1756729120001,160,0.2542504512493872,-0.5076053723282666,0.5076053723282666,0.2542504512493872,1.0625,1.84375,2.53125,16.25546468555333,10.080067866514831,2.251282338809615,-2.148870456339304,2.356267880000521,-2.139441552481797,6.104152703413355,0.10022257127899463,3.2961376659255457,1.8685234758228746,1562.461586332583,22.73132184970986,17.787682286170245,17.787682286170245,15.273764703227075,9.970074021582178,9.970074021582178,7.774463666838228,7.774463666838228,5.782303411572582,5.782303411572582,4.17049494226486,4.17049494226486,-4.3999999999999995,22870264.379575063,19.55681781765743,6.808642534643566,2.710607205845302,182.4698876254106,16.573862349165076,22.64752682043219,5.647177220767728,0.0,5.907179729351506,0.0,14.043439767008362,9.967957041894417,5.098681808301038,0.0,12.13273413692322,43.67639416492468,24.37141853768426,22.414715704764546,9.901064578912528,33.92232188080305,0.0,24.315541433131994,12.781339459839375,13.847474399381248,5.733667477162185,59.28540045747373,22.694277594512926,11.46733495432437,5.817862777835028,5.749511833283905,0.0,35.329248557324206,7.04767198267719,13.847474399381248,21.48489165916281,42.595045982382736,0.0,39.14204513484554,137.87,5.907179729351506,9.901064578912528,0.0,17.130826102815927,33.44811713999707,16.82083097824245,0.0,34.502217491163464,38.23687745621425,5.098681808301038,21.435291996218787,3.407875215887967,0.0,21.866560588014412,14.502611521359647,18.084472418214308,-0.45217146364353256,10.999509616617232,1.7225731487271336,3.673773583873484,1.8614620376160225,0.13043478260869565,32,5,9,0,0,0,1,2,3,5,0,6,3,9,3,3,0,0,0,0,0,4.161105676111798,5,2.9777400000000007,122.6421,0,0,1,5,0,1,1,1,0,5,0,2,0,0,0,0,0,1,1,2,2,2,0,0,0,0,0,0,0,0,0,0,1,1,0,1,0,0,0,0,0,0,0,0
Cc1ccc(O)c(C)c1-n1c(N)c(C(N)=O)c2nc3cc(Br)ccc3nc21,7.483288121999999,12.122676366843033,12.122676366843033,0.11251700680272103,-0.6848555602796671,0.45422225530219545,11.37037037037037,426.27400000000006,410.14600000000013,425.048736852,136,0.254250451260794,-0.5076053723282666,0.5076053723282666,0.254250451260794,1.1481481481481481,1.8888888888888888,2.5925925925925926,79.91873123444525,10.080314757924565,2.2489384966881025,-2.1481740058979346,2.35313924477532,-2.1394152869715364,9.103023565527572,0.10022364525427792,2.880605863375765,2.2209283337370684,1262.653699685596,19.455300967770967,14.616519029800305,16.20251556891501,12.79060145563268,8.15802850716155,8.9510267767189,6.363951294678873,7.279626823470563,4.627669584519764,5.120921223236804,3.3272551878082823,3.676256643552367,-3.1299999999999994,1335970.2679222757,17.292166771076165,5.951915593271635,2.520136950348261,162.3081654536304,16.573862349165076,22.64752682043219,5.647177220767728,0.0,5.907179729351506,0.0,9.361636831863176,9.967957041894417,0.0,0.0,21.99631096641096,43.67639416492468,10.03617100752941,16.720787709916088,9.901064578912528,49.8522657787524,0.0,14.53505668968577,5.733667477162185,13.847474399381248,5.733667477162185,51.494909333231455,11.436898107967467,11.46733495432437,5.817862777835028,5.749511833283905,15.929943897949348,25.54876381387798,0.0,13.847474399381248,21.48489165916281,34.80455485814046,0.0,27.884665648300075,120.05000000000001,5.907179729351506,9.901064578912528,0.0,17.130826102815927,33.44811713999707,10.03617100752941,0.0,23.6235709844052,25.122838405075452,25.897900939843765,11.46733495432437,2.4770748679981636,3.4102503357416327,21.395619488536155,10.180089463139607,16.1545419186193,-0.4220539438482249,8.88677630250141,0.0,3.6677015673119566,0.0,0.10526315789473684,27,5,7,0,0,0,1,2,2,4,0,5,3,8,2,2,0,0,0,0,0,3.811908038748957,4,3.339740000000001,108.14009999999999,0,0,1,3,0,1,1,1,0,3,0,2,0,0,0,0,0,1,1,1,2,2,0,0,1,0,0,0,0,0,0,0,1,1,0,1,0,0,0,0,0,0,0,0
Cc1ccc(O)c(C)c1-n1c(N)c(C(N)=O)c2nc3cc(C#N)ccc3nc21,7.5,12.135762786596118,12.135762786596118,0.049910714285714475,-0.7344472526664985,0.492819420985027,11.035714285714286,372.3880000000001,356.26000000000016,372.13347375200004,138,0.25425045126365364,-0.5076053723282666,0.5076053723282666,0.25425045126365364,1.1785714285714286,1.9285714285714286,2.607142857142857,16.255456734369425,10.080249516202251,2.249449015847709,-2.1481238017978788,2.351432684126588,-2.139434577340231,6.103194103953867,0.10022315124028448,2.9391908041215857,2.206233983563035,1347.0549901392635,20.162407748957516,15.185768152291036,15.185768152291036,13.328606258093465,8.442653068406916,8.442653068406916,6.546211937912683,6.546211937912683,4.794722594981511,4.794722594981511,3.423651990840439,3.423651990840439,-4.12,2331216.2470982317,17.301662414965985,5.957185202717753,2.3376446366053436,159.1981396438544,16.573862349165076,22.64752682043219,5.647177220767728,0.0,5.907179729351506,0.0,9.361636831863176,9.967957041894417,5.261891554738487,0.0,6.06636706846161,43.67639416492468,5.563451491696996,28.353460514405356,9.901064578912528,33.92232188080305,5.261891554738487,14.53505668968577,5.733667477162185,13.847474399381248,5.733667477162185,52.58564130909603,17.50611942075974,11.46733495432437,5.817862777835028,5.749511833283905,0.0,25.54876381387798,0.0,25.178587266912007,27.048343150859804,30.33183534230805,0.0,27.884665648300075,143.84000000000003,5.907179729351506,9.901064578912528,0.0,22.64752682043219,33.49486791407781,5.563451491696996,0.0,41.82267218979003,6.923737199690624,16.03717835468669,16.729226509062855,1.5877556531872008,0.0,21.281092529604436,19.298852466869658,15.963921549029774,-0.5492638055120009,10.301363363659572,0.0,3.61627824316136,0.0,0.1,28,5,8,0,0,0,1,2,2,4,0,6,3,8,2,2,0,0,0,0,0,3.6810431186019024,4,2.44892,105.15509999999999,0,0,1,3,0,1,1,1,0,4,0,2,0,0,0,0,0,1,1,1,2,2,0,0,0,0,0,0,0,0,1,0,1,1,0,1,0,0,0,0,0,0,0,0
Cc1ccc(O)c(C)c1-n1c(N)c(C(N)=O)c2nc3cc(C4=CCCC4)ccc3nc21,7.4119543705,12.331959943348831,12.331959943348831,0.13028104955913267,-0.6666527567817246,0.46604107780850357,13.806451612903226,413.4810000000002,390.29700000000025,413.18517497600004,156,0.2542504512493065,-0.5076053723282666,0.5076053723282666,0.2542504512493065,1.1290322580645162,1.935483870967742,2.6451612903225805,16.255459534469292,10.047070261850678,2.251753600354705,-2.149046265768247,2.3603488085362367,-2.1394483283808112,6.103915526955303,0.10022285404466733,3.3600111576599483,1.8554012847657042,1431.6956639456496,21.86107836170678,17.437225169540344,17.437225169540344,14.863081100704115,10.269523086308883,10.269523086308883,8.055999617283687,8.055999617283687,6.077389577043283,6.077389577043283,4.4869013123750605,4.4869013123750605,-3.869999999999999,16425162.543383833,19.11482700392508,6.8364534129348336,2.8448731518524264,178.56989423425864,16.573862349165076,22.64752682043219,5.647177220767728,0.0,5.907179729351506,0.0,9.361636831863176,9.967957041894417,0.0,0.0,18.208754243757102,68.00904798700738,5.563451491696996,16.720787709916088,9.901064578912528,39.49542641087231,0.0,14.53505668968577,5.733667477162185,33.10993926815928,5.733667477162185,58.66166141592991,11.436898107967467,11.46733495432437,5.817862777835028,5.749511833283905,0.0,25.54876381387798,0.0,13.847474399381248,46.31080801963783,36.407855449141934,0.0,33.457770178369344,120.05000000000001,5.907179729351506,9.901064578912528,0.0,17.130826102815927,33.44811713999707,30.389367852172022,5.573104530069267,23.6235709844052,19.056471336613843,12.142387175295491,21.435291996218787,1.6663320420760896,0.0,21.906893333371507,10.283826836622861,19.011299518149265,-0.3758801896278996,9.419429473229007,5.550378985474653,3.7043866673711827,0.0,0.20833333333333334,31,5,7,1,0,1,1,2,2,4,0,5,3,7,2,3,0,0,0,0,0,4.215407235762662,5,4.144540000000002,122.2681,0,0,1,3,0,1,1,1,0,3,0,2,0,0,0,0,2,1,1,1,2,2,0,0,0,0,0,0,0,0,0,0,1,1,0,1,0,0,0,0,0,0,0,0
Cc1ccc(O)c(C)c1-n1c(N)c(C(N)=O)c2nc3ccc(Br)cc3nc21,7.0821547145,12.111614124044678,12.111614124044678,0.1152422288359789,-0.6828973502981432,0.45422225530219545,11.37037037037037,426.27400000000006,410.14600000000013,425.048736852,136,0.25425045123552253,-0.5076053723282666,0.5076053723282666,0.25425045123552253,1.1481481481481481,1.8888888888888888,2.5925925925925926,79.91873123444518,10.080314512701007,2.2489305831541757,-2.148239834999366,2.3531582760492604,-2.1394082462493715,9.103023556524741,0.10022363125420544,2.8813345409635502,2.2273401280380476,1262.653699685596,19.45530096777097,14.616519029800305,16.20251556891501,12.79060145563268,8.15802850716155,8.9510267767189,6.363951294678873,7.279626823470563,4.627669584519764,5.120921223236805,3.3272551878082823,3.676256643552367,-3.1299999999999994,1336509.9081604837,17.292166771076165,5.951915593271635,2.520136950348261,162.30816545363044,16.573862349165076,22.64752682043219,5.647177220767728,0.0,5.907179729351506,0.0,9.361636831863176,9.967957041894417,0.0,0.0,21.99631096641096,43.67639416492468,10.03617100752941,16.720787709916088,9.901064578912528,49.8522657787524,0.0,14.53505668968577,5.733667477162185,13.847474399381248,5.733667477162185,51.494909333231455,11.436898107967467,11.46733495432437,5.817862777835028,5.749511833283905,15.929943897949348,25.54876381387798,0.0,13.847474399381248,21.48489165916281,34.80455485814046,0.0,27.884665648300075,120.05000000000001,5.907179729351506,9.901064578912528,0.0,17.130826102815927,33.44811713999707,10.03617100752941,0.0,29.68993805286681,19.056471336613843,20.913922418896558,16.45131347527158,2.488184103888469,3.4291245651344404,21.3845572457378,10.184958035224088,16.14838763437474,-0.421194006151842,8.869320374257242,0.0,3.6666620475350635,0.0,0.10526315789473684,27,5,7,0,0,0,1,2,2,4,0,5,3,8,2,2,0,0,0,0,0,3.811908038748957,4,3.339740000000001,108.14010000000002,0,0,1,3,0,1,1,1,0,3,0,2,0,0,0,0,0,1,1,1,2,2,0,0,1,0,0,0,0,0,0,0,1,1,0,1,0,0,0,0,0,0,0,0
Cc1ccc(O)c(C)c1-n1c(N)c(C(N)=O)c2nc3cccc(-c4ccnn4C)c3nc21,7.721848749499999,12.351753331778582,12.351753331778582,0.09951782564877809,-0.6961589296212305,0.40462738883972454,11.46875,427.46800000000013,406.30000000000024,427.1756729120001,160,0.25425045126501755,-0.5076053723282665,0.5076053723282665,0.25425045126501755,1.0625,1.84375,2.53125,16.255464845046372,10.079247277599942,2.256781912494161,-2.1514622331022983,2.364488020675385,-2.1394205708156133,6.109269793321739,0.10022259443617229,3.2950302379756007,1.9689832896757433,1562.461586332583,22.73132184970986,17.787682286170245,17.787682286170245,15.290601455632682,9.976057085725884,9.976057085725884,7.744275909308032,7.744275909308032,5.793154870525832,5.793154870525832,4.222224631109036,4.222224631109036,-4.3999999999999995,23219682.683385503,19.55681781765743,6.808642534643566,2.640296136724636,182.4698876254106,16.573862349165076,28.16422753804845,5.647177220767728,0.0,5.907179729351506,0.0,14.043439767008362,9.967957041894417,5.098681808301038,0.0,18.19910120538483,37.61002709646307,24.37141853768426,16.898014987148287,9.901064578912528,33.92232188080305,0.0,24.315541433131994,12.781339459839375,13.847474399381248,5.733667477162185,59.28540045747373,22.694277594512926,11.46733495432437,5.817862777835028,5.749511833283905,0.0,35.329248557324206,7.04767198267719,13.847474399381248,21.48489165916281,42.59504598238274,0.0,39.14204513484554,137.87,5.907179729351506,9.901064578912528,0.0,17.130826102815927,33.44811713999707,16.82083097824245,0.0,34.502217491163464,38.23687745621425,5.098681808301038,21.435291996218787,3.4014917834290124,0.0,22.000049817039354,14.60063176688898,17.95183146832858,-0.46144914061941344,10.9321531764425,1.7137595588434333,3.675549788581895,1.8526484477323222,0.13043478260869565,32,5,9,0,0,0,1,2,3,5,0,6,3,9,3,3,0,0,0,0,0,4.161105676111798,5,2.9777400000000007,122.6421,0,0,1,5,0,1,1,1,0,5,0,2,0,0,0,0,0,1,1,2,2,2,0,0,0,0,0,0,0,0,0,1,1,1,0,1,0,0,0,0,0,0,0,0
Cc1ccc(O)c(C)c1-n1c(N)c(C(N)=O)c2nc3cccc(Br)c3nc21,7.622062572,12.122676366843033,12.122676366843033,0.11251700680272103,-0.6848555602796671,0.45422225530219545,11.37037037037037,426.27400000000006,410.14600000000013,425.048736852,136,0.25425045128914914,-0.5076053723282665,0.5076053723282665,0.25425045128914914,1.1481481481481481,1.8888888888888888,2.5925925925925926,79.91873123930982,10.08031361077407,2.251494133159614,-2.1489253395143955,2.357892151072807,-2.1394074026464325,9.103917890923833,0.10022364754697068,2.89053181026377,2.2508803506747332,1262.653699685596,19.45530096777097,14.616519029800305,16.20251556891501,12.807438208038288,8.164011571305256,8.957009840862607,6.338483277580394,7.192820176754915,4.647049499671729,5.286951627257179,3.343237819883645,3.787629652791549,-3.1299999999999994,1379731.7679295847,17.292166771076165,5.951915593271635,2.441840150391596,162.30816545363047,16.573862349165076,28.16422753804845,5.647177220767728,0.0,5.907179729351506,0.0,9.361636831863176,9.967957041894417,0.0,0.0,12.13273413692322,53.53997099441242,10.03617100752941,11.204086992299825,9.901064578912528,49.8522657787524,0.0,14.53505668968577,5.733667477162185,13.847474399381248,5.733667477162185,51.494909333231455,11.436898107967467,11.46733495432437,5.817862777835028,5.749511833283905,15.929943897949348,25.54876381387798,0.0,13.847474399381248,21.48489165916281,34.80455485814046,0.0,27.884665648300075,120.05000000000001,5.907179729351506,9.901064578912528,0.0,17.130826102815927,33.44811713999707,10.03617100752941,0.0,29.68993805286681,19.056471336613843,20.913922418896558,16.45131347527158,2.399814079952969,3.483582189048459,21.428003747795415,10.191380424095973,16.12455206233728,-0.4273254834341136,8.884663237195705,0.0,3.6653297430083143,0.0,0.10526315789473684,27,5,7,0,0,0,1,2,2,4,0,5,3,8,2,2,0,0,0,0,0,3.811908038748957,4,3.339740000000001,108.14010000000002,0,0,1,3,0,1,1,1,0,3,0,2,0,0,0,0,0,1,1,1,2,2,0,0,1,0,0,0,0,0,0,1,1,1,0,1,0,0,0,0,0,0,0,0
Cc1ccc(O)c(C)c1-n1c(N)c(C(N)=O)c2nc3cccc(C#N)c3nc21,7.920818753999999,12.135762786596118,12.135762786596118,0.049910714285714475,-0.7344472526664985,0.492819420985027,11.035714285714286,372.3880000000001,356.26000000000016,372.13347375200004,138,0.2542504512951995,-0.5076053723282664,0.5076053723282664,0.2542504512951995,1.1785714285714286,1.9285714285714286,2.607142857142857,16.25545682820735,10.080118899110174,2.252879293523534,-2.148740570999598,2.353480615593703,-2.1394169966307794,6.1048049284899975,0.10022316441939874,2.940265451545868,2.2600491374516203,1347.0549901392635,20.162407748957516,15.185768152291036,15.185768152291036,13.345443010499073,8.448636132550622,8.448636132550622,6.5160241803824865,6.5160241803824865,4.816738603619392,4.816738603619392,3.4676504855331145,3.4676504855331145,-4.12,2371900.3787002456,17.301662414965985,5.957185202717753,2.2661394116958404,159.19813964385443,16.573862349165076,34.23344885084072,5.647177220767728,0.0,5.907179729351506,0.0,9.361636831863176,9.967957041894417,5.261891554738487,0.0,12.13273413692322,37.61002709646307,5.563451491696996,16.76753848399682,9.901064578912528,33.92232188080305,5.261891554738487,14.53505668968577,5.733667477162185,13.847474399381248,5.733667477162185,52.58564130909603,17.50611942075974,11.46733495432437,5.817862777835028,5.749511833283905,0.0,25.54876381387798,0.0,25.178587266912007,27.048343150859804,30.33183534230805,0.0,27.884665648300075,143.84000000000003,5.907179729351506,15.162956133651015,0.0,22.64752682043219,33.49486791407781,5.563451491696996,0.0,41.82267218979003,6.923737199690624,16.03717835468669,11.46733495432437,1.555959939531368,0.0,21.263381834215167,19.604112784028008,15.620016665616866,-0.5797703819181983,10.444796576012305,0.0,3.591502582514487,0.0,0.1,28,5,8,0,0,0,1,2,2,4,0,6,3,8,2,2,0,0,0,0,0,3.6810431186019024,4,2.44892,105.1551,0,0,1,3,0,1,1,1,0,4,0,2,0,0,0,0,0,1,1,1,2,2,0,0,0,0,0,0,0,0,1,1,1,1,0,1,0,0,0,0,0,0,0,0
Cc1ccc(O)c(C)c1-n1c(N)c(C(N)=O)c2nc3cccc(C4=CCCC4)c3nc21,7.391258027999999,12.331959943348831,12.331959943348831,0.1324292246487413,-0.6666527567817246,0.46604107780850357,13.806451612903226,413.4810000000002,390.29700000000025,413.18517497600004,156,0.2542504512648461,-0.5076053723282665,0.5076053723282665,0.2542504512648461,1.1290322580645162,1.935483870967742,2.6451612903225805,16.255459653183674,10.032768925055727,2.2576814792250683,-2.152134129368273,2.371616402986374,-2.139424409935719,6.10753832785175,0.10022286345266179,3.35813480785948,1.9435490303175962,1431.6956639456496,21.86107836170678,17.437225169540344,17.437225169540344,14.879917853109722,10.275506150452589,10.275506150452589,8.02581185975349,8.02581185975349,6.08321533402818,6.08321533402818,4.552044700772145,4.552044700772145,-3.869999999999999,16643453.40932084,19.11482700392508,6.8364534129348336,2.7686372218558164,178.56989423425864,16.573862349165076,22.64752682043219,5.647177220767728,0.0,5.907179729351506,0.0,9.361636831863176,9.967957041894417,0.0,0.0,24.27512131221871,56.37922942684877,11.126902983393991,16.720787709916088,9.901064578912528,39.49542641087231,0.0,14.53505668968577,5.733667477162185,33.10993926815928,5.733667477162185,58.66166141592991,11.436898107967467,11.46733495432437,5.817862777835028,5.749511833283905,0.0,25.54876381387798,0.0,13.847474399381248,46.31080801963783,36.407855449141934,0.0,33.457770178369344,120.05000000000001,5.907179729351506,9.901064578912528,0.0,17.130826102815927,27.93141642238081,35.90606856978828,5.573104530069267,23.6235709844052,19.056471336613843,12.142387175295491,21.435291996218787,1.6865698223733936,0.0,22.062331258541576,10.334961691313602,18.99847147000827,-0.3710401368612941,9.317949061754074,5.4188158597154805,3.7186076398215646,0.0,0.20833333333333334,31,5,7,1,0,1,1,2,2,4,0,5,3,7,2,3,0,0,0,0,0,4.215407235762662,5,4.144540000000002,122.26810000000003,0,0,1,3,0,1,1,1,0,3,0,2,0,0,0,0,2,1,1,1,2,2,0,0,0,0,0,0,0,0,0,1,1,1,0,1,0,0,0,0,0,0,0,0
Cc1ccc(O)c(C)c1-n1c(N)c(C(N)=O)c2nc3ccccc3nc21,7.4914833305,12.06499889770723,12.06499889770723,0.12536659108087678,-0.6747311980347688,0.5145773300345158,11.307692307692308,347.37800000000004,330.24200000000013,347.13822478400004,130,0.25425045123537926,-0.5076053723282666,0.5076053723282666,0.25425045123537926,1.0769230769230769,1.7307692307692308,2.3846153846153846,16.255454423779213,10.080315447526925,2.2474946773925835,-2.14785732088423,2.3498993418686993,-2.13940093284665,6.10267368054758,0.10022370709368839,2.8808280295998507,2.23206628481568,1209.971606458038,18.58505747976789,14.315904825980704,14.315904825980704,12.396754605515328,8.058362668133976,8.058362668133976,6.2196293499385575,6.2196293499385575,4.571940948933111,4.571940948933111,3.299823617976813,3.299823617976813,-3.6099999999999994,948852.5664532436,15.89096462882848,5.4512679506772335,2.1020487543557262,148.4406178479891,16.573862349165076,22.64752682043219,5.647177220767728,0.0,5.907179729351506,0.0,9.361636831863176,9.967957041894417,0.0,0.0,18.19910120538483,37.61002709646307,5.563451491696996,16.720787709916088,9.901064578912528,33.92232188080305,0.0,14.53505668968577,5.733667477162185,13.847474399381248,5.733667477162185,53.08855688586065,11.436898107967467,11.46733495432437,5.817862777835028,5.749511833283905,0.0,25.54876381387798,0.0,13.847474399381248,21.48489165916281,36.39820241076966,0.0,27.884665648300075,120.05000000000001,5.907179729351506,9.901064578912528,0.0,17.130826102815927,33.44811713999707,5.563451491696996,0.0,23.6235709844052,31.18920547353706,9.967957041894417,11.46733495432437,1.6381481481481481,0.0,21.286830908289243,10.154765197758524,16.23049314478878,-0.39618538464768505,10.74584972413616,0.0,3.6734315948601663,0.0,0.10526315789473684,26,5,7,0,0,0,1,2,2,4,0,5,3,7,2,2,0,0,0,0,0,3.3317656225568553,4,2.5772400000000006,100.4401,0,0,1,3,0,1,1,1,0,3,0,2,0,0,0,0,0,1,1,1,2,2,0,0,0,0,0,0,0,0,0,2,1,1,0,1,0,0,0,0,0,0,0,0
Cc1ccc(O)c(C)c1-n1c(N)c(C(N)=O)c2nccnc21,7.0621222105,11.728917705971277,11.728917705971277,0.1298544973544975,-0.6692507558578982,0.6604224705921331,11.0,297.318,282.19800000000004,297.12257472000005,112,0.25424997360828006,-0.507605372328286,0.507605372328286,0.25424997360828006,1.2272727272727273,1.9090909090909092,2.590909090909091,16.255450230878335,10.080441857931621,2.236371420447085,-2.1451392934734455,2.33881170610881,-2.139181854855892,6.090468059431124,0.10022252609602335,2.7642647841485837,2.5061655953006445,913.9270733664782,16.016143379015546,12.161204287601452,12.161204287601452,10.430428110326543,6.633529916272048,6.633529916272048,5.063649504050677,5.063649504050677,3.6987232220534922,3.6987232220534922,2.656143554017093,2.656143554017093,-3.09,107297.70186151142,13.873135717946766,4.728539665234347,1.7893225750098831,125.75895331625387,16.573862349165076,22.64752682043219,5.647177220767728,0.0,5.907179729351506,0.0,14.345615352810384,4.9839785209472085,0.0,0.0,6.06636706846161,25.477292959539852,17.957138634923147,5.687386274683562,9.901064578912528,22.888920445570523,0.0,14.53505668968577,5.733667477162185,13.847474399381248,5.733667477162185,41.21677575524036,11.436898107967467,11.46733495432437,5.817862777835028,5.749511833283905,0.0,25.54876381387798,0.0,13.847474399381248,21.48489165916281,24.526421280149375,0.0,16.85126421306755,120.05000000000001,5.907179729351506,9.901064578912528,0.0,17.130826102815927,22.414715704764546,5.563451491696996,12.393687143226153,23.6235709844052,6.923737199690624,9.967957041894417,11.46733495432437,1.6039814814814815,0.0,20.157786753590322,9.98300107079869,14.627959656084656,-0.3804865835222966,3.374971497858403,2.983376637692114,3.649409486016629,0.0,0.13333333333333333,22,5,7,0,0,0,1,1,2,3,0,5,3,7,2,2,0,0,0,0,0,2.981803296522303,3,1.4240399999999998,82.9341,0,0,1,3,0,1,1,1,0,3,0,2,0,0,0,0,0,1,1,1,1,1,0,0,0,0,0,0,0,0,0,0,1,1,0,1,0,0,0,0,0,0,0,0
Cc1ccc(O)c(C)c1-n1c(N)c2c3c(c(C)cnc31)CCNC2=O,8.0,12.623967781557067,12.623967781557067,0.1779081632653059,-0.1779081632653059,0.6364410763610833,13.8,336.3950000000001,316.23500000000007,336.15862588,128,0.25524774979892295,-0.5076053723577132,0.5076053723577132,0.25524774979892295,1.24,2.0,2.76,16.255456244567227,10.024993119313368,2.2840773988634115,-2.156984466450476,2.3783384048758056,-2.2419621273596944,6.130001403572142,0.0957748557921606,2.734766163013932,2.207339320646846,1049.7392036550937,17.877950698581348,14.473503716095337,14.473503716095337,11.913591357920936,8.275497676628122,8.275497676628122,6.595116472203655,6.595116472203655,5.056088612617976,5.056088612617976,3.755542344701313,3.755542344701313,-3.02,523486.20415796386,15.504357997206412,5.239753688750329,2.0324649270185313,144.83827201156325,16.15698347600922,17.21455183188666,0.0,0.0,5.907179729351506,0.0,9.361636831863176,4.9839785209472085,0.0,0.0,6.06636706846161,49.948754765550476,23.691275683687444,11.250837766380558,9.901064578912528,22.758443942419056,0.0,14.867866772744893,0.0,27.19203322199788,12.27842388307476,46.14683516702128,11.436898107967467,11.050456081168516,5.817862777835028,5.749511833283905,0.0,27.109541698843348,6.4208216229260096,20.771211599071872,32.6117946425568,18.3295777085363,0.0,16.720787709916085,93.16999999999999,0.0,9.901064578912528,0.0,11.65669156263541,29.13669938790932,34.18478658716535,0.0,10.633466716252965,33.03442223914656,10.30076712495354,5.733667477162185,1.794537037037037,0.0,17.214540343915342,13.896933474006886,12.13564646846393,0.3617500209960536,3.4994534727471236,2.561207640463593,6.369264875703368,0.0,0.2631578947368421,25,4,6,0,1,1,1,1,2,3,0,4,3,6,3,1,0,0,0,0,0,3.249560680302719,4,2.5244599999999995,97.39540000000002,0,0,1,2,0,1,1,1,0,2,1,1,0,0,0,0,0,1,1,2,1,0,0,0,0,0,0,0,0,0,0,0,1,1,0,0,1,0,0,0,0,0,0,0
Cc1ccc(O)c(C)c1-n1c(N)c2c3c(c(C)ncc31)CCNC2=O,8.0,12.63133739606954,12.63133739606954,0.16568594104308354,-0.16568594104308354,0.6364410763610833,13.8,336.3950000000001,316.23500000000007,336.15862588,128,0.25518773421337887,-0.5076053798858917,0.5076053798858917,0.25518773421337887,1.28,2.04,2.8,16.25545448460393,10.036631531561829,2.279972059007427,-2.1610522054026737,2.3827137269753345,-2.2420800814702773,6.136273001776026,0.09577462100979267,2.734766163013932,2.207339320646846,1049.7392036550937,17.877950698581348,14.473503716095337,14.473503716095337,11.913591357920936,8.275497676628122,8.275497676628122,6.559147580232401,6.559147580232401,5.078450010591009,5.078450010591009,3.7891362379722877,3.7891362379722877,-3.02,523486.20415796386,15.504357997206412,5.239753688750329,2.0324649270185313,144.83827201156325,16.15698347600922,11.567374611118932,0.0,0.0,5.907179729351506,0.0,14.345615352810384,0.0,0.0,0.0,6.06636706846161,44.38530327385348,23.18836010692283,22.964382055609896,9.901064578912528,22.627967439267593,0.0,14.867866772744893,0.0,27.19203322199788,12.27842388307476,46.277311670172736,11.436898107967467,11.050456081168516,5.817862777835028,5.749511833283905,0.0,27.109541698843348,6.4208216229260096,20.771211599071872,32.742271145708266,18.3295777085363,0.0,16.590311206764618,93.16999999999999,0.0,9.901064578912528,0.0,11.65669156263541,17.9260706754446,45.39541529963007,0.0,12.263210640074686,31.404678315324837,10.30076712495354,5.733667477162185,1.843148148148148,0.0,17.15443641345427,13.950327748383303,12.168702024019487,0.40384185773074743,3.511606250524901,2.4781001196775003,6.323170771394977,0.0,0.2631578947368421,25,4,6,0,1,1,1,1,2,3,0,4,3,6,3,1,0,0,0,0,0,3.249560680302719,4,2.5244599999999995,97.39540000000002,0,0,1,2,0,1,1,1,0,2,1,1,0,0,0,0,0,1,1,2,1,0,0,0,0,0,0,0,0,0,0,0,1,1,0,0,1,0,0,0,0,0,0,0
Cc1ccc(O)c(C)c1-n1c(N)c2c3c(ncnc31)-c1ccccc1NC2=O,8.055517328,13.047625188964474,13.047625188964474,0.15238047237821806,-0.30767668178382435,0.47431665535228806,12.571428571428571,371.4000000000001,354.2640000000001,371.13822478400004,138,0.25970645165514517,-0.5076053723575844,0.5076053723575844,0.25970645165514517,1.1071428571428572,1.8928571428571428,2.7142857142857144,16.255461337359318,10.063902441438776,2.3038368485728595,-2.1563250426631786,2.419696177626286,-2.1379967711630172,6.223151758846346,0.1024609763409331,2.8993055770054643,1.972886741789032,1306.137725669699,19.576621311330612,15.315904825980704,15.315904825980704,13.48607100299237,8.838871717533527,8.838871717533527,6.89143431799214,6.89143431799214,5.271306702587079,5.271306702587079,3.942835446575093,3.942835446575093,-3.8699999999999997,3414477.386372411,16.31432550411862,5.561703002022519,2.0089666637109884,160.020187855384,16.15698347600922,17.894694685883472,5.647177220767728,0.0,5.907179729351506,0.0,9.361636831863176,9.967957041894417,0.0,0.0,24.26546827384644,31.54366002800146,11.126902983393991,28.018376250377376,9.901064578912528,28.445830217102618,0.0,14.53505668968577,0.0,13.847474399381248,11.050456081168516,59.415876960625184,22.694277594512922,11.050456081168516,11.50524905251859,5.749511833283905,0.0,25.54876381387798,0.0,13.847474399381248,21.48489165916281,42.7255224855342,0.0,27.97816719646154,106.06,0.0,9.901064578912528,0.0,17.474554340470437,39.229004962842104,11.126902983393991,6.3273200747645415,10.633466716252965,44.179309741689295,15.284745645900749,5.733667477162185,1.7299074074074072,0.0,21.962633377425043,13.768280657967706,11.774080005458975,0.10753353360270834,10.949792331903172,1.469669312169312,3.7381033740656755,0.0,0.09523809523809523,28,4,7,0,1,1,1,2,2,4,0,5,3,7,3,1,0,0,0,0,0,3.2405511832938956,5,3.5578400000000006,107.80539999999999,0,0,1,3,0,1,1,1,0,3,1,1,0,0,0,0,0,1,2,1,2,2,0,0,0,0,0,0,0,0,0,1,1,1,0,0,0,0,0,0,0,0,0,0
Cc1ccc(O)c(C)c1-n1c2ncc(N3CCOCC3)nc2c2c(N)ncnc21,7.0,10.311080241148368,10.311080241148368,0.2088186384389492,0.2088186384389492,0.5337837550660142,14.758620689655173,391.4350000000002,370.2670000000001,391.1756729120001,148,0.16552296696971952,-0.5076053722832446,0.5076053722832446,0.16552296696971952,1.0689655172413792,1.8620689655172413,2.6551724137931036,16.477553539954982,10.081333854844571,2.2301462064222286,-2.2697146202387333,2.3574776570456626,-2.3634219373736647,6.09119075252831,0.12211072834596313,3.0653645032484915,1.849680547494876,1245.0198150828269,20.120591385700628,16.253921929657892,16.253921929657892,14.058550648063804,9.45850431967716,9.45850431967716,7.167954961859358,7.167954961859358,5.42028607371229,5.42028607371229,3.9168505888812564,3.9168505888812564,-3.46,7025324.983125023,17.625807706429757,6.55694321921165,2.6539588306833015,166.34087510219646,20.476967556653417,29.229258181334764,11.294354441535456,0.0,0.0,0.0,4.567099647791355,19.935914083788834,0.0,0.0,6.06636706846161,25.477292959539852,18.652964303522147,30.484217989787272,9.843390348640755,33.83300492928657,0.0,24.503013731580186,0.0,13.847474399381248,36.93685394886365,35.78380076669483,11.436898107967467,10.633577208012664,11.635725555670057,5.749511833283905,0.0,55.91281786727188,4.736862953800049,13.847474399381248,11.126902983393991,24.656897783300842,0.0,27.884665648300075,115.21,0.0,5.106527394840706,0.0,5.749511833283905,41.22890608047739,35.721664847737735,6.3273200747645415,12.263210640074686,24.480941115634213,14.867866772744893,20.43848747285665,7.345818006091621,0.0,20.41695457503989,10.97057310773945,10.650240898688322,1.329274672704508,3.558544678374293,3.1979289545631535,6.697331773465431,0.0,0.3,29,3,9,0,1,1,0,1,3,4,0,8,2,9,4,2,0,1,1,0,0,3.985221390475967,5,2.1049399999999996,110.54420000000003,0,0,1,5,0,1,0,0,0,6,0,1,0,0,0,0,0,0,2,1,1,3,0,1,0,0,0,0,0,1,0,0,1,1,0,0,0,0,0,0,0,0,0,0
Cc1ccc(O)c(C)c1-n1cc(C(N)=O)c2nc3ccccc3nc21,7.105209644,11.924165564373897,11.924165564373897,0.17761421852691717,-0.5659349017384725,0.5898355711535954,11.28,332.36300000000006,316.23500000000007,332.127325752,124,0.25204803513648827,-0.5076053829056039,0.5076053829056039,0.25204803513648827,1.08,1.76,2.44,16.255447207521968,10.082265525767385,2.197431667694915,-2.1302303161454237,2.3100793825314825,-2.1022158891852105,6.053537307799174,0.10013656723600786,2.951850123802247,2.166166130682799,1161.2262663548158,17.714813991764814,13.815904825980704,13.815904825980704,11.969234250586762,7.842954760131157,7.842954760131157,6.036755610358156,6.036755610358156,4.4041510097996825,4.4041510097996825,3.1371374853537892,3.1371374853537892,-3.4099999999999993,670905.3516881461,15.137295119421712,5.306102821396436,2.2219574512851668,143.10072715097638,10.84019487200289,11.266212550900168,5.647177220767728,0.0,5.907179729351506,0.0,9.361636831863176,9.967957041894417,0.0,0.0,18.19910120538483,37.61002709646307,11.760295063310071,22.284239201613083,9.901064578912528,28.10445910296802,0.0,14.53505668968577,5.733667477162185,13.847474399381248,0.0,59.28540045747372,11.436898107967467,5.733667477162185,0.0,5.749511833283905,0.0,25.54876381387798,0.0,13.847474399381248,21.48489165916281,42.595045982382736,0.0,27.884665648300075,94.03,5.907179729351506,9.901064578912528,0.0,5.749511833283905,27.807481639394243,16.76753848399682,0.0,16.83031028786604,44.179309741689295,9.967957041894417,5.733667477162185,1.777037037037037,0.0,21.18433090828924,10.104689611968652,10.659879010246074,-0.38832068321155533,10.93163770599557,1.6395370370370368,3.7578760393046107,0.0,0.10526315789473684,25,3,6,0,0,0,1,2,2,4,0,4,2,6,2,2,0,0,0,0,0,3.2128017736589616,4,2.9950400000000004,96.02770000000001,0,0,0,3,0,1,1,1,0,3,0,1,0,0,0,0,0,1,0,1,2,2,0,0,0,0,0,0,0,0,0,2,1,1,0,1,0,0,0,0,0,0,0,0
Cc1ccc(O)c(C)c1-n1nc(-c2nccs2)c(C(N)=O)c1N,8.0,11.835588151927437,11.835588151927437,0.12215149176954765,-0.6718433484504913,0.6785274178693346,10.869565217391305,329.38500000000016,314.26500000000004,329.09464572,118,0.254345500438467,-0.5076042853565406,0.5076042853565406,0.254345500438467,1.3478260869565217,2.0869565217391304,2.6956521739130435,32.13348084981386,10.083284641293503,2.2486553976779553,-2.1228316540393473,2.3350251784922444,-2.1433570153811736,7.1260400067897125,0.10014818938198305,3.1162928388866944,2.332415669858275,899.2306665794073,16.723250160202095,12.569452578065315,13.385949158993041,10.913591357920936,6.791550634402355,7.67120344565725,5.0973517232713474,5.991917841709759,3.6183704390950613,4.3981881328821935,2.485379146177498,3.112227932077271,-2.87,205316.95369004985,15.042183664330786,5.398063656574466,2.3256061523842764,135.74319982939892,16.573862349165076,27.832377794517154,0.0,0.0,5.907179729351506,0.0,4.794537184071822,9.665781456092393,5.098681808301038,11.336785877934737,6.06636706846161,25.477292959539852,17.140357833775987,5.687386274683562,9.901064578912528,23.06182838512127,0.0,14.76446326439343,5.733667477162185,13.847474399381248,5.733667477162185,40.399994954093195,22.13844979966869,11.46733495432437,5.817862777835028,5.749511833283905,11.336785877934737,25.77817038858564,0.0,13.847474399381248,21.48489165916281,23.709640479002214,0.0,16.388937966384788,120.05,5.907179729351506,9.901064578912528,0.0,17.13082610281593,21.952389458081782,5.563451491696996,16.018588813079923,30.63337767869284,6.923737199690624,10.082660329248245,11.46733495432437,1.4317592592592592,1.3367075564793818,16.005619488536155,16.729513101536913,14.154785997732425,-0.42515481964390633,3.357522387041236,1.6159018854455363,3.626678476946334,0.0,0.13333333333333333,23,5,7,0,0,0,1,1,2,3,0,6,3,8,2,3,0,0,0,0,0,3.530376737127919,3,1.9993399999999997,88.7411,0,0,1,3,0,1,1,1,0,3,0,2,0,0,0,0,0,1,1,1,1,0,0,0,0,0,0,0,0,0,0,0,1,1,0,1,0,0,0,0,0,1,0,0
Cc1ccc(O)c(C)c1C1C(N)=C(C(N)=O)C2C=C(C(C)C)C=NN21,8.0,12.084239890400603,12.084239890400603,0.19155145082724467,-0.539893235071806,0.7825177774862567,22.44,340.4270000000001,316.235,340.18992600800004,132,0.24846489335479954,-0.5076746497172372,0.5076746497172372,0.24846489335479954,1.32,2.0,2.6,16.25541442016017,9.93312875897349,2.4339399439863647,-2.3224128740413614,2.440007341506057,-2.347317315229745,5.9608579289571555,-0.1144653617680279,2.8294926725667353,2.1929778824901263,836.071001834364,18.46373713620825,14.946041499670372,14.946041499670372,11.734958562966854,8.360446163217444,8.360446163217444,6.96685106385183,6.96685106385183,5.051183354621905,5.051183354621905,3.6007569245100344,3.6007569245100344,-2.76,374070.24928401265,17.075702382119403,5.950312319462196,2.57666114187528,147.04561165778958,16.573862349165076,11.791352662431866,0.0,5.907179729351506,0.0,0.0,9.803449708026353,0.0,5.101407525739723,0.0,25.98986157467674,48.0952065191645,5.697039313055833,17.829545938752545,9.901064578912528,12.121780308886823,0.0,5.008912523954532,22.486648526225487,39.77863045705841,0.0,51.742357092042454,5.749511833283905,11.46733495432437,0.0,5.749511833283905,0.0,28.27906105683002,4.794537184071822,19.76538044554264,36.5796697036202,40.15341014269119,0.0,0.0,104.94,11.949020558499466,9.901064578912528,0.0,17.70925870859326,11.270143843125101,22.263459005160257,0.0,17.28988017195146,25.989861574676738,18.948881925120972,11.46733495432437,0.0,0.0,12.084239890400603,16.517250801580705,16.379607898715044,-0.0663575522801707,2.6839366024187443,3.802507558578987,7.932148133919419,0.0,0.3684210526315789,25,5,6,0,2,2,1,1,0,1,2,5,3,6,2,3,0,0,0,0,2,4.064230489911802,3,2.01424,97.76960000000003,0,0,0,0,0,1,1,1,0,2,0,2,0,0,0,0,1,1,0,1,1,1,0,0,0,0,1,0,0,0,0,0,1,1,0,1,0,0,0,0,0,0,0,0
Cc1ccc(O)c(Cl)c1-n1c(N)c(C(N)=O)c2nc3ccccc3nc21,7.727965978,12.03201278659612,12.03201278659612,0.06672461577223499,-0.7178150982615261,0.5027456890756429,11.307692307692308,367.79600000000005,353.68400000000014,367.083602368,130,0.2542504568947419,-0.5063111029117746,0.5063111029117746,0.2542504568947419,1.1538461538461537,1.8076923076923077,2.4615384615384617,35.49569221767083,10.156558315127418,2.252808272366559,-2.1350495270218275,2.3792399132308386,-2.1378328367506154,6.338339231740444,0.10022403290656041,2.8808280295998507,2.23206628481568,1215.6235791875044,18.58505747976789,13.69386929898993,14.449798245008385,12.396754605515328,7.747344904638589,8.125309377647817,5.908611586443171,6.286576059452399,4.265312041043731,4.637942955359734,3.0557956496793004,3.352350744798328,-3.3199999999999994,948852.5664532436,16.16484583806446,5.6027140576763355,2.1752520087655225,152.37894196047415,16.573862349165076,27.670160134173514,5.647177220767728,0.0,5.907179729351506,0.0,9.361636831863176,9.967957041894417,0.0,0.0,29.800041095617345,30.686289896772447,0.0,16.720787709916088,9.901064578912528,45.52326177103556,0.0,14.53505668968577,5.733667477162185,6.923737199690624,5.733667477162185,52.547738707904976,11.436898107967467,11.46733495432437,5.817862777835028,5.749511833283905,11.600939890232516,25.54876381387798,0.0,6.923737199690624,15.921440167465814,36.39820241076966,5.022633313741326,27.884665648300075,120.05000000000001,5.907179729351506,9.901064578912528,0.0,27.670160134173514,22.367964930683815,5.563451491696996,10.633466716252965,18.19910120538483,19.056471336613843,9.967957041894417,23.068274844556885,1.5062037037037035,6.321704809495815,21.15211892164273,10.119653183817146,14.869944098009578,-0.7582816305534545,10.423237412750701,0.0,1.8098639455782313,0.0,0.05555555555555555,26,5,7,0,0,0,1,2,2,4,0,5,3,8,2,2,0,0,0,0,0,3.4833465006574826,4,2.9222200000000003,100.71309999999998,0,0,1,3,0,1,1,1,0,3,0,2,0,0,0,0,0,1,1,1,2,2,0,0,1,0,0,0,0,0,0,2,1,1,0,1,0,0,0,0,0,0,0,0
Cc1ccc(O)cc1-c1c(N)c(=O)[nH]c2cc(Cl)cnc12,7.742321425,12.020728458049884,12.020728458049884,0.0611318972033259,-0.4126763668430329,0.6441934652884499,10.952380952380953,301.73300000000006,289.637,301.061804304,106,0.2718139826025587,-0.5079435255115968,0.5079435255115968,0.2718139826025587,1.3333333333333333,2.0952380952380953,2.857142857142857,35.49569142436302,9.977664418573793,2.154894821549256,-2.1171785523143356,2.3397649424367444,-2.1378630751592276,6.306739482013559,0.47521454949951475,2.4352106742983213,2.4858502656616053,918.6711724575644,15.14589989101247,11.144741569610762,11.900670515629217,9.969234250586762,6.241253277075502,6.619217750084729,4.791726519650364,5.228162300122349,3.3437833721978083,3.550482324610658,2.316488174388003,2.474392123153426,-2.5299999999999994,58927.22789667078,13.452934264138138,4.785051513039337,2.212555900435897,124.57331270971996,15.824173392950097,11.436898107967467,0.0,0.0,5.559266895052007,0.0,9.77851570501903,0.0,0.0,0.0,17.667306958694127,36.249741388469445,11.760295063310071,16.05603474897385,5.106527394840706,28.3217276001486,0.0,9.967957041894417,0.0,6.923737199690624,5.733667477162185,51.40220073002166,16.876414816677897,11.29293437221419,5.687386274683562,5.749511833283905,11.600939890232516,15.074484436735123,0.0,6.923737199690624,5.563451491696996,35.25684902953134,5.022633313741326,22.160304418626517,92.0,5.559266895052007,9.901064578912528,0.0,11.436898107967467,27.18293773236784,5.563451491696996,6.196843571613076,24.26546827384644,6.923737199690624,9.967957041894417,17.3346073673947,0.0,5.9098646804400765,18.939850245653815,10.124992625136475,8.661914367598895,0.094810335656897,6.518140073416197,1.4893606701940034,1.8721781130147532,0.0,0.06666666666666667,21,4,5,0,0,0,0,1,2,3,0,4,3,6,2,1,0,0,0,0,0,3.065380164544426,3,2.83972,83.6239,0,0,1,2,1,1,0,0,0,1,1,1,0,0,1,0,0,0,1,1,1,1,0,0,1,0,0,0,0,0,0,0,1,1,0,0,2,0,0,0,0,0,0,0
Cc1ccc(O)cc1-n1c(N)c(C(=O)NCCO)c2nc3ccccc3nc21,5.920818754,12.738265621063238,12.738265621063238,0.07118554840822178,-0.44658588435374047,0.4302008795544552,11.214285714285714,377.4040000000001,358.2520000000001,377.1487894680001,142,0.25691317989583934,-0.5078854357583777,0.5078854357583777,0.25691317989583934,1.1785714285714286,1.8928571428571428,2.607142857142857,16.255705304511416,10.160696069404635,2.2492270293931216,-2.1131346409583793,2.3274451033337313,-2.2675934315480615,6.108609209600624,0.09468398354801003,2.9665636092258207,2.0841590708023268,1215.6381724616633,19.836134335324456,15.177331983853758,15.177331983853758,13.507239053047549,8.766818959338899,8.766818959338899,6.430482544067229,6.430482544067229,4.555838800604488,4.555838800604488,3.225786357708765,3.225786357708765,-3.6499999999999995,2884188.070924838,17.748353659147956,6.821673229238708,2.7971691987295877,159.80976520117702,21.263510870849927,22.64752682043219,5.647177220767728,0.0,5.907179729351506,0.0,9.361636831863176,9.967957041894417,0.0,0.0,18.19910120538483,30.686289896772447,12.611123474374185,23.327669674429004,15.007591973753234,33.92232188080305,0.0,19.8518452936921,0.0,6.923737199690624,18.885305847587677,53.59147246262526,11.436898107967467,11.050456081168516,5.817862777835028,5.749511833283905,0.0,43.80692957914419,0.0,6.923737199690624,15.921440167465814,42.46456947923127,0.0,27.884665648300075,126.29,5.907179729351506,9.901064578912528,0.0,30.282464473241422,27.884665648300075,5.563451491696996,0.0,22.766200853176187,31.18920547353706,15.284745645900749,10.84019487200289,1.622704081632653,0.0,22.033402384101787,21.61863883956552,10.083813093138492,-0.2138763374572341,12.242522229137037,0.0,1.779462376548416,0.0,0.15,28,5,8,0,0,0,1,2,2,4,0,6,4,8,2,4,0,0,0,0,0,4.324052464988231,4,1.8920199999999998,106.60419999999999,1,1,1,3,0,1,1,1,0,3,1,1,0,0,0,0,0,1,1,1,2,2,0,0,0,0,0,0,0,0,0,2,1,1,0,0,0,0,0,0,0,0,0,0
Cc1ccc(O)cc1-n1c(N)c(C(N)=O)c2cc3ccccc3nc21,7.1822581265,12.020071176618796,12.020071176618796,0.10024460401444557,-0.6146877362055927,0.5243649198100561,11.24,332.36300000000006,316.235,332.127325752,124,0.2526438595204327,-0.5078854357876535,0.5078854357876535,0.2526438595204327,1.16,1.92,2.68,16.254784817996168,10.117032618635216,2.2224292867076865,-2.112973584901007,2.339223396217051,-2.1340297008213818,6.124739132415864,0.10023933778808702,2.857124027494538,2.2012240612313088,1161.2262663548158,17.714813991764814,13.523391768859998,13.523391768859998,11.969234250586762,7.7658496110132695,7.7658496110132695,5.982929571382567,5.982929571382567,4.36205709350433,4.36205709350433,3.1655749115912317,3.1655749115912317,-3.539999999999999,626944.4396011814,15.015094539184572,5.238087410547904,2.1871938453036637,142.85602775264599,16.573862349165076,17.21455183188666,0.0,0.0,5.907179729351506,0.0,9.361636831863176,4.9839785209472085,0.0,0.0,24.26546827384644,30.686289896772447,16.838815497391202,16.76753848399682,9.901064578912528,33.66136887450012,0.0,9.551078168738563,5.733667477162185,6.923737199690624,5.733667477162185,59.65783953108687,11.436898107967467,11.46733495432437,5.817862777835028,5.749511833283905,0.0,20.56478529293077,0.0,6.923737199690624,15.921440167465814,48.53093654769288,0.0,27.62371264199714,107.16000000000001,5.907179729351506,9.901064578912528,0.0,17.130826102815927,16.720787709916085,16.46637642377805,0.0,22.766200853176187,37.255572541998674,4.9839785209472085,11.46733495432437,1.663611111111111,0.0,16.70231040564374,11.363652879374381,14.917553644914758,-0.30703005584949894,14.432685461517533,0.0,1.8938832199546485,0.0,0.05263157894736842,25,5,6,0,0,0,1,2,2,4,0,4,3,6,2,2,0,0,0,0,0,3.1460151069555717,4,2.873820000000001,97.9081,0,0,1,2,0,1,1,1,0,2,0,2,0,0,0,0,0,1,1,1,2,2,0,0,0,0,0,0,0,0,0,1,1,1,0,1,1,0,0,0,0,0,0,0
Cc1ccc(O)cc1-n1c(N)c(C(N)=O)c2nc3ccccc3cc21,7.537602002,12.007848954396573,12.007848954396573,0.1076142185269171,-0.6371877362055927,0.5243649198100561,11.24,332.36300000000006,316.23500000000007,332.127325752,124,0.25418638921410386,-0.5078854432761236,0.5078854432761236,0.25418638921410386,1.16,1.92,2.68,16.254783460434524,10.14101347964258,2.224039581299946,-2.1175629386710555,2.3392739478588185,-2.136524712991092,6.116828574756868,0.1002249705248997,2.857124027494538,2.2012240612313088,1161.2262663548158,17.714813991764814,13.523391768859998,13.523391768859998,11.969234250586762,7.7658496110132695,7.7658496110132695,5.979494847833731,5.979494847833731,4.358622369955493,4.358622369955493,3.1632342056413,3.1632342056413,-3.539999999999999,626944.4396011814,15.015094539184572,5.238087410547904,2.1871938453036637,142.85602775264596,16.573862349165076,22.64752682043219,0.0,0.0,5.907179729351506,0.0,9.361636831863176,4.9839785209472085,0.0,0.0,24.26546827384644,30.686289896772447,11.452591282926406,16.720787709916088,9.901064578912528,33.66136887450011,0.0,9.551078168738563,5.733667477162185,6.923737199690624,5.733667477162185,59.65783953108687,11.436898107967467,11.46733495432437,5.817862777835028,5.749511833283905,0.0,20.56478529293077,0.0,6.923737199690624,15.921440167465814,48.53093654769288,0.0,27.623712641997145,107.16000000000001,5.907179729351506,9.901064578912528,0.0,17.130826102815927,16.720787709916088,16.466376423778055,0.0,22.766200853176187,37.255572541998674,4.9839785209472085,11.46733495432437,1.712222222222222,0.0,16.601663202317965,10.807188667146281,15.452689909297053,-0.32216044133702737,14.513810272553055,0.0,1.9012528344671202,0.0,0.05263157894736842,25,5,6,0,0,0,1,2,2,4,0,4,3,6,2,2,0,0,0,0,0,3.1460151069555717,4,2.873820000000001,97.9081,0,0,1,2,0,1,1,1,0,2,0,2,0,0,0,0,0,1,1,1,2,2,0,0,0,0,0,0,0,0,0,1,1,1,0,1,1,0,0,0,0,0,0,0
Cc1ccc(O)cc1-n1c(N)c(C(N)=O)c2nc3ccccc3nc21,6.345184916,11.980071176618795,11.980071176618795,0.07983644074913943,-0.6771877362055927,0.5195354688302479,11.24,333.35100000000006,318.23100000000005,333.12257472000005,124,0.25425044987643153,-0.5078854357583779,0.5078854357583779,0.25425044987643153,1.12,1.8,2.48,16.25478704951751,10.161041353356252,2.235257587165611,-2.1102131630601795,2.324262482840317,-2.1365294389266136,6.101862736943978,0.10022422310574332,2.857124027494538,2.2012240612313088,1163.2685986098456,17.714813991764814,13.39325509517033,13.39325509517033,11.969234250586762,7.635712937323602,7.635712937323602,5.815225675899812,5.815225675899812,4.177815837729884,4.177815837729884,2.9870299639809303,2.9870299639809303,-3.6099999999999994,626944.4396011814,14.949326786379796,5.201596018190083,2.1685852278175317,142.07567573359248,16.573862349165076,22.64752682043219,5.647177220767728,0.0,5.907179729351506,0.0,9.361636831863176,9.967957041894417,0.0,0.0,18.19910120538483,30.686289896772447,6.06636706846161,16.720787709916088,9.901064578912528,33.92232188080305,0.0,14.53505668968577,5.733667477162185,6.923737199690624,5.733667477162185,53.59147246262526,11.436898107967467,11.46733495432437,5.817862777835028,5.749511833283905,0.0,25.54876381387798,0.0,6.923737199690624,15.921440167465814,42.46456947923127,0.0,27.884665648300075,120.05000000000001,5.907179729351506,9.901064578912528,0.0,17.130826102815927,27.884665648300075,5.563451491696996,0.0,28.832567921637796,25.122838405075452,9.967957041894417,11.46733495432437,1.601111111111111,0.0,21.13112465356513,9.867728160721487,15.41674225245654,-0.4524382191148051,12.228923651237862,0.0,1.8734750566893423,0.0,0.05555555555555555,25,5,7,0,0,0,1,2,2,4,0,5,3,7,2,2,0,0,0,0,0,3.11041434746622,4,2.26882,95.7031,0,0,1,3,0,1,1,1,0,3,0,2,0,0,0,0,0,1,1,1,2,2,0,0,0,0,0,0,0,0,0,2,1,1,0,1,0,0,0,0,0,0,0,0
Cc1ccc(O)cc1Nc1ccnc2ccc(S(C)(=O)=O)cc12,6.4313625155,11.77107177517982,11.77107177517982,0.1604506277819775,-3.294337548290921,0.7701807252819531,11.565217391304348,328.3930000000001,312.2650000000001,328.08816337199994,118,0.1750434887401093,-0.5078857914513725,0.5078857914513725,0.1750434887401093,1.0434782608695652,1.826086956521739,2.5652173913043477,32.227746044613085,10.125207347036653,2.107606049191989,-2.1248769482146943,2.297030654104454,-1.9872125753019316,7.903153281054535,0.47526024490486063,2.497091626350766,2.1507649515054372,997.89115508065,16.61251969619286,12.737974215908514,13.55447079683624,10.842355158540423,6.999194465629564,8.89060600368782,5.433857638476268,7.449593213219117,3.631656986813728,4.7418955807502225,2.354727847349615,3.001890408953111,-2.5999999999999996,142039.56589008428,15.301626275510202,5.550351541373715,3.1183206268980013,134.08918838462657,10.423315998847038,5.749511833283905,9.837253136417502,0.0,0.0,0.0,4.9839785209472085,8.417796984328938,0.0,0.0,6.06636706846161,42.81902403369567,35.27997658741801,10.412184193134037,13.524324379169643,32.11495061786568,0.0,4.9839785209472085,0.0,11.819220675208399,11.572557787517734,54.22486454254134,5.749511833283905,5.316788604006331,11.374772549367124,5.749511833283905,0.0,24.764072083628257,9.837253136417502,6.923737199690624,5.563451491696996,53.55689652636212,0.0,10.902924932081056,79.28999999999999,9.837253136417502,13.524324379169643,0.0,10.644995308801679,10.902924932081056,16.93822404106412,6.255769183511404,42.595045982382736,12.990104268152233,10.30076712495354,0.0,23.54214355035964,0.0,4.506580582850424,13.594427535681142,3.1423098938649536,0.1604506277819775,11.67479423401975,2.833268731862707,1.9236957252036617,-3.294337548290921,0.11764705882352941,23,2,5,0,0,0,0,2,1,3,0,5,2,6,1,3,0,0,0,0,0,3.692582825382721,3,3.395920000000001,90.97930000000002,0,0,0,1,0,1,0,0,0,1,1,0,0,0,0,0,0,0,2,1,2,1,0,0,0,0,0,0,0,0,0,0,1,1,0,0,1,0,0,1,0,0,0,0
Cc1ccc2[nH]ncc2c1-n1c(N)c(C(N)=O)c2nc3ccccc3nc21,7.27572413,12.157591490299822,12.157591490299822,0.16958427815570687,-0.6408770313681023,0.44680766444866116,11.592592592592593,357.37700000000007,342.2570000000001,357.1338081,132,0.25425045277018005,-0.3840265619246765,0.3840265619246765,0.25425045277018005,1.1111111111111112,1.8518518518518519,2.5925925925925926,16.146549833806922,10.109849132646417,2.246618931127745,-2.119519244386544,2.343019406431859,-2.1373594980420183,6.109186090003438,0.10022460489623111,3.2190783739871556,2.0150483344208814,1379.6402371222023,18.706377823327536,14.393255095170332,14.393255095170332,13.058550648063802,8.355236692475948,8.355236692475948,6.406741496704358,6.406741496704358,4.765263553220548,4.765263553220548,3.53921045492807,3.53921045492807,-3.9399999999999995,2754790.700106988,15.325502900947173,5.276843217071031,2.034183966007105,152.3603684834972,11.46733495432437,16.898014987148287,5.647177220767728,0.0,5.907179729351506,0.0,14.460318640164214,9.967957041894417,5.098681808301038,0.0,18.19910120538483,30.686289896772447,5.386224214464796,28.43433199914542,4.794537184071822,44.8252468128841,0.0,24.732420306287846,5.733667477162185,6.923737199690624,5.733667477162185,53.721948965776726,5.687386274683562,11.46733495432437,5.817862777835028,0.0,0.0,30.63960003563935,0.0,6.923737199690624,15.921440167465814,42.595045982382736,0.0,38.78759058038113,128.5,5.907179729351506,4.794537184071822,0.0,11.381314269532023,22.197279373616514,22.153762698461616,0.0,10.763943219404432,43.321939610460284,15.181342137549283,16.45131347527158,1.738148148148148,0.0,21.505539572310404,7.94052308520337,17.03756684618292,-0.4282787698412689,11.352513967580705,1.723567649281935,1.9637528344671202,0.0,0.05263157894736842,27,5,8,0,0,0,1,2,3,5,0,5,3,8,3,2,0,0,0,0,0,2.9951954085579815,5,2.439520000000001,103.68999999999998,0,0,1,5,1,0,1,1,0,4,1,2,0,0,1,0,0,1,1,1,2,3,0,0,0,0,0,0,0,0,0,2,0,0,0,1,0,0,0,0,0,0,0,0
Cc1ccccc1-n1c(N)c(C(N)=O)c2nc3ccccc3nc21,4.698970004,11.962517164273116,11.962517164273116,0.20046863189720332,-0.6162821239606948,0.593131984543151,11.208333333333334,317.35200000000003,302.232,317.12766010000007,118,0.25425044980671124,-0.3840268540845812,0.3840268540845812,0.25425044980671124,1.0,1.625,2.2916666666666665,16.146541975531186,10.174666022874968,2.2310875523485425,-2.101236608588863,2.310573204765239,-2.1363947030946435,6.101631484426429,0.10022521851492504,2.8416997990983597,2.205853676185459,1113.2517520601084,16.844570503761737,13.023391768859998,13.023391768859998,11.57538740046941,7.501422537050663,7.501422537050663,5.6309227316483295,5.6309227316483295,4.100550431850316,4.100550431850316,2.9626509099172718,2.9626509099172718,-3.4099999999999993,439088.0861574821,14.199378529388138,5.056714061349623,1.93012252941468,137.28144198139648,11.46733495432437,16.898014987148287,5.647177220767728,0.0,5.907179729351506,0.0,9.361636831863176,9.967957041894417,0.0,0.0,30.33183534230805,30.686289896772447,0.0,16.720787709916088,4.794537184071822,33.92232188080305,0.0,14.53505668968577,5.733667477162185,6.923737199690624,5.733667477162185,59.65783953108687,5.687386274683562,11.46733495432437,5.817862777835028,0.0,0.0,20.442236419037275,0.0,6.923737199690624,15.921440167465814,48.53093654769288,0.0,27.884665648300075,99.82,5.907179729351506,4.794537184071822,0.0,11.381314269532023,16.68057865600025,16.76753848399682,0.0,4.567099647791355,55.4546737473835,9.967957041894417,11.46733495432437,1.7402777777777776,0.0,21.205608150667675,0.0,16.22866312883178,-0.3643320105820096,15.218530118837657,0.0,1.97125283446712,0.0,0.05555555555555555,24,4,6,0,0,0,1,2,2,4,0,4,2,6,2,2,0,0,0,0,0,2.9917582113326215,4,2.5632200000000003,94.0383,0,0,1,3,0,0,1,1,0,3,0,2,0,0,0,0,0,1,1,1,2,2,0,0,0,0,0,0,0,0,0,3,0,0,0,1,0,0,0,0,0,0,0,0
Cc1ccnc2c(-c3ccc(Cl)c4[nH]ncc34)c(N)c(=O)[nH]c12,8.207947515,12.262795633170963,12.262795633170963,0.12539115646258536,-0.33778250188964454,0.5004715799585487,11.391304347826088,325.75900000000007,313.66300000000007,325.073037684,114,0.2718208907667634,-0.3936911253108127,0.3936911253108127,0.2718208907667634,1.2173913043478262,2.0434782608695654,2.869565217391304,35.49569170505859,9.98444043643526,2.1757487520092873,-2.1132426067571064,2.3651104869191144,-2.1412574429297653,6.35277430392223,1.118846805151888,3.0178099596771357,2.228010188997093,1128.6765382324718,16.13746372257519,12.144741569610762,12.900670515629217,11.075387400469412,6.966760096371558,7.344724569380785,5.347879611321996,5.7550797380626015,3.9826134186475297,4.297583812821885,2.8202155449690536,3.027267368225502,-2.86,300341.5006169476,13.778965852886007,4.822144302011884,1.9183465516279066,134.8580054596247,10.717645998109393,5.687386274683562,0.0,0.0,5.559266895052007,0.0,14.877197513320066,0.0,5.098681808301038,0.0,17.667306958694127,30.183374320007832,17.146519277774868,27.76957903820319,0.0,39.224652532229655,0.0,20.16532065849649,0.0,6.923737199690624,5.733667477162185,51.532677233173125,11.126902983393991,11.29293437221419,5.687386274683562,0.0,11.600939890232516,20.16532065849649,0.0,6.923737199690624,5.563451491696996,35.3873255326828,5.022633313741326,33.06322935070757,100.44999999999999,0.0,4.794537184071822,0.0,11.24665316973557,27.136186958287105,16.513127197858786,0.0,18.460054211687762,19.056471336613843,20.16532065849649,17.3346073673947,0.0,6.186327597911593,19.48011956377201,8.248727927899555,10.17071539675541,0.0,5.418633209456622,3.3613237573836114,1.9119303245989754,0.0,0.0625,23,4,6,0,0,0,0,1,3,4,0,4,3,7,3,1,0,0,0,0,0,2.888876594570025,4,3.01042,91.61080000000003,0,0,1,4,2,0,0,0,0,2,2,1,0,0,2,0,0,0,1,1,1,2,0,0,1,0,0,0,0,0,0,0,0,0,0,0,2,0,0,0,0,0,0,0
Cc1cn(CCN2CCN(c3ccccc3-c3cc(C#N)cc(C(=O)NCCCN4CCCC4)c3)CC2)c2ccccc12,4.698970004,13.101104470892837,13.101104470892837,0.11432237662031963,-0.11432237662031963,0.2525821999386048,16.046511627906977,574.7730000000006,532.4370000000004,574.342009964,222,0.2508471914102687,-0.3684647820181752,0.3684647820181752,0.2508471914102687,0.8604651162790697,1.6046511627906976,2.4186046511627906,16.14910989193618,9.972547414511627,2.2076432050312116,-2.368159239268135,2.326782513960252,-2.4694178193607863,5.963215946918543,0.09517289283241202,3.695007988850839,1.0973704710165524,1603.7804299458103,29.597436591501904,25.264907653664277,25.264907653664277,21.08485133356798,15.758173193516786,15.758173193516786,11.93753682422713,11.93753682422713,9.032628327251086,9.032628327251086,6.662045683644645,6.662045683644645,-4.119999999999999,10838251867.754972,28.97430044149579,13.455231833074338,6.768681787050257,254.85726446998774,19.68370771349864,0.0,0.0,0.0,5.907179729351506,0.0,9.694446914922299,0.0,5.261891554738487,0.0,36.39820241076966,87.27920961190844,79.7273526031597,11.63267280448927,4.794537184071822,22.497490936116126,5.261891554738487,19.68370771349864,0.0,32.730958474381225,63.80271738406364,89.6172357997818,17.196124296186266,10.216698334856808,5.687386274683562,0.0,0.0,79.17690649205699,6.544756405912575,18.254850067221383,40.74735652794084,72.9268813246908,0.0,22.02982791547505,67.53999999999999,0.0,10.056428738810308,0.0,5.907179729351506,17.671659389306566,69.04840572239159,42.39753248145522,6.06636706846161,18.19910120538483,86.23798900767639,0.0,2.3847472164564416,0.0,20.551555435187634,14.199051004232741,6.813412891139881,-0.11432237662031963,24.85006168334854,5.764542289992068,12.050951856263012,0.0,0.3888888888888889,43,1,7,0,2,2,1,3,1,4,0,5,1,7,3,10,0,2,2,0,0,9.066416968406372,6,5.526300000000005,174.54519999999948,0,0,0,1,0,0,1,1,0,5,1,0,0,1,0,0,0,1,1,1,3,1,0,0,0,0,0,0,0,0,1,2,0,0,1,0,0,0,0,0,0,0,0,0
Cc1cnc2c(-c3ccc(F)c4[nH]ncc34)c(N)c(=O)[nH]c2c1,7.860120914,13.875906536244738,13.875906536244738,0.044408541194255635,-0.4187303949357519,0.5026319744265472,11.391304347826088,309.304,297.208,309.102588224,114,0.27181366946093716,-0.3936911273201696,0.3936911273201696,0.27181366946093716,1.2608695652173914,2.0869565217391304,2.9130434782608696,19.142189791785974,9.987799720335035,2.1741352621024217,-2.1046474038554583,2.347279940685772,-2.1374491912484093,6.0558004821968066,0.6361381741308272,3.0059617304749726,2.1997038664746387,1128.6765382324718,16.13746372257519,12.144741569610762,12.144741569610762,11.058550648063802,6.96077703222785,6.96077703222785,5.405258126885217,5.405258126885217,3.8573834776353486,3.8573834776353486,2.787123037477664,2.787123037477664,-3.22,290258.6706563938,13.44342794111866,4.637441335332592,1.8981945806346383,128.72027463566926,10.717645998109393,17.02130783334572,0.0,0.0,5.559266895052007,0.0,14.877197513320066,4.39041504767482,5.098681808301038,0.0,6.06636706846161,30.183374320007832,17.146519277774868,17.2302450068456,4.39041504767482,27.623712641997145,0.0,20.16532065849649,0.0,6.923737199690624,5.733667477162185,52.327264760477696,11.126902983393991,11.29293437221419,10.077801322358383,0.0,0.0,20.16532065849649,0.0,12.740958040736519,5.563451491696996,35.3873255326828,0.0,33.06322935070757,100.44999999999999,11.376487736097902,9.184952231746642,0.0,11.204086992299825,27.546528633091313,5.563451491696996,12.263210640074686,12.263210640074686,12.990104268152233,20.16532065849649,5.733667477162185,13.875906536244738,0.0,19.293661580372888,7.046691337028639,9.063981796422276,-0.4187303949357519,4.720793414588057,3.2024591364323505,1.8819032605134698,0.0,0.0625,23,4,6,0,0,0,0,1,3,4,0,4,3,7,3,1,0,0,0,0,0,2.7105699314221217,4,2.4961199999999995,86.5588,0,0,1,4,2,0,0,0,0,2,2,1,0,0,2,0,0,0,1,1,1,2,0,0,1,0,0,0,0,0,0,0,0,0,0,0,2,0,0,0,0,0,0,0
Cc1cnc2c(-c3ccc(F)c4[nH]ncc34)c(N)c(=O)[nH]c2c1C,7.983690619999999,13.940021762582187,13.940021762582187,0.048482615268329754,-0.4176372879398669,0.5012029316547564,11.458333333333334,323.331,309.21900000000005,323.118238288,120,0.2718210140626611,-0.39369112525403754,0.39369112525403754,0.2718210140626611,1.1666666666666667,1.9583333333333333,2.75,19.142190072939314,9.975050211513176,2.185955689899614,-2.124566972095104,2.3559148232652998,-2.1453917222387773,6.06166746460407,0.6361378113512456,3.050334501839608,2.224148957009565,1175.240870052409,17.007707210578268,13.067391300421136,13.067391300421136,11.48607100299237,7.383426763038224,7.383426763038224,5.786241191028924,5.786241191028924,4.413909893543407,4.413909893543407,2.9546502921332545,2.9546502921332545,-3.22,447892.816243117,14.37720340859335,4.887576364346145,1.8414855902433784,135.08521675006585,10.717645998109393,17.02130783334572,0.0,0.0,5.559266895052007,0.0,14.877197513320066,4.39041504767482,5.098681808301038,0.0,6.06636706846161,36.60419594293384,17.146519277774868,17.2302450068456,4.39041504767482,27.623712641997145,0.0,20.16532065849649,0.0,13.847474399381248,5.733667477162185,51.82434918371308,11.126902983393991,11.29293437221419,10.077801322358383,0.0,0.0,20.16532065849649,0.0,19.664695240427143,11.126902983393991,29.320958464221192,0.0,33.06322935070757,100.44999999999999,11.376487736097902,9.184952231746642,0.0,11.204086992299825,27.546528633091313,11.126902983393991,12.263210640074686,12.263210640074686,13.847474399381248,20.16532065849649,5.733667477162185,13.940021762582187,0.0,19.57500417296548,7.078083060384648,10.167873231082558,-0.4176372879398669,2.9146707294028724,3.246298894557823,3.8290187702976306,0.0,0.11764705882352941,24,4,6,0,0,0,0,1,3,4,0,4,3,7,3,1,0,0,0,0,0,2.9279033152182374,4,2.8045399999999994,91.29580000000001,0,0,1,4,2,0,0,0,0,2,2,1,0,0,2,0,0,0,1,2,1,2,0,0,1,0,0,0,0,0,0,0,0,0,0,0,2,0,0,0,0,0,0,0
Cc1cnc2c(-c3cccc4[nH]ncc34)c(N)c(=O)[nH]c2c1,7.798602876,12.180999858276643,12.180999858276643,0.16440098261526837,-0.3098167044595612,0.5008473273378642,11.318181818181818,291.31399999999996,278.21000000000004,291.112010036,108,0.27181366934965384,-0.3936911274079519,0.3936911274079519,0.27181366934965384,1.1818181818181819,2.0454545454545454,2.909090909090909,16.13862572183191,9.990542656419123,2.1573397702902812,-2.101254125007887,2.3379094425095768,-2.1368326259077755,6.05431046283407,1.1188306958860934,2.9739926685951534,2.205921288833492,1076.9746852021651,15.267220234572113,11.844127365791163,11.844127365791163,10.647867045540842,6.8551281290565695,6.8551281290565695,5.288445720542196,5.288445720542196,3.7774921593132684,3.7774921593132684,2.753250017173039,2.753250017173039,-3.15,196066.41466247267,12.580123737360514,4.423038145087919,1.7034449889286722,124.55473923274305,10.717645998109393,5.687386274683562,0.0,0.0,5.559266895052007,0.0,14.877197513320066,0.0,5.098681808301038,0.0,12.13273413692322,30.183374320007832,17.146519277774868,22.74694572446186,0.0,27.623712641997145,0.0,20.16532065849649,0.0,6.923737199690624,5.733667477162185,52.57641098789341,11.126902983393991,11.29293437221419,5.687386274683562,0.0,0.0,20.16532065849649,0.0,6.923737199690624,5.563451491696996,41.45369260114441,0.0,33.06322935070757,100.44999999999999,0.0,4.794537184071822,0.0,11.24665316973557,16.59685292692952,22.02982791547505,0.0,12.393687143226153,31.18920547353706,20.16532065849649,5.733667477162185,0.0,0.0,19.434814106198033,7.8913672629545655,10.61865625262451,0.0,7.636514130343496,3.490491543839758,1.9281567040396406,0.0,0.0625,22,4,6,0,0,0,0,1,3,4,0,4,3,6,3,1,0,0,0,0,0,2.52919850728507,4,2.3570199999999994,86.6008,0,0,1,4,2,0,0,0,0,2,2,1,0,0,2,0,0,0,1,1,1,2,0,0,0,0,0,0,0,0,0,0,0,0,0,0,2,0,0,0,0,0,0,0
Cc1cnc2c(C(N)=O)c(N)n(-c3c(C)ccc(O)c3C)c2n1,6.311580178,11.813845427059713,11.813845427059713,0.13248818972033294,-0.6667942176870743,0.6653936671179376,11.08695652173913,311.3450000000001,294.20900000000006,311.13822478400004,118,0.25424997684054973,-0.5076053723282768,0.5076053723282768,0.25424997684054973,1.2608695652173914,1.9565217391304348,2.608695652173913,16.25545151177857,10.08036232869474,2.241318138785134,-2.147394364459294,2.3418243500564278,-2.139198570032869,6.091091583302723,0.10022171312125006,2.7582432445677556,2.5282254591347955,958.9943785775774,16.886386867018622,13.083854018411827,13.083854018411827,10.824274960443894,7.054279625536345,7.054279625536345,5.518691883144066,5.518691883144066,3.894339622509696,3.894339622509696,2.782292149171928,2.782292149171928,-3.0899999999999994,150715.9273696713,14.830970211110094,4.977176053067998,2.0862797849132044,132.12389543065046,16.573862349165076,22.64752682043219,5.647177220767728,0.0,5.907179729351506,0.0,14.345615352810384,4.9839785209472085,0.0,0.0,6.06636706846161,32.40103015923047,11.760295063310071,11.381314269532023,9.901064578912528,22.888920445570523,0.0,14.53505668968577,5.733667477162185,20.771211599071872,5.733667477162185,40.71386017847574,11.436898107967467,11.46733495432437,5.817862777835028,5.749511833283905,0.0,25.54876381387798,0.0,20.771211599071872,27.178819654011267,18.329577708536295,0.0,16.85126421306755,120.05000000000001,5.907179729351506,9.901064578912528,0.0,17.130826102815927,28.108643699613005,5.563451491696996,0.0,36.7441517557089,6.923737199690624,9.967957041894417,11.46733495432437,1.6248148148148147,0.0,20.53669595616024,10.037592120181404,15.435935846560847,-0.37236158352229687,3.3869825522801715,1.5562829113126733,5.460724048878811,0.0,0.1875,23,5,7,0,0,0,1,1,2,3,0,5,3,7,2,2,0,0,0,0,0,3.209406512108782,3,1.7324599999999999,87.67110000000001,0,0,1,3,0,1,1,1,0,3,0,2,0,0,0,0,0,1,1,2,1,1,0,0,0,0,0,0,0,0,0,0,1,1,0,1,0,0,0,0,0,0,0,0
Cc1cnc2c(c1)c(C(N)=O)c(N)n2-c1c(C)ccc(O)c1C,8.309894379,11.880217781557068,11.880217781557068,0.15239507222642157,-0.6026766817838245,0.6748579044385472,11.08695652173913,310.357,292.213,310.142975816,118,0.2526436539632771,-0.5076053723577229,0.5076053723577229,0.2526436539632771,1.2608695652173914,1.9565217391304348,2.608695652173913,16.255449154593126,10.080284461419943,2.2299630694598873,-2.147964302821918,2.3504159495908166,-2.137431593601181,6.106393174875021,0.10023879841851653,2.7540621037056234,2.515572136067755,957.1171507507585,16.886386867018626,13.213990692101495,13.213990692101495,10.824274960443894,7.1844162992260125,7.1844162992260125,5.718929947049237,5.718929947049237,4.055712759797768,4.055712759797768,2.9423219989045455,2.9423219989045455,-3.0199999999999996,150294.6771234233,14.898156219443436,5.014596261982261,2.1055808283958464,132.90424744970397,16.573862349165076,17.21455183188666,0.0,0.0,5.907179729351506,0.0,9.361636831863176,4.9839785209472085,0.0,0.0,6.06636706846161,44.030848719389084,17.146519277774868,11.250837766380558,9.901064578912528,22.758443942419056,0.0,9.551078168738563,5.733667477162185,20.771211599071872,5.733667477162185,46.64975074378589,11.436898107967467,11.46733495432437,5.817862777835028,5.749511833283905,0.0,20.56478529293077,0.0,20.771211599071872,27.048343150859804,24.395944776997904,0.0,16.720787709916085,107.16000000000001,5.907179729351506,9.901064578912528,0.0,17.130826102815927,22.28423920161308,11.126902983393991,0.0,29.820414556018275,19.913841467842857,4.9839785209472085,11.46733495432437,1.6798148148148146,0.0,16.306623677248677,10.651206905601747,15.708441253044429,-0.2258371651129587,5.256390201142185,1.7048715041572184,5.585155475770555,0.0,0.17647058823529413,23,5,6,0,0,0,1,1,2,3,0,4,3,6,2,2,0,0,0,0,0,3.248184282106471,3,2.33746,89.87610000000001,0,0,1,2,0,1,1,1,0,2,0,2,0,0,0,0,0,1,1,2,1,1,0,0,0,0,0,0,0,0,0,0,1,1,0,1,1,0,0,0,0,0,0,0
Cc1cnc2c(n1)c(C(N)=O)c(N)n2-c1c(C)ccc(O)c1C,6.966576245,11.840217781557069,11.840217781557069,0.13198690896111565,-0.6651766817838245,0.6653936671179376,11.08695652173913,311.345,294.20900000000006,311.138224784,118,0.25425019260526227,-0.507605372328286,0.507605372328286,0.25425019260526227,1.2608695652173914,1.9565217391304348,2.608695652173913,16.25545143408104,10.080421264154491,2.241437856416446,-2.1460477607469777,2.3417160126625696,-2.13977428298578,6.09130077350613,0.10022274329845485,2.7540621037056234,2.515572136067755,958.9943785775774,16.886386867018626,13.083854018411825,13.083854018411825,10.824274960443894,7.054279625536345,7.054279625536345,5.518691883144066,5.518691883144066,3.8934266264293633,3.8934266264293633,2.787737350569255,2.787737350569255,-3.0899999999999994,150294.6771234233,14.830970211110094,4.977176053067998,2.0862797849132044,132.1238954306505,16.573862349165076,22.64752682043219,5.647177220767728,0.0,5.907179729351506,0.0,9.361636831863176,9.967957041894417,0.0,0.0,6.06636706846161,32.40103015923047,5.563451491696996,17.5781578411451,9.901064578912528,22.888920445570523,0.0,14.53505668968577,5.733667477162185,20.771211599071872,5.733667477162185,40.71386017847574,11.436898107967467,11.46733495432437,5.817862777835028,5.749511833283905,0.0,25.548763813877983,0.0,20.771211599071872,27.178819654011267,18.329577708536295,0.0,16.85126421306755,120.05,5.907179729351506,9.901064578912528,0.0,17.130826102815927,28.108643699613005,5.563451491696996,0.0,36.7441517557089,6.923737199690624,9.967957041894417,11.46733495432437,1.6173148148148146,0.0,20.5630683106576,10.027116297136137,15.419129083732258,-0.3712453283782646,3.3842950575291844,1.5937603930461073,5.433228038128831,0.0,0.1875,23,5,7,0,0,0,1,1,2,3,0,5,3,7,2,2,0,0,0,0,0,3.209406512108782,3,1.7324599999999999,87.67110000000001,0,0,1,3,0,1,1,1,0,3,0,2,0,0,0,0,0,1,1,2,1,1,0,0,0,0,0,0,0,0,0,0,1,1,0,1,0,0,0,0,0,0,0,0
Cc1n[nH]c2cccc(-c3c(N)c(=O)[nH]c4cc(Cl)cnc34)c12,5.760000207,12.22284367913832,12.22284367913832,0.12539115646258514,-0.3660021415973793,0.5004715799585487,11.391304347826088,325.759,313.663,325.073037684,114,0.2718141880574698,-0.3936911261894392,0.3936911261894392,0.2718141880574698,1.2608695652173914,2.0869565217391304,2.9130434782608696,35.49569152695214,9.978579102237644,2.173431437945744,-2.1046489953603302,2.355011046410032,-2.136291107806182,6.307177503714101,1.0679486975074601,2.906906729216587,2.2219424133495433,1128.6765382324718,16.13746372257519,12.144741569610762,12.900670515629217,11.058550648063804,6.9708431389691885,7.348807611978416,5.329652912746546,5.766088693218531,3.892949263559846,4.099648215972696,2.8807465776588086,3.038650526424232,-2.8599999999999994,274156.18744587473,13.778965852886007,4.822144302011884,1.9912256062588949,134.8580054596247,10.717645998109393,5.687386274683562,0.0,0.0,5.559266895052007,0.0,14.877197513320066,0.0,5.098681808301038,0.0,23.733674027155736,24.619922828310838,17.146519277774868,27.266663461438576,0.0,39.22465253222966,0.0,20.16532065849649,0.0,6.923737199690624,5.733667477162185,51.53267723317313,11.126902983393991,11.29293437221419,5.687386274683562,0.0,11.600939890232516,20.16532065849649,0.0,6.923737199690624,5.693927994848461,35.25684902953134,5.022633313741326,33.06322935070757,100.45,0.0,4.794537184071822,0.0,11.24665316973557,21.619486240670845,22.160304418626513,6.196843571613076,6.06636706846161,25.122838405075452,20.16532065849649,17.3346073673947,0.0,5.9812021289997475,19.30455168178382,8.57108644074914,10.101147661739596,0.0,7.383588627837966,1.535225891282439,1.9009753453850675,0.0,0.0625,23,4,6,0,0,0,0,1,3,4,0,4,3,7,3,1,0,0,0,0,0,2.888876594570025,4,3.01042,91.6108,0,0,1,4,2,0,0,0,0,2,2,1,0,0,2,0,0,0,1,1,1,2,0,0,1,0,0,0,0,0,0,0,0,0,0,0,2,0,0,0,0,0,0,0
Cc1nc(C)c2[nH]c(=O)c(N)c(-c3ccc(F)c4[nH]ncc34)c2n1,8.0,13.941216878726799,13.941216878726799,0.022322373393802275,-0.4360898526077095,0.4965487339400154,11.458333333333334,324.319,311.21500000000003,324.11348725600004,120,0.27186252617368856,-0.39369110468259827,0.39369110468259827,0.27186252617368856,1.1666666666666667,1.9583333333333333,2.75,19.14219021466558,9.987785154755732,2.189489598971415,-2.117386216380495,2.3515348068608013,-2.150712058656158,6.058956872071223,0.6361361697167963,3.016947744988514,2.239413932008398,1176.8276038237746,17.007707210578268,12.93725462673147,12.93725462673147,11.469234250586762,7.257373131946188,7.257373131946188,5.576260189264449,5.576260189264449,4.025023901788998,4.025023901788998,2.9578476190825143,2.9578476190825143,-3.2899999999999996,420278.9225633699,14.311667555790205,4.852003823932043,1.890795643361858,134.3048647310124,10.717645998109393,28.362413048961905,0.0,0.0,5.559266895052008,0.0,9.893218992372859,14.358372089569237,5.098681808301038,0.0,6.06636706846161,25.477292959539852,10.949675706161791,17.407472284077798,4.39041504767482,27.623712641997145,0.0,25.149299179443698,0.0,13.847474399381248,5.733667477162185,46.01893512155441,11.126902983393991,11.292934372214193,10.077801322358383,0.0,0.0,25.149299179443698,0.0,19.664695240427143,11.518332492848387,23.12411489260812,0.0,33.06322935070757,113.34,11.376487736097904,9.184952231746642,0.0,11.204086992299825,39.06486112593969,0.0,12.263210640074686,19.913841467842857,0.0,25.149299179443698,5.733667477162185,13.941216878726799,0.0,23.701717188418577,7.039550422020661,8.600485822415386,0.12426172629545662,2.882688492063492,1.5011059145880574,3.5423068888049047,0.0,0.125,24,4,7,0,0,0,0,1,3,4,0,5,3,8,3,1,0,0,0,0,0,2.8933444044807595,4,2.19954,89.0908,0,0,1,5,2,0,0,0,0,3,2,1,0,0,2,0,0,0,1,2,1,2,0,0,1,0,0,0,0,0,0,0,0,0,0,0,1,0,0,0,0,0,0,0
Cc1nc(Cl)cc2c(-c3ccc(F)c4[nH]ncc34)c(N)c(=O)[nH]c12,8.0,13.935730767615688,13.935730767615688,0.02618039808516026,-0.4391737528344668,0.4620287210469566,11.458333333333334,343.74900000000014,332.66100000000006,343.063615872,120,0.27176078038594237,-0.3937382669684644,0.3937382669684644,0.27176078038594237,1.25,2.0416666666666665,2.8333333333333335,35.4956966833477,9.96539677157251,2.1816337662857084,-2.1231663093999034,2.3668570951035712,-2.1407522958072245,6.300624541401004,0.6361390635485203,3.016947744988514,2.2394139320083974,1180.7277383536648,17.007707210578268,12.445355773430364,13.20128471944882,11.469234250586764,7.076492042140468,7.454456515149696,5.449372914496171,5.836621655677866,4.024931239475275,4.2185556100661215,2.9391896819344248,3.1750717652616975,-2.93,420278.9225633699,14.648970351845616,5.035968500230694,1.9806415523233987,139.02354086255093,10.717645998109393,22.17441765023851,0.0,0.0,5.559266895052007,0.0,9.893218992372859,9.374393568622029,5.098681808301038,0.0,17.667306958694127,24.619922828310838,16.335899920626588,17.407472284077798,4.39041504767482,39.09417602907819,0.0,20.16532065849649,0.0,6.923737199690624,5.733667477162185,51.414007508908874,11.126902983393991,11.29293437221419,10.077801322358383,0.0,11.600939890232516,20.16532065849649,0.0,12.740958040736519,5.693927994848461,29.19048196106973,5.153109816892792,32.9327528475561,100.44999999999999,11.376487736097902,9.184952231746642,0.0,16.357196809192615,33.10998012478831,0.0,12.263210640074686,19.056471336613843,0.0,20.16532065849649,17.3346073673947,13.935730767615688,6.075407638363987,19.13414790144453,7.939005093292462,8.061077438691527,-0.4353266898323114,4.500185500125976,1.4958975812547242,1.7383192134878642,0.0,0.0625,24,4,6,0,0,0,0,1,3,4,0,4,3,8,3,1,0,0,0,0,0,3.073823052196161,4,3.14952,91.56880000000002,0,0,1,4,2,0,0,0,0,2,2,1,0,0,2,0,0,0,1,1,1,2,0,0,2,0,0,0,0,0,0,0,0,0,0,0,2,0,0,0,0,0,0,0
Cc1nc(Nc2ncc(C(=O)Nc3c(C)cccc3Cl)s2)cc(N2CCN(CCO)CC2)n1,7.200659451,12.693081800261481,12.693081800261481,0.17311797422773734,-0.2666136091002893,0.46571730609788475,14.363636363636363,488.01700000000034,461.8090000000002,487.15572175200003,174,0.2669995457316883,-0.3950445481992146,0.3950445481992146,0.2669995457316883,1.2121212121212122,2.0,2.727272727272727,35.49569262790628,10.173622896957431,2.1915687606744543,-2.3471555825901467,2.2812254639844065,-2.470931023082427,7.171599304418788,0.10254581742070304,3.2507560434609006,1.431592912890649,1111.4321707155357,23.371668241257186,18.507134660004112,20.079560186950292,15.92305529101951,10.658603284189198,11.853064338126151,7.751415202594919,9.189264211261888,5.361898965339837,6.588407717104564,3.6317796715737853,4.6192622916178205,-2.789999999999999,33876609.84080048,23.370935025991837,10.429649853029732,5.772233374483719,201.00196040766053,20.640014333703846,22.337277247371283,5.131558479839333,0.0,5.907179729351506,0.0,9.694446914922299,14.951935562841626,0.0,0.0,35.07045990509047,25.477292959539852,38.790149098024486,23.513745124550884,9.901064578912528,51.299575807711705,0.0,19.851845293692104,0.0,13.847474399381248,54.86415093293893,51.74994834259906,0.0,15.53348693886314,22.454670310192952,0.0,22.937725768167255,70.1962164119601,0.0,13.847474399381248,21.059540367470042,30.462311845459514,5.022633313741326,0.0,106.50999999999999,0.0,4.794537184071822,0.0,12.514061693864424,38.90574894371304,37.560339893182324,17.533629449547814,6.06636706846161,32.046575604766076,35.38533223255524,16.70746728507322,0.0,7.457830513857925,30.975300560948945,16.24512659009515,1.4880803972808272,1.851363352595038,7.367072949316626,1.5315981931343652,8.028071887215573,0.0,0.36363636363636365,33,3,9,0,1,1,1,1,2,3,0,9,3,11,3,7,0,1,1,0,0,7.386383910878884,4,3.3135400000000015,132.04670000000002,1,1,0,3,0,0,1,1,1,5,2,0,0,0,0,0,0,1,4,2,1,0,0,0,1,0,0,0,0,0,0,1,0,0,1,0,0,0,0,0,0,1,0,0
Cc1nc(Nc2ncc(C(=O)Nc3c(C)cccc3Cl)s2)cc(N2CCN(CCO)CC2)n1.O,7.4582486905,12.693081800261481,12.693081800261481,0.0,-0.2666136091002893,0.4448978059190101,13.941176470588236,506.0320000000004,477.8080000000002,505.166286436,182,0.2669995457316883,-0.4115095219374226,0.4115095219374226,0.2669995457316883,1.2058823529411764,1.9705882352941178,2.676470588235294,35.49569268410544,10.173622892158436,2.1915780249142354,-2.3471555943894016,2.281234488501691,-2.4709310309627104,7.171599889105181,0.10254470161793486,3.2507560434609006,3.23999389103704e-06,1115.1860138770548,23.371668241257186,19.007134660004112,20.579560186950292,15.92305529101951,10.658603284189198,11.853064338126151,7.751415202594919,9.189264211261888,5.361898965339837,6.588407717104564,3.6317796715737853,4.6192622916178205,-2.829999999999999,33876609.84080048,25.78674226622722,11.537624911522826,6.186331126168697,206.48271383607494,26.116206169585208,22.337277247371283,5.131558479839333,0.0,5.907179729351506,0.0,9.694446914922299,14.951935562841626,0.0,0.0,35.07045990509047,25.477292959539852,38.790149098024486,23.513745124550884,15.37725641479389,51.299575807711705,0.0,19.851845293692104,0.0,13.847474399381248,54.86415093293893,51.74994834259906,0.0,15.53348693886314,22.454670310192952,0.0,22.937725768167255,75.67240824784146,0.0,13.847474399381248,21.059540367470042,30.462311845459514,5.022633313741326,0.0,138.01,0.0,4.794537184071822,0.0,17.990253529745786,38.90574894371304,37.560339893182324,17.533629449547814,6.06636706846161,32.046575604766076,35.38533223255524,16.70746728507322,0.0,7.457830513857925,30.975300560948945,16.24512659009515,1.4880803972808272,1.851363352595038,7.367072949316626,1.5315981931343652,8.028071887215573,0.0,0.36363636363636365,34,5,10,0,1,1,1,1,2,3,0,9,3,12,3,7,0,1,1,0,0,8.750522351701228,4,2.4888400000000006,135.66050000000004,1,1,0,3,0,0,1,1,1,5,2,0,0,0,0,0,0,1,4,2,1,0,0,0,1,0,0,0,0,0,0,1,0,0,1,0,0,0,0,0,0,1,0,0
Cc1nc(Nc2ncc(C(=O)Nc3ccccc3Cl)s2)cc(N2CCN(CCO)CC2)n1,7.4582486905,12.540859578039257,12.540859578039257,0.17350778156679514,-0.27411360910028915,0.48049050528080933,14.40625,473.9900000000003,449.7980000000002,473.14007168800003,168,0.2669921888168762,-0.3950445481992146,0.3950445481992146,0.2669921888168762,1.21875,2.0,2.75,35.49569257185984,10.276893878305595,2.1895979485519157,-2.347155518518375,2.26211332586427,-2.4709310223673446,7.1715873248357624,0.10255636383147892,3.2417064776128215,1.4196343469213797,1085.5150503612838,22.50142475325411,17.584484929193742,19.15691045613992,15.512371688496552,10.241936617522533,11.436397671459487,7.299527725027389,8.737376733694358,5.0234814225863875,6.2646080012168035,3.412893507443425,4.314324615511029,-2.789999999999999,23334775.737800375,22.405584587754166,10.218594266350042,5.516547793399258,194.63701829326396,20.640014333703846,22.337277247371283,5.131558479839333,0.0,5.907179729351506,0.0,9.694446914922299,14.951935562841626,0.0,0.0,35.07045990509047,19.056471336613843,38.790149098024486,23.513745124550884,9.901064578912528,51.299575807711705,0.0,19.851845293692104,0.0,6.923737199690624,54.86415093293893,52.252863919363676,0.0,15.53348693886314,22.454670310192952,0.0,22.937725768167255,70.1962164119601,0.0,6.923737199690624,15.496088875773047,36.52867891392113,5.022633313741326,0.0,106.50999999999999,0.0,4.794537184071822,0.0,12.514061693864424,38.90574894371304,31.996888401485332,17.533629449547814,18.19910120538483,19.056471336613843,35.38533223255524,16.70746728507322,0.0,7.3466948373651055,30.772950476546534,16.13555114976547,0.5529894944730236,1.842201447347274,8.967821810909191,1.522338933875106,6.137229627496078,0.0,0.3333333333333333,32,3,9,0,1,1,1,1,2,3,0,9,3,11,3,7,0,1,1,0,0,7.154799318832675,4,3.0051200000000016,127.30970000000003,1,1,0,3,0,0,1,1,1,5,2,0,0,0,0,0,0,1,4,1,1,0,0,0,1,0,0,0,0,0,0,1,0,0,1,0,0,0,0,0,0,1,0,0
Cc1nc2c(-c3ccc(F)c4[nH]ncc34)c(N)c(=O)[nH]c2cc1C1CC1,7.931814138,14.035809182233244,14.035809182233244,0.067296390778534,-0.40821580033656146,0.5163301932436242,14.384615384615385,349.3690000000001,333.2410000000001,349.133888352,130,0.27181367549803415,-0.3936911259376633,0.3936911259376633,0.27181367549803415,1.3076923076923077,2.1153846153846154,2.8846153846153846,19.142190726251158,9.977296478063884,2.269358626321962,-2.1286539095139783,2.427760968669124,-2.1432388777153406,6.057583907018303,0.636137167448959,3.33113396277268,1.904471169180523,1252.4831697988507,17.999271042140986,14.058955131983858,14.058955131983858,12.541713895658196,8.492681521158394,8.492681521158394,6.829871392291503,6.829871392291503,5.102390234025641,5.102390234025641,3.637652638060838,3.637652638060838,-3.2199999999999998,1861037.922321841,15.067747201354663,5.138867279476129,2.0627922687183338,146.80926982532986,10.717645998109393,17.02130783334572,0.0,0.0,5.559266895052007,0.0,14.877197513320066,4.39041504767482,5.098681808301038,0.0,6.06636706846161,48.94292361202125,16.643603701010253,17.2302450068456,4.39041504767482,27.623712641997145,0.0,20.16532065849649,0.0,25.683286491704035,5.733667477162185,51.82434918371308,11.126902983393991,11.29293437221419,10.077801322358383,0.0,0.0,20.16532065849649,0.0,12.740958040736519,30.01692877855887,29.19048196106973,0.0,33.06322935070757,100.44999999999999,5.817220841045895,9.184952231746642,0.0,16.763353887351833,33.464434679252705,24.099022732397476,12.263210640074686,6.06636706846161,12.990104268152233,15.181342137549283,10.717645998109393,14.035809182233244,0.0,20.029625299193754,7.147270600771682,10.59929844314269,0.10827198560017814,4.951459304400773,3.8264071389702705,1.9685247123540774,0.0,0.21052631578947367,26,4,6,1,0,1,0,1,3,4,0,4,3,7,3,2,1,0,1,0,0,2.978121271863827,5,3.373520000000001,98.5338,0,0,1,4,2,0,0,0,0,2,2,1,0,0,2,0,0,0,1,1,1,2,0,0,1,0,0,0,0,0,0,0,0,0,0,0,2,0,0,0,0,0,0,0
Cc1nc2c3c(c(N)n(-c4c(C)ccc(O)c4C)c3n1)C(=O)NCC2,8.0,12.569817649281934,12.569817649281934,0.17217335390946542,-0.2195256991685559,0.6288822738205588,13.8,337.3830000000001,318.23100000000005,337.15387484800004,128,0.2553075149877963,-0.5076053723575839,0.5076053723575839,0.2553075149877963,1.24,2.0,2.76,16.2554584467314,10.07996909403237,2.28785662791033,-2.155631778815038,2.368428257332869,-2.2424634044709952,6.125023804140492,0.09577463962101655,2.725181914907266,2.2130860769747684,1051.7815359101235,17.877950698581344,14.343367042405669,14.343367042405669,11.896754605515326,8.149444045536084,8.149444045536084,6.392865860400984,6.392865860400984,4.737671357832915,4.737671357832915,3.5752178190014376,3.5752178190014376,-3.09,502684.33084187936,15.43842485053781,5.203949785915831,2.083235901256325,144.0579199925098,16.15698347600922,17.39177910911886,5.647177220767728,0.0,5.907179729351506,0.0,9.361636831863176,9.967957041894417,0.0,0.0,6.06636706846161,32.40103015923047,18.52902952053558,22.330989975693814,9.901064578912528,22.758443942419056,0.0,19.8518452936921,0.0,27.19203322199788,12.27842388307476,40.34142110486259,11.436898107967467,11.050456081168516,5.817862777835028,5.749511833283905,0.0,32.093520219790555,6.4208216229260096,20.771211599071872,33.00322415201119,12.13273413692322,0.0,16.720787709916085,106.06,0.0,9.901064578912528,0.0,11.65669156263541,46.768149723300056,16.944765761229018,0.0,10.633466716252965,26.83757866753348,15.284745645900749,5.733667477162185,1.7620370370370368,0.0,21.659449326026703,13.727489921894682,10.594882369614515,0.8877941022087859,3.474170288485764,0.625056846812799,6.102453441253044,0.0,0.2777777777777778,25,4,7,0,1,1,1,1,2,3,0,5,3,7,3,1,0,0,0,0,0,3.2136315078333553,4,1.91946,95.19040000000004,0,0,1,3,0,1,1,1,0,3,1,1,0,0,0,0,0,1,1,2,1,0,0,0,0,0,0,0,0,0,0,0,1,1,0,0,0,0,0,0,0,0,0,0
Cc1nc2c3c(c(N)n(-c4c(C)ccc(O)c4C)c3n1)C(=O)Nc1ccccc1-2,8.244125144,13.13255291005291,13.13255291005291,0.15397486013331996,-0.30522014361300065,0.4611883767420099,12.586206896551724,385.4270000000001,366.27500000000015,385.15387484800004,144,0.25970645532279263,-0.5076053723575725,0.5076053723575725,0.25970645532279263,1.0689655172413792,1.8275862068965518,2.6206896551724137,16.25546278434299,10.060575074886389,2.3096705168789327,-2.1602400659778747,2.4239857513725185,-2.1384190178396696,6.2238228517870455,0.10246034996996059,2.8934751409149073,2.0043531565071513,1353.5643868932689,20.44686479933369,16.23855455679108,16.23855455679108,13.87991785310972,9.26968753353916,9.26968753353916,7.288585767656992,7.288585767656992,5.445764350582285,5.445764350582285,4.107263259026133,4.107263259026133,-3.869999999999999,4779899.4068355085,17.24352945217934,5.811840779792557,2.2713720920617773,166.3851299697806,16.15698347600922,17.39177910911886,5.647177220767728,0.0,5.907179729351506,0.0,9.361636831863176,9.967957041894417,0.0,0.0,24.26546827384644,38.46739722769208,11.126902983393991,28.018376250377376,9.901064578912528,28.445830217102618,0.0,14.53505668968577,0.0,20.771211599071872,11.050456081168516,58.91296138386057,22.694277594512922,11.050456081168516,11.50524905251859,5.749511833283905,0.0,25.548763813877983,0.0,20.771211599071872,27.309296157162734,36.39820241076966,0.0,27.97816719646154,106.06,0.0,9.901064578912528,0.0,17.474554340470437,45.053409460842026,11.126902983393991,0.0,10.633466716252965,51.10304694137992,15.284745645900749,5.733667477162185,1.7507407407407407,0.0,22.43644998740237,13.849835048242333,11.881198297220124,0.6827059636858523,11.000457959265228,0.0,5.565278670110019,0.0,0.13636363636363635,29,4,7,0,1,1,1,2,2,4,0,5,3,7,3,1,0,0,0,0,0,3.455746470956204,5,3.8662600000000014,112.5424,0,0,1,3,0,1,1,1,0,3,1,1,0,0,0,0,0,1,2,2,2,2,0,0,0,0,0,0,0,0,0,1,1,1,0,0,0,0,0,0,0,0,0,0
Cc1ncc(-c2[nH]c3ncc(-c4c(C)ccc(O)c4C)nc3c2Cl)cn1,8.0,10.03458367165498,10.03458367165498,0.22699599036356077,0.22699599036356077,0.5504836515294075,11.23076923076923,365.8240000000001,349.696,365.10433781200004,130,0.15762620314827983,-0.5076627282399386,0.5076627282399386,0.15762620314827983,1.0,1.7307692307692308,2.4615384615384617,35.495692122126066,9.992244475505512,2.1715374702549535,-2.100924691828301,2.3537834298726845,-1.9305565526879538,6.373355081299996,0.47101458684594794,2.95843066062009,1.9037084195335015,1135.0860303662328,18.42192077295136,14.50078379645715,15.256712742475605,12.452397498181154,8.08192869855337,8.459893171562598,6.1869781541999895,6.564942627209216,4.4137963403523655,4.781785120582137,2.9965268984923314,3.284642387335486,-2.9899999999999998,1092643.112748139,16.476918721261942,6.069250246173774,2.588321069913264,154.50733473042808,10.090505915787915,17.090617048900093,5.647177220767728,0.0,0.0,0.0,0.0,19.935914083788834,0.0,0.0,17.667306958694127,32.40103015923047,29.084041618317137,22.607332875051327,5.106527394840706,22.764817828616508,0.0,24.91989260473604,0.0,20.771211599071872,0.0,52.697205646897686,28.264270806374817,0.0,0.0,5.749511833283905,11.600939890232516,30.026419999576746,0.0,20.771211599071872,16.95130748139392,30.723264851762448,5.022633313741326,33.678636911474904,87.58,0.0,5.106527394840706,0.0,5.749511833283905,33.39877173982216,22.253805966787983,0.0,24.65689778330084,26.83757866753348,19.935914083788834,16.584918411179725,0.0,6.563051496318691,20.759823515596423,10.504270935449387,5.902434510968964,0.9162140638154563,3.537931029555042,5.103266488668726,5.657452404071757,0.0,0.15789473684210525,26,2,6,0,0,0,0,1,3,4,0,5,2,7,3,2,0,0,0,0,0,3.8462516540463194,4,4.3661600000000025,101.23650000000002,0,0,0,5,1,1,0,0,0,4,1,0,0,0,1,0,0,0,0,2,1,1,0,0,1,0,0,0,0,0,0,0,1,1,0,0,0,0,0,0,0,0,0,0
Cc1ncc2c(C(N)=O)c(N)n(-c3c(C)c(O)cc(F)c3C)c2n1,7.7567564235,14.143596623834718,14.143596623834718,0.02185185185185179,-0.7364498299319726,0.6626865667962766,11.166666666666666,329.3350000000001,313.20700000000005,329.128802972,124,0.25270218251648646,-0.5074949898321547,0.5074949898321547,0.25270218251648646,1.2916666666666667,1.9583333333333333,2.5833333333333335,19.14219444878049,10.070167854590672,2.247142195497631,-2.156829073989972,2.358149208134193,-2.13961815387139,6.103302484628291,0.1002349677170854,2.7781025845283063,2.5522595213373775,983.6009091763506,17.756630355021702,13.384468222231428,13.384468222231428,11.234958562966852,7.159928528707625,7.159928528707625,5.590521601010049,5.590521601010049,4.053589231422009,4.053589231422009,2.841665619369658,2.841665619369658,-3.1599999999999993,222012.0680425796,15.724934716799421,5.1887676261817095,2.068523675896222,136.28943083357672,16.573862349165076,23.208999950164756,5.647177220767728,0.0,5.907179729351506,0.0,9.361636831863176,14.358372089569237,0.0,0.0,0.0,20.771211599071872,23.390113623468675,16.637061980845353,14.291479626587348,22.758443942419056,0.0,14.53505668968577,5.733667477162185,20.771211599071872,5.733667477162185,40.59519045421149,11.436898107967467,11.46733495432437,10.208277825509848,5.749511833283905,0.0,25.54876381387798,0.0,26.588432440117767,27.309296157162734,12.263210640074686,0.0,16.720787709916085,120.05000000000001,11.7244005703974,14.291479626587348,0.0,22.694277594512922,28.108643699613005,6.06636706846161,10.763943219404432,20.771211599071872,0.0,9.967957041894417,11.46733495432437,15.571744771982866,0.0,20.203565917107582,10.350363126732175,12.940919627110103,-1.080609410430839,1.033013668430335,1.4528184051398336,4.861517227261275,0.0,0.1875,24,5,7,0,0,0,1,1,2,3,0,5,3,8,2,2,0,0,0,0,0,3.3997096742645705,3,1.87156,87.62910000000001,0,0,1,3,0,1,1,1,0,3,0,2,0,0,0,0,0,1,1,1,1,1,0,0,1,0,0,0,0,0,0,0,1,1,0,1,0,0,0,0,0,0,0,0
Cc1ncc2c(C(N)=O)c(N)n(-c3c(C)ccc(O)c3C)c2n1,8.13027683,11.826067649281935,11.826067649281935,0.13727135298563908,-0.6442942176870743,0.6653936671179376,11.08695652173913,311.3450000000001,294.209,311.13822478400004,118,0.25270218246421783,-0.5076053723575937,0.5076053723575937,0.25270218246421783,1.2608695652173914,1.9565217391304348,2.608695652173913,16.255451118794937,10.080384847601158,2.234380276939874,-2.1484015364019813,2.346357089753647,-2.137452692858172,6.1032392113264065,0.10023552720005569,2.7582432445677556,2.5282254591347955,958.9943785775774,16.886386867018622,13.083854018411827,13.083854018411827,10.824274960443894,7.054279625536345,7.054279625536345,5.489592438270486,5.489592438270486,3.941423513368903,3.941423513368903,2.82303451935923,2.82303451935923,-3.0899999999999994,150715.9273696713,14.830970211110094,4.977176053067998,2.0862797849132044,132.1238954306505,16.573862349165076,17.39177910911886,5.647177220767728,0.0,5.907179729351506,0.0,9.361636831863176,9.967957041894417,0.0,0.0,6.06636706846161,32.40103015923047,11.760295063310071,16.637061980845353,9.901064578912528,22.758443942419056,0.0,14.53505668968577,5.733667477162185,20.771211599071872,5.733667477162185,40.84433668162721,11.436898107967467,11.46733495432437,5.817862777835028,5.749511833283905,0.0,25.54876381387798,0.0,20.771211599071872,27.309296157162734,18.329577708536295,0.0,16.720787709916085,120.05000000000001,5.907179729351506,9.901064578912528,0.0,17.130826102815927,28.108643699613005,5.563451491696996,6.196843571613076,30.547308184095822,6.923737199690624,9.967957041894417,11.46733495432437,1.6473148148148147,0.0,20.360004881582263,10.529522234819854,14.55171910430839,0.22161564625850438,3.3950450365331317,1.5397656840513982,5.421679264298312,0.0,0.1875,23,5,7,0,0,0,1,1,2,3,0,5,3,7,2,2,0,0,0,0,0,3.209406512108782,3,1.7324599999999999,87.67110000000001,0,0,1,3,0,1,1,1,0,3,0,2,0,0,0,0,0,1,1,2,1,1,0,0,0,0,0,0,0,0,0,0,1,1,0,1,0,0,0,0,0,0,0,0
Cn1c(=O)c(-c2c(Cl)cccc2Cl)cc2cnc(Nc3ccc(N4CCOCC4)cc3)nc21,7.4397130345,13.096323236801922,13.096323236801922,0.2388758877796231,-0.2388758877796231,0.4471476378172132,13.969696969696969,482.3710000000003,461.2030000000003,481.1072302720001,168,0.2594296514204327,-0.3777778199763259,0.3777778199763259,0.2594296514204327,1.0303030303030303,1.7272727272727273,2.4242424242424243,35.49683704265949,10.060841712723374,2.162533425893716,-2.284560686070769,2.334411877396758,-2.3560855647090073,6.387740808811809,0.12246556352517805,2.8329094446493865,1.452396068236546,1362.2516624609577,22.949018510446813,17.885859456398837,19.397717348435744,16.008040390846983,10.520357235898102,11.276286181916557,7.76269324976241,8.577093503243622,5.6802884114587044,6.310229199807416,3.947400406237674,4.548445151073774,-3.13,42358205.935011,21.701931936565323,9.016583000702571,4.269732136614955,200.10634654837426,14.953561288656857,5.647177220767728,0.0,5.948339280986494,5.559266895052008,0.0,9.361636831863176,4.9839785209472085,4.9839785209472085,0.0,29.268246848926644,42.46456947923127,48.658476621644326,28.822482048205487,4.736862953800049,51.55839304605117,0.0,14.53505668968577,7.04767198267719,0.0,36.5199750757078,75.12685082591244,11.126902983393991,15.775965229908817,17.323111830353618,0.0,23.20187978046503,40.838333430536764,11.78453493647724,0.0,0.0,59.522317303377775,10.045266627482652,22.160304418626513,72.28,0.0,4.794537184071822,0.0,5.559266895052008,38.153910327095666,37.67804929021811,4.567099647791355,37.509983828136704,12.13273413692322,32.31738951367445,27.93874273426508,6.898121469305559,12.665280945990279,24.391376831436627,4.750179436672182,3.1881004665980894,0.4029152144396857,14.980470425345954,1.6810086993934394,3.257999343496291,1.6734360562107815,0.20833333333333334,33,1,7,0,1,1,0,2,2,4,0,6,1,9,3,4,0,1,1,0,0,5.929614260049671,5,4.882500000000005,132.99169999999995,0,0,0,3,0,0,0,0,0,4,1,0,0,0,0,0,0,0,3,1,2,1,0,1,2,0,0,0,0,1,0,0,0,0,0,0,1,0,0,0,0,0,0,0
N#CC1(c2cccc(-n3c4nc(Nc5ccc6c(c5)CNCC6)ncc4c(=O)n3CC(F)(F)F)n2)CC1,6.115204636,13.493425234724146,13.493425234724146,0.015896977618207853,-4.6630878237235756,0.4261013609049285,16.27027027027027,506.4920000000003,485.3240000000002,506.1790419520001,188,0.4076089992023963,-0.3241129419189438,0.4076089992023963,0.3241129419189438,1.162162162162162,2.0,2.7567567567567566,19.413202467180152,10.004624797022748,2.462050541469936,-2.1775799318790097,2.463167635897886,-2.302560655694242,5.767121505202218,-0.14354137407639847,3.6436617402662392,1.4717962652656207,1627.9252736655765,25.785881803630286,19.509515853937963,19.509515853937963,17.760900018563085,11.803558366576189,11.803558366576189,9.330876197042572,9.330876197042572,6.7592698455138995,6.7592698455138995,4.679412990920739,4.679412990920739,-4.24,415149053.6724714,23.176129524561905,8.414570983622127,4.207891973452919,208.1266540297743,10.633577208012662,11.93098062037737,11.465039998602755,5.948339280986494,5.559266895052007,6.176298517443475,4.794537184071822,19.331562912184786,23.41711521871015,0.0,12.13273413692322,61.199592531931046,18.428986252209214,17.178139777037515,13.171245143024459,22.66912699090258,5.261891554738487,29.632330037138324,0.0,43.94326666744344,11.861545009918906,69.76968103974902,11.887084090627301,16.19284410306467,24.80697069869452,0.0,0.0,37.03659635648805,24.92532490414794,11.33111286753076,29.66247422409447,47.389583166454564,0.0,16.85126421306755,113.45,23.695312287804835,23.227673881834768,0.0,22.799603494054047,23.217374175845666,35.4429751362769,17.826662131771684,12.13273413692322,18.19910120538483,31.65473408364656,0.0,42.10279648852944,0.0,26.145508857010533,15.910975573147773,1.9040242224851542,0.1952315581561168,12.902377747284575,-1.2775578109602486,0.11664336434666378,0.0,0.32,37,2,9,1,1,2,0,1,3,4,0,7,2,12,4,5,1,0,1,0,0,5.270734784055316,6,3.4839800000000016,128.63540000000006,0,0,0,5,0,0,0,0,0,6,2,0,0,0,0,3,0,0,2,0,1,2,0,0,3,0,0,0,0,0,1,0,0,0,0,0,1,0,0,0,0,0,0,0
NC(=O)c1c(N)n(-c2c(Cl)ccc(O)c2Cl)c2nc3ccccc3nc12,7.066561093000001,11.999026675485009,11.999026675485009,0.00808264046359275,-0.7608989984882844,0.4868712177598677,11.307692307692308,388.21400000000017,377.1260000000002,387.02897995200004,130,0.25425046256968076,-0.5063095701435631,0.5063095701435631,0.25425046256968076,1.0769230769230769,1.7307692307692308,2.3846153846153846,35.496836588216624,10.220709784040457,2.2575822180129617,-2.123721938155957,2.3992661935092316,-2.1365698508626783,6.385988477779301,0.10022442905512,2.8808280295998507,2.23206628481568,1219.1953609122104,18.58505747976789,13.071833771999158,14.583691664036067,12.396754605515326,7.4363271411432015,8.192256087161656,5.573536515218661,6.358701114968493,4.0143393261995275,4.691964941910434,2.8661480329189075,3.405824216076647,-3.029999999999999,948852.5664532436,16.439068675995184,5.755658127246112,2.249687370076821,156.3172660729592,16.573862349165076,27.670160134173514,5.647177220767728,0.0,5.907179729351506,0.0,9.361636831863176,9.967957041894417,0.0,0.0,35.33461391738825,24.26546827384644,0.0,21.74342102365741,9.901064578912528,57.124201661268074,0.0,14.53505668968577,5.733667477162185,0.0,5.733667477162185,52.006920529949305,11.436898107967467,11.46733495432437,5.817862777835028,5.749511833283905,23.20187978046503,25.548763813877983,0.0,0.0,10.357988675768818,36.39820241076966,10.045266627482652,27.88466564830007,120.05,5.907179729351506,9.901064578912528,0.0,44.02735694336613,11.033401435232523,0.0,16.699833784714574,18.19910120538483,6.06636706846161,9.967957041894417,34.6692147347894,1.374259259259259,12.516403446152122,21.01740693499622,10.139602898270827,13.52763579197111,-0.9702544196691021,9.950501644575116,0.0,0.0,0.0,0.0,26,5,7,0,0,0,1,2,2,4,0,5,3,9,2,2,0,0,0,0,0,3.6391407395903332,4,3.2672,100.9861,0,0,1,3,0,1,1,1,0,3,0,2,0,0,0,0,0,1,1,0,2,2,0,0,2,0,0,0,0,0,0,2,1,1,0,1,0,0,0,0,0,0,0,0
NC(=O)c1c(N)n(-c2cccc(O)c2)c2nc3ccccc3nc12,6.431798276,11.89514345553036,11.89514345553036,0.07233644074913936,-0.6796442743764166,0.5214120036822499,11.166666666666666,319.32400000000007,306.2200000000001,319.10692465600005,118,0.2542504485188094,-0.5078857906078967,0.5078857906078967,0.2542504485188094,1.0416666666666667,1.75,2.4166666666666665,16.254777186069163,10.22086777836763,2.2271684208220033,-2.076232671420928,2.30903888828744,-2.1345582831040404,6.101202349592738,0.10022483891218735,2.8327472566960887,2.178289704271257,1116.8235337848143,16.844570503761737,12.470605364359956,12.470605364359956,11.558550648063802,7.219046270656935,7.219046270656935,5.36428820910532,5.36428820910532,3.83212981198206,3.83212981198206,2.797966069085063,2.797966069085063,-3.609999999999999,424764.7856470651,14.01239593662566,4.951960324024769,1.9510169907153927,135.71073361919588,16.573862349165076,22.64752682043219,5.647177220767728,0.0,5.907179729351506,0.0,9.361636831863176,9.967957041894417,0.0,0.0,18.19910120538483,24.26546827384644,6.06636706846161,16.720787709916088,9.901064578912528,33.92232188080304,0.0,14.53505668968577,5.733667477162185,0.0,5.733667477162185,54.09438803938988,11.436898107967467,11.46733495432437,5.817862777835028,5.749511833283905,0.0,25.548763813877983,0.0,0.0,10.357988675768818,48.53093654769288,0.0,27.88466564830007,120.05,5.907179729351506,9.901064578912528,0.0,17.130826102815927,27.88466564830007,0.0,6.06636706846161,28.832567921637793,18.19910120538483,9.967957041894417,11.46733495432437,1.564074074074074,0.0,20.975418398841015,9.743283716277041,14.389750619383557,-0.46989475728562935,13.79736794870994,0.0,0.0,0.0,0.0,24,5,7,0,0,0,1,2,2,4,0,5,3,7,2,2,0,0,0,0,0,2.8912011967790066,4,1.9603999999999993,90.96610000000003,0,0,1,3,0,1,1,1,0,3,0,2,0,0,0,0,0,1,1,0,2,2,0,0,0,0,0,0,0,0,0,2,1,1,0,1,0,0,0,0,0,0,0,0
NC(=O)c1c(N)n(-c2cccc3[nH]ccc23)c2nc3ccccc3nc12,4.698970004,12.085009448223733,12.085009448223733,0.18591836734693867,-0.6277085695389262,0.45720930130636384,11.538461538461538,342.3620000000001,328.2500000000001,342.122909068,126,0.2542504513816743,-0.3840266975364487,0.3840266975364487,0.2542504513816743,1.0,1.7692307692307692,2.5384615384615383,16.146545700785346,10.186260903611743,2.235412629504722,-2.089986453648649,2.328125799219169,-2.135150379532494,6.108068520831181,0.10022526874468875,3.209366652372241,1.9888810754381843,1330.394093370201,17.83613433532446,13.600742038049624,13.600742038049624,12.647867045540844,8.078772806240288,8.078772806240288,6.060481109846599,6.060481109846599,4.557041855265785,4.557041855265785,3.4121493503510556,3.4121493503510556,-3.8699999999999988,1896960.3472176604,14.471101463743137,5.061387961850164,1.8484262877305906,146.80732481974934,16.45131347527158,16.898014987148287,5.647177220767728,0.0,5.907179729351506,0.0,9.361636831863176,9.967957041894417,0.0,0.0,18.19910120538483,30.33183534230805,17.099768503694133,16.720787709916088,4.794537184071822,44.8252468128841,0.0,19.51903521063298,5.733667477162185,0.0,5.733667477162185,60.29123161100295,5.687386274683562,11.46733495432437,5.817862777835028,0.0,0.0,25.426214939984483,0.0,0.0,10.357988675768818,54.727780119305955,0.0,38.78759058038113,115.60999999999999,5.907179729351506,4.794537184071822,0.0,11.381314269532023,16.68057865600025,22.107011924380885,0.0,4.567099647791355,54.727780119305955,9.967957041894417,16.45131347527158,1.741111111111111,0.0,24.572824334789523,0.9602583564289915,16.203134579449063,-0.3948325302343154,15.230876796897721,1.8532940182245738,0.0,0.0,0.0,26,5,7,0,0,0,1,2,3,5,0,4,3,7,3,2,0,0,0,0,0,2.817071490126992,5,2.7361000000000004,101.158,0,0,1,4,1,0,1,1,0,3,1,2,0,0,1,0,0,1,1,0,2,3,0,0,0,0,0,0,0,0,0,2,0,0,0,1,0,0,0,0,0,0,0,0
NC(=O)c1c(N)n(-c2cccc3[nH]cnc23)c2nc3ccccc3nc12,4.698970004,12.069384448223733,12.069384448223733,0.158140589569161,-0.6481167328042325,0.4520971492525533,11.538461538461538,343.3500000000001,330.24600000000015,343.118158036,126,0.2542504590016069,-0.3840259657284857,0.3840259657284857,0.2542504590016069,1.0,1.7692307692307692,2.5384615384615383,16.146548069316488,10.22003069273259,2.2387518417896444,-2.081324447325389,2.3218310885299376,-2.135522678250354,6.1066595656806655,0.10022509028642562,3.209366652372241,1.9888810754381843,1331.9043566495911,17.83613433532446,13.470605364359956,13.470605364359956,12.647867045540844,7.938570025809282,7.938570025809282,5.920278329415593,5.920278329415593,4.413523383238528,4.413523383238528,3.2786248950217587,3.2786248950217587,-3.939999999999999,1896960.3472176604,14.406995451196222,5.026692678126103,1.8326046680103398,146.02697280069583,16.45131347527158,22.414715704764546,5.647177220767728,0.0,5.907179729351506,0.0,9.361636831863176,14.951935562841626,0.0,0.0,18.19910120538483,24.26546827384644,0.0,28.564808502296884,4.794537184071822,44.95572331603557,0.0,24.503013731580186,5.733667477162185,0.0,5.733667477162185,54.3553410456928,5.687386274683562,11.46733495432437,5.817862777835028,0.0,0.0,30.41019346093169,0.0,0.0,10.357988675768818,48.79188955399581,0.0,38.9180670835326,128.5,5.907179729351506,4.794537184071822,0.0,11.381314269532023,33.40136636591633,5.516700717616262,0.0,10.894419722555895,42.46456947923127,19.935914083788834,11.46733495432437,1.678611111111111,0.0,28.760996890848983,0.0,16.516179217057193,-0.4552406934996216,13.062826122924427,1.6032940182245736,0.0,0.0,0.0,26,5,8,0,0,0,1,2,3,5,0,5,3,8,3,2,0,0,0,0,0,2.7853668672432357,5,2.131099999999999,98.95299999999999,0,0,1,5,1,0,1,1,0,4,1,2,0,0,1,0,0,1,1,0,2,3,0,0,0,0,0,1,0,0,0,3,0,0,0,1,0,0,0,0,0,0,0,0
NC(=O)c1c(N)n(-c2cccc3[nH]ncc23)c2nc3ccccc3nc12,6.739928612,12.072663769211388,12.072663769211388,0.16551020408163253,-0.6433335695389262,0.4520971492525533,11.538461538461538,343.3500000000001,330.24600000000015,343.118158036,126,0.2542504514104082,-0.3840266917775548,0.3840266917775548,0.2542504514104082,1.0384615384615385,1.8076923076923077,2.576923076923077,16.14654818438694,10.191940991523241,2.2367231363945193,-2.085571034464084,2.325549969947279,-2.1351594130459075,6.10771265651291,0.10022523666164813,3.209366652372241,1.9888810754381843,1331.9043566495911,17.83613433532446,13.470605364359956,13.470605364359956,12.647867045540844,7.938570025809282,7.938570025809282,5.95281249783801,5.95281249783801,4.446856716571861,4.446856716571861,3.295885798160417,3.295885798160417,-3.939999999999999,1896960.3472176604,14.406995451196222,5.026692678126103,1.8326046680103398,145.99542636910056,11.46733495432437,16.898014987148287,5.647177220767728,0.0,5.907179729351506,0.0,14.460318640164214,9.967957041894417,5.098681808301038,0.0,18.19910120538483,24.26546827384644,5.386224214464796,28.43433199914542,4.794537184071822,44.8252468128841,0.0,24.732420306287846,5.733667477162185,0.0,5.733667477162185,54.22486454254134,5.687386274683562,11.46733495432437,5.817862777835028,0.0,0.0,30.63960003563935,0.0,0.0,10.357988675768818,48.661413050844345,0.0,38.78759058038113,128.5,5.907179729351506,4.794537184071822,0.0,11.381314269532023,22.19727937361651,16.59031120676462,0.0,10.763943219404432,42.46456947923127,15.181342137549283,16.45131347527158,1.701111111111111,0.0,21.34983331758629,7.855986048166333,15.900204842739566,-0.4382353080120931,13.095032339126856,1.7027343159486015,0.0,0.0,0.0,26,5,8,0,0,0,1,2,3,5,0,5,3,8,3,2,0,0,0,0,0,2.7853668672432357,5,2.131099999999999,98.95299999999999,0,0,1,5,1,0,1,1,0,4,1,2,0,0,1,0,0,1,1,0,2,3,0,0,0,0,0,0,0,0,0,2,0,0,0,1,0,0,0,0,0,0,0,0
NC(=O)c1c(N)n(-c2cccc3[nH]nnc23)c2nc3ccccc3nc12,4.698970004,12.057038769211388,12.057038769211388,0.13773242630385485,-0.6637417328042325,0.44316316956634366,11.538461538461538,344.3380000000001,332.24200000000013,344.113407004,126,0.2542504590362623,-0.38402595877868334,0.38402595877868334,0.2542504590362623,1.0,1.7692307692307692,2.5384615384615383,16.146552189711382,10.220033916236375,2.240502955752462,-2.0765096831672056,2.3201925563009196,-2.1355649577760567,6.1064842877983505,0.10022508008953224,3.209366652372241,1.9888810754381843,1333.1276228287004,17.83613433532446,13.340468690670289,13.340468690670289,12.647867045540844,7.815302799217288,7.815302799217288,5.829545271246015,5.829545271246015,4.320273798383614,4.320273798383614,3.1842897706172826,3.1842897706172826,-4.01,1896960.3472176604,14.342919057126924,4.992087514308735,1.8168518142103112,145.18352791845183,11.46733495432437,22.414715704764546,5.647177220767728,0.0,5.907179729351506,0.0,14.460318640164214,9.967957041894417,0.0,5.098681808301038,23.412486301039696,24.26546827384644,0.0,22.237488427532348,4.794537184071822,44.95572331603557,0.0,29.945805401942714,5.733667477162185,0.0,5.733667477162185,48.02802097092827,5.687386274683562,11.46733495432437,5.817862777835028,0.0,0.0,35.85298513129422,0.0,0.0,10.357988675768818,42.46456947923127,0.0,38.9180670835326,141.39,5.907179729351506,4.794537184071822,0.0,11.381314269532023,33.40136636591633,5.516700717616262,0.0,4.567099647791355,42.46456947923127,25.37870575415136,11.46733495432437,1.638611111111111,0.0,21.286022376543208,10.758822299950998,16.102138369236584,-0.4986434712773993,12.879715981102166,0.0,0.0,0.0,0.0,26,5,9,0,0,0,1,2,3,5,0,6,3,9,3,2,0,0,0,0,0,2.7538887363009277,5,1.5260999999999993,96.748,0,0,1,6,1,0,1,1,0,5,1,2,0,0,1,0,0,1,1,0,2,3,0,0,0,0,0,0,0,0,0,2,0,0,0,1,0,0,0,0,0,0,0,0
NC(=O)c1cc(-c2ccncc2)cc(-c2ccccc2)c1N,4.5893003305,11.718718820861678,11.718718820861678,0.3270049130763415,-0.536493291761148,0.7267745805108464,10.363636363636363,289.338,274.21799999999996,289.1215121,108,0.25033413363758183,-0.397576017095152,0.397576017095152,0.25033413363758183,0.8636363636363636,1.5454545454545454,2.1818181818181817,16.146367477555447,9.940143105507442,2.140449608138454,-2.127492760624585,2.3340415642110677,-2.139823220625816,6.03034320025836,0.10009483693184505,2.5618063649789007,2.257980212065808,814.4957541705581,15.526733258565956,11.86101538542896,11.86101538542896,10.664703797946451,6.857273270674383,6.857273270674383,4.951207243631072,4.951207243631072,3.5439270719166127,3.5439270719166127,2.424694861271877,2.424694861271877,-3.1399999999999992,137435.78786838806,13.825345374220134,5.693993779409964,2.5401959055059247,127.97148512103736,11.46733495432437,0.0,0.0,0.0,5.907179729351506,0.0,9.77851570501903,0.0,0.0,0.0,30.33183534230805,40.95582274893743,17.957138634923147,11.250837766380558,4.794537184071822,11.594566004035068,0.0,4.9839785209472085,5.733667477162185,0.0,5.733667477162185,72.55444225107765,22.253805966787983,11.46733495432437,5.687386274683562,0.0,0.0,10.891158250298714,0.0,0.0,10.357988675768818,66.99099075938065,0.0,22.253805966787983,82.0,5.907179729351506,4.794537184071822,0.0,0.0,11.250837766380558,22.253805966787983,0.0,18.460054211687762,48.53093654769288,4.9839785209472085,11.46733495432437,0.0,0.0,15.72896678077414,0.0,15.924285871756112,-0.536493291761148,17.137563201589174,3.41234410430839,0.0,0.0,0.0,22,4,4,0,0,0,1,2,1,3,0,3,2,4,1,3,0,0,0,0,0,3.57824684359108,3,3.0967000000000002,88.03930000000001,0,0,1,1,0,0,1,1,0,1,0,2,0,0,0,0,0,1,1,0,2,0,0,0,0,0,0,0,0,0,0,0,0,0,0,1,1,0,0,0,0,0,0,0
NC(=O)c1cccc(Nc2nccc(Nc3cccc4[nH]ncc34)n2)c1,5.952946196,11.293340763660721,11.293340763660721,0.39906391723356016,-0.4877848182705129,0.441071832344563,10.615384615384615,345.36600000000004,330.24600000000004,345.13380810000007,128,0.24827302581840616,-0.3655983913111066,0.3655983913111066,0.24827302581840616,1.0769230769230769,1.9615384615384615,2.8461538461538463,16.146295114449504,10.16890997085588,2.061342379177063,-2.0931179758153746,2.2435536100087665,-2.1059962444700906,5.937412287879578,0.10000710151041199,3.1204403584817717,1.5792614977259916,1089.5545832890643,17.93251065250177,13.600742038049624,13.600742038049624,12.686673185801062,7.879691993746154,7.879691993746154,5.597354396175682,5.597354396175682,3.806322647559193,3.806322647559193,2.58298931243675,2.58298931243675,-3.94,1532847.6764162837,15.579736511064587,6.517316009645597,3.1550713744038554,148.02989327428796,16.367244685174846,5.817862777835028,0.0,11.855519010338,0.0,0.0,9.893218992372859,4.9839785209472085,10.082660329248245,0.0,12.13273413692322,36.39820241076966,22.833905552458432,17.4009305639129,4.794537184071822,39.95107926962121,0.0,20.16532065849649,5.733667477162185,0.0,10.633577208012662,66.48807518261603,0.0,16.367244685174846,23.140974608188646,0.0,0.0,26.072500387848,0.0,0.0,10.357988675768818,60.92462369091903,0.0,10.902924932081056,121.61000000000001,5.907179729351506,4.794537184071822,0.0,0.0,23.01703982520208,16.59031120676462,0.0,36.6591554170726,24.26546827384644,30.798897866509154,5.733667477162185,0.0,0.0,19.94847681808249,14.282858365981943,8.217731871305867,0.5383678387799617,14.444654544517736,3.401243894665334,0.0,0.0,0.0,26,5,8,0,0,0,1,2,2,4,0,6,4,8,2,5,0,0,0,0,0,3.9053102380623566,4,2.939000000000001,99.65100000000001,0,0,0,4,1,0,1,1,0,3,3,1,0,0,1,0,0,1,4,0,2,1,0,0,0,0,0,0,0,0,0,0,0,0,0,1,0,0,0,0,0,0,0,0
NC(=O)c1cccc(Nc2nccc(Nc3cccc4c3NNC4)n2)c1,5.952946196,11.298035245003554,11.298035245003554,0.412297335600907,-0.48238130084776487,0.48120932075033407,12.153846153846153,347.38200000000006,330.24600000000004,347.1494581640001,130,0.24827302581840616,-0.3655983913111066,0.3655983913111066,0.24827302581840616,1.1153846153846154,2.0,2.8846153846153846,16.146298340450688,10.144694352452253,2.134878888729221,-2.114519305132054,2.304710171855258,-2.114871998092802,5.934027583548568,0.10000715489888944,3.1204403584817717,1.549741282703723,973.2583625149741,17.93251065250177,13.783284954546588,13.783284954546588,12.686673185801062,8.066317952840748,8.066317952840748,5.778793636783153,5.778793636783153,3.9645272769930613,3.9645272769930613,2.7328714117772726,2.7328714117772726,-3.65,1532847.6764162837,15.853215340265868,6.691413621579897,3.2593679852933786,149.37993812050564,21.79303608228523,5.817862777835028,0.0,11.855519010338,0.0,0.0,4.794537184071822,10.409769918057593,4.9839785209472085,0.0,18.19910120538483,35.89528683400505,23.992437743906212,11.374772549367124,4.794537184071822,34.735540612223716,0.0,15.393748439004803,5.733667477162185,6.544756405912575,16.059368605123048,65.85468310269995,0.0,27.218827479395614,28.828360882872207,0.0,0.0,15.875136771245923,6.544756405912575,0.0,15.921440167465814,54.727780119305955,0.0,0.0,116.99000000000001,5.907179729351506,4.794537184071822,0.0,0.0,23.01703982520208,17.9195289552797,5.563451491696996,30.462311845459517,18.19910120538483,37.51948411258946,5.733667477162185,0.0,0.0,19.98060067395291,6.3720429159318055,15.779175206357296,0.5786714412367233,14.690220352752124,1.6571899407911312,0.7754328023113404,0.0,0.05555555555555555,26,6,8,0,1,1,1,2,1,3,0,7,5,8,2,5,0,0,0,0,0,4.080016195142092,4,2.4928,100.46170000000002,0,0,0,2,0,0,1,1,0,2,4,1,0,0,0,0,0,1,5,0,2,1,0,0,0,1,0,0,0,0,0,1,0,0,0,1,0,0,0,0,0,0,0,0
Nc1c(-c2c(Cl)cc(F)c3[nH]ncc23)c2ncc(Cl)cc2[nH]c1=O,6.596193389,14.034848225868247,14.034848225868247,0.07561980347694619,-0.5555822467876042,0.4812847112343968,11.458333333333334,364.16700000000003,356.10300000000007,363.008993456,120,0.27181511813082854,-0.39369039281147733,0.39369039281147733,0.27181511813082854,1.1666666666666667,1.9583333333333333,2.75,35.49678443552757,9.988018504607625,2.20933841263445,-2.1198037597272186,2.400881331856205,-2.1380668415213946,6.357088969022741,0.6362029422412604,3.0033877143562138,2.245667034594067,1184.124379419537,17.007707210578268,11.823320246439591,13.335178138476502,11.469234250586762,6.755408171903744,7.511337117922198,5.166392477968554,6.010028385181144,3.7430728268369577,4.247862960872417,2.7136695361572363,3.1636584123612304,-2.6399999999999997,414794.8738420223,14.921147645740815,5.185985314473172,2.054512262999545,142.961864975036,10.717645998109393,17.021307833345716,0.0,0.0,5.559266895052008,0.0,14.877197513320066,4.39041504767482,5.098681808301038,0.0,23.20187978046503,12.13273413692322,22.709970769471862,27.275511634328254,4.39041504767482,50.82559242246217,0.0,20.16532065849649,0.0,0.0,5.733667477162185,50.742712827801746,11.126902983393991,11.292934372214193,10.077801322358383,0.0,23.20187978046503,20.16532065849649,0.0,5.817220841045895,0.0,29.320958464221192,10.045266627482652,33.06322935070757,100.44999999999999,11.376487736097904,9.184952231746642,0.0,16.226720306041152,32.56916194683264,6.06636706846161,12.393687143226153,6.06636706846161,0.0,20.16532065849649,28.935547257627213,14.034848225868247,12.184984015670342,19.0612535430839,7.25520140463593,7.03799108017693,-0.5555822467876042,2.6924671499258137,2.844392382981999,0.0,0.0,0.0,24,4,6,0,0,0,0,1,3,4,0,4,3,9,3,1,0,0,0,0,0,3.2242021902457414,4,3.4944999999999995,91.8418,0,0,1,4,2,0,0,0,0,2,2,1,0,0,2,0,0,0,1,0,1,2,0,0,3,0,0,0,0,0,0,0,0,0,0,0,2,0,0,0,0,0,0,0
Nc1c(-c2c(F)ccc3[nH]ncc23)c2ncc(Cl)cc2[nH]c1=O,6.950394387,14.538409216567283,14.538409216567283,0.11118291761148891,-0.5310512723607961,0.4995706960580131,11.391304347826088,329.7220000000001,320.65000000000003,329.047965808,114,0.2718160402539308,-0.3936896657035726,0.3936896657035726,0.2718160402539308,1.173913043478261,2.0,2.8260869565217392,35.49569154860509,9.985671472031147,2.1972593603435624,-2.1088290330921,2.3624997178583405,-2.1399449329862685,6.307146929844739,0.632880922057193,2.982758223094346,2.2442626487442716,1134.073179298344,16.13746372257519,11.522706042619989,12.278634988638444,11.058550648063804,6.649759268732463,7.027723741741691,5.046125747931583,5.4825615284035685,3.6766063973726753,3.883305349785525,2.662550682022027,2.82045463078745,-2.9299999999999997,284423.8931213845,13.713666051701077,4.786022252575603,1.972965813148435,132.6585987481543,10.717645998109393,11.504607115729456,0.0,0.0,5.559266895052008,0.0,14.877197513320066,4.39041504767482,5.098681808301038,0.0,11.600939890232516,18.19910120538483,22.709970769471862,27.76957903820319,4.39041504767482,39.22465253222966,0.0,20.16532065849649,0.0,0.0,5.733667477162185,51.786446582522025,11.126902983393991,11.292934372214193,10.077801322358383,0.0,11.600939890232516,20.16532065849649,0.0,5.817220841045895,0.0,35.38732553268281,5.022633313741326,33.06322935070757,100.44999999999999,11.376487736097904,9.184952231746642,0.0,16.814289258077554,26.958959681054907,0.0,18.460054211687762,12.13273413692322,0.0,20.16532065849649,17.3346073673947,14.538409216567283,5.913173150947621,18.935651218820862,7.545013647434283,7.067552367654882,-0.5192129629629625,4.399686983847037,2.8975041554687717,0.0,0.0,0.0,23,4,6,0,0,0,0,1,3,4,0,4,3,8,3,1,0,0,0,0,0,2.853648299470955,4,2.841100000000001,86.83180000000003,0,0,1,4,2,0,0,0,0,2,2,1,0,0,2,0,0,0,1,0,1,2,0,0,2,0,0,0,0,0,0,0,0,0,0,0,2,0,0,0,0,0,0,0
Nc1c(-c2cc(F)c(F)c3[nH]ncc23)c2ncc(Cl)cc2[nH]c1=O,7.062983893,13.977762004493155,13.977762004493155,0.11870818286162144,-1.0939396643431032,0.492465468006058,11.458333333333334,347.7120000000001,339.6480000000001,347.038543996,120,0.27181420110297855,-0.39369111590011574,0.39369111590011574,0.27181420110297855,1.2083333333333333,2.0,2.7916666666666665,35.4956916213105,9.987128822885841,2.203522355745948,-2.107334896902918,2.361372675857414,-2.1377891990777855,6.307140850777894,0.5153434575836472,3.026618161463678,2.2230926800277486,1184.124379419537,17.007707210578268,11.823320246439591,12.579249192458047,11.469234250586762,6.755408171903744,7.1333726449129715,5.17111221840027,5.607547998872255,3.7523748867584232,3.959073839171273,2.6889232180027576,2.846827166768181,-3.0,427485.6023614528,14.583333333333334,5.0,1.9630102040816326,136.82413415108059,10.717645998109393,11.204086992299825,11.63444168209179,0.0,5.559266895052008,0.0,14.877197513320066,8.78083009534964,5.098681808301038,0.0,11.600939890232516,12.13273413692322,22.709970769471862,22.252878320586923,8.78083009534964,39.22465253222966,0.0,20.16532065849649,0.0,0.0,5.733667477162185,51.53730035510631,11.126902983393991,11.292934372214193,14.468216370033202,0.0,11.600939890232516,20.16532065849649,0.0,11.63444168209179,0.0,29.320958464221192,5.022633313741326,33.06322935070757,100.44999999999999,17.1937085771438,13.57536727942146,0.0,27.717214190158614,16.05603474897385,6.06636706846161,18.460054211687762,0.0,0.0,20.16532065849649,17.3346073673947,27.87325837850955,5.892395884738957,18.85345017636684,6.726868333753256,6.084089593656395,-2.1541515407603375,2.4669860953640717,2.7015475228157104,0.0,0.0,0.0,24,4,6,0,0,0,0,1,3,4,0,4,3,9,3,1,0,0,0,0,0,3.0381944444444446,4,2.980200000000001,86.78980000000003,0,0,1,4,2,0,0,0,0,2,2,1,0,0,2,0,0,0,1,0,1,2,0,0,3,0,0,0,0,0,0,0,0,0,0,0,2,0,0,0,0,0,0,0
Nc1c(-c2ccc(C(F)(F)F)c3[nH]ncc23)c2ncc(Cl)cc2[nH]c1=O,6.183957659,13.215857701768595,13.215857701768595,0.15779525699168562,-4.558669324402551,0.46890340058390895,12.153846153846153,379.72900000000004,370.65700000000015,379.044772248,132,0.41798249339444943,-0.3936911273453056,0.41798249339444943,0.3936911273453056,1.1923076923076923,1.9615384615384615,2.6923076923076925,35.49569174569071,9.96911421172219,2.3382415770511047,-2.129103916466446,2.398791533877513,-2.1391689316744396,6.307176396349444,-0.13595767842739304,3.0401656514862565,2.1360521809006667,1228.4766233532744,18.637463722575188,12.778634988638442,13.534563934656898,12.26987551346899,7.27772374174169,7.655688214750918,5.609622320901322,6.0460581013733075,4.043544172972395,4.250243125385245,2.9268415143384874,3.0847454631039106,-3.07,894848.4381897678,16.4012249256319,5.464209770875777,2.393927223678307,147.35461166840344,10.717645998109393,5.687386274683562,0.0,0.0,5.559266895052008,6.176298517443475,14.877197513320066,0.0,18.269926951325495,0.0,17.667306958694127,17.696185628620217,17.146519277774868,33.333030529900185,13.171245143024459,39.22465253222966,0.0,20.16532065849649,0.0,6.176298517443475,5.733667477162185,51.53267723317313,11.126902983393991,11.292934372214193,18.858631417708022,0.0,11.600939890232516,20.16532065849649,6.176298517443475,0.0,5.563451491696996,35.38732553268281,5.022633313741326,33.06322935070757,100.44999999999999,17.299016904192477,17.96578232709628,0.0,22.153762698461616,21.619486240670845,6.06636706846161,24.52642128014937,0.0,0.0,20.16532065849649,17.3346073673947,39.64757310530578,5.901936152738822,18.926139022738724,6.5446300629985705,5.293622654565942,0.0,3.6573846354385373,-1.9435078560086088,0.0,0.0,0.0625,26,4,6,0,0,0,0,1,3,4,0,4,3,10,3,1,0,0,0,0,0,3.4469128266526607,4,3.7207999999999997,91.87580000000001,0,0,1,4,2,0,0,0,0,2,2,1,0,0,2,3,0,0,1,0,1,2,0,0,4,0,0,0,0,0,0,0,0,0,0,0,2,0,0,0,0,0,0,0
Nc1c(-c2ccc(Cl)c3[nH]ncc23)c2ncc(Cl)cc2[nH]c1=O,8.013228266,12.178789586307774,12.178789586307774,0.08068972033257782,-0.3998504031242123,0.4919244143241558,11.391304347826088,346.1770000000001,337.1050000000001,345.018415268,114,0.2718141866362132,-0.39369112731041217,0.39369112731041217,0.2718141866362132,1.173913043478261,2.0,2.8260869565217392,35.49678424890151,9.99264840841984,2.1720453290528905,-2.1042178813504373,2.364652746248688,-2.135884750407626,6.353679131905064,1.1188469961827756,3.0059617304749726,2.199703866474638,1132.073179298344,16.13746372257519,11.522706042619989,13.0345639346569,11.058550648063804,6.649759268732463,7.405688214750919,5.046125747931584,5.8897616551441745,3.687295941670786,4.208965288257991,2.6571877221261797,3.0221434941480507,-2.57,290258.6706563938,14.04977569057694,4.972847356004608,2.067746176576572,138.79632957210978,10.717645998109393,5.687386274683562,0.0,0.0,5.559266895052008,0.0,14.877197513320066,0.0,5.098681808301038,0.0,29.268246848926644,17.696185628620217,17.146519277774868,32.792212351944514,0.0,50.82559242246217,0.0,20.16532065849649,0.0,0.0,5.733667477162185,50.99185905521746,11.126902983393991,11.292934372214193,5.687386274683562,0.0,23.20187978046503,20.16532065849649,0.0,0.0,0.0,35.38732553268281,10.045266627482652,33.06322935070757,100.44999999999999,5.559266895052008,4.794537184071822,0.0,5.687386274683562,32.158820272028436,10.949675706161791,6.196843571613076,24.395944776997908,0.0,20.16532065849649,28.935547257627213,0.0,12.123743718680887,19.19097462801993,8.570007794784582,8.708426485820668,0.0,5.150341597029758,3.1453946645530637,0.0,0.0,0.0,23,4,6,0,0,0,0,1,3,4,0,4,3,8,3,1,0,0,0,0,0,3.037712604145363,4,3.3554000000000004,91.88380000000001,0,0,1,4,2,0,0,0,0,2,2,1,0,0,2,0,0,0,1,0,1,2,0,0,2,0,0,0,0,0,0,0,0,0,0,0,2,0,0,0,0,0,0,0
Nc1c(-c2ccc(F)c3[nH]ncc23)c2ncc(-c3ccccn3)cc2[nH]c1=O,6.63732907,14.05666840812799,14.05666840812799,0.013605809607793784,-0.44125855589149254,0.44014176595159216,11.321428571428571,372.36300000000006,359.25900000000007,372.11348725600004,136,0.27181381757158,-0.39369112730544975,0.39369112730544975,0.27181381757158,1.0714285714285714,1.9642857142857142,2.7857142857142856,19.14219127306315,9.98474693530792,2.1811226972013102,-2.112016568142975,2.3546916045171478,-2.137732242174069,6.059949514291848,0.6361376987137389,3.2133539361579544,1.8351266200708043,1407.4530256912699,19.250347897697555,14.401356241869225,14.401356241869225,13.631030293135236,8.481257854319802,8.481257854319802,6.331560892836365,6.331560892836365,4.681323389168639,4.681323389168639,3.3562757479728265,3.3562757479728265,-4.069999999999999,5129129.846063837,16.12905551306018,5.983558496328429,2.350540180510373,156.63207470828323,10.717645998109393,17.021307833345716,0.0,0.0,5.559266895052008,0.0,19.861176034267274,4.39041504767482,5.098681808301038,0.0,12.13273413692322,29.828919765543436,28.90681434108494,22.924173001694058,4.39041504767482,27.623712641997145,0.0,25.149299179443698,0.0,0.0,5.733667477162185,71.15975804577862,22.38428246993945,11.292934372214193,10.077801322358383,0.0,0.0,25.149299179443698,0.0,5.817220841045895,0.0,59.78327030968072,0.0,44.320608837253026,113.34,11.376487736097904,9.184952231746642,0.0,11.204086992299825,27.546528633091306,11.257379486545457,12.263210640074686,24.52642128014937,18.19910120538483,25.149299179443698,5.733667477162185,14.05666840812799,0.0,24.102172070287146,7.066542253526311,9.454022021215385,-0.43577318250301533,10.233237803446968,4.856463959232545,0.0,0.0,0.0,28,4,7,0,0,0,0,1,4,5,0,5,3,8,4,2,0,0,0,0,0,3.4467552554615764,5,3.2497,105.05280000000002,0,0,1,5,2,0,0,0,0,3,2,1,0,0,2,0,0,0,1,0,1,2,0,0,1,0,0,0,0,0,0,0,0,0,0,0,3,0,0,0,0,0,0,0
Nc1c(-c2ccc(F)c3[nH]ncc23)c2ncc(C(F)(F)F)cc2[nH]c1=O,7.40560745,13.882104883352177,13.882104883352177,0.05945200302343201,-4.617730815052018,0.4521934524995875,12.153846153846153,363.27400000000006,354.20200000000006,363.074322788,132,0.4174659095868872,-0.39369112731936184,0.4174659095868872,0.39369112731936184,1.1538461538461537,1.9230769230769231,2.6538461538461537,19.413200414995618,9.986656412893025,2.3141798253527144,-2.121560821312159,2.36618447788169,-2.148469231595543,6.056143316688818,-0.13726716902505093,3.0664128321685467,2.1163172662174405,1225.2315108554378,18.637463722575188,12.778634988638442,12.778634988638442,12.26987551346899,7.27772374174169,7.27772374174169,5.61434206133304,5.61434206133304,4.047991806903844,4.047991806903844,2.837703606920203,2.837703606920203,-3.4299999999999993,927550.0183641672,16.06091905187459,5.281516969067539,2.29649495113593,141.21688084444799,10.717645998109393,17.021307833345716,0.0,0.0,5.559266895052008,6.176298517443475,14.877197513320066,4.39041504767482,18.269926951325495,0.0,6.06636706846161,17.696185628620217,17.146519277774868,22.793696498542594,17.56166019069928,27.623712641997145,0.0,20.16532065849649,0.0,6.176298517443475,5.733667477162185,52.327264760477696,11.126902983393991,11.292934372214193,23.24904646538284,0.0,0.0,20.16532065849649,6.176298517443475,5.817220841045895,5.563451491696996,35.38732553268281,0.0,33.06322935070757,100.44999999999999,23.116237745238372,22.3561973747711,0.0,27.800939919229343,17.146519277774868,12.13273413692322,12.263210640074686,0.0,0.0,20.16532065849649,5.733667477162185,52.64025595316179,0.0,18.28063436948854,6.5785116072816745,4.3153164761274905,-0.5682551883241824,3.2978825349584278,-2.6276790860270745,0.0,0.0,0.0625,26,4,6,0,0,0,0,1,3,4,0,4,3,10,3,1,0,0,0,0,0,3.2625390965882985,4,3.2065,86.82380000000002,0,0,1,4,2,0,0,0,0,2,2,1,0,0,2,3,0,0,1,0,1,2,0,0,4,0,0,0,0,0,0,0,0,0,0,0,2,0,0,0,0,0,0,0
Nc1c(-c2ccc(F)c3[nH]ncc23)c2ncc(C3CC3)cc2[nH]c1=O,7.9793036575,13.971693955895796,13.971693955895796,0.06322231670445966,-0.4093089073324456,0.5238947112106422,14.44,335.3420000000001,321.23,335.118238288,124,0.2718136715328513,-0.39369112732011896,0.39369112732011896,0.2718136715328513,1.24,2.08,2.88,19.14219044200195,9.984257255177733,2.2491988545224317,-2.1109989924169907,2.412417979959633,-2.138662816237738,6.0562705942125135,0.6361379159339904,3.334317273515227,1.877248732491505,1205.508551260204,17.129027554137913,13.136305401173484,13.136305401173484,12.131030293135236,8.065948747750388,8.065948747750388,6.435514885277228,6.435514885277228,4.790570188028345,4.790570188028345,3.33876393290517,3.33876393290517,-3.2199999999999998,1300043.63630904,14.150869823493052,4.888815806342289,2.0508075030548616,140.44432771093327,10.717645998109393,17.021307833345716,0.0,0.0,5.559266895052008,0.0,14.877197513320066,4.39041504767482,5.098681808301038,0.0,6.06636706846161,42.019186412330626,17.146519277774868,17.2302450068456,4.39041504767482,27.623712641997145,0.0,20.16532065849649,0.0,18.75954929201341,5.733667477162185,52.327264760477696,11.126902983393991,11.292934372214193,10.077801322358383,0.0,0.0,20.16532065849649,0.0,5.817220841045895,24.32300078371041,35.38732553268281,0.0,33.06322935070757,100.44999999999999,5.817220841045895,9.184952231746642,0.0,16.763353887351833,33.4644346792527,18.405094737549014,12.263210640074686,6.06636706846161,12.263210640074686,20.16532065849649,5.733667477162185,13.971693955895796,0.0,19.72303091143865,7.115878877415675,9.530590304022843,0.11180850823392341,4.898360287016041,5.648637155977073,0.0,0.0,0.16666666666666666,25,4,6,1,0,1,0,1,3,4,0,4,3,7,3,2,1,0,1,0,0,2.767239842663398,5,3.0651,93.79680000000003,0,0,1,4,2,0,0,0,0,2,2,1,0,0,2,0,0,0,1,0,1,2,0,0,1,0,0,0,0,0,0,0,0,0,0,0,2,0,0,0,0,0,0,0
Nc1c(-c2ccc(F)c3[nH]ncc23)c2ncc(Cl)cc2[nH]c1=O,7.535085031666667,13.858459336979358,13.858459336979358,0.0013246409674982917,-0.46061429201310156,0.4995706960580131,11.391304347826088,329.7220000000001,320.65000000000003,329.047965808,114,0.2718141866917322,-0.39369112726661787,0.39369112726661787,0.2718141866917322,1.2608695652173914,2.0869565217391304,2.9130434782608696,35.49569154860364,9.990733765494513,2.1756358054237888,-2.102045595436727,2.3506146334806948,-2.136271413632911,6.307130316894675,0.6361382120718219,3.0059617304749726,2.199703866474638,1134.073179298344,16.13746372257519,11.522706042619989,12.278634988638444,11.058550648063804,6.649759268732463,7.027723741741691,5.046125747931584,5.482561528403569,3.687295941670786,3.8939948940836357,2.6571877221261797,2.815091670891603,-2.9299999999999997,290258.6706563938,13.713666051701077,4.786022252575603,1.972965813148435,132.6585987481543,10.717645998109393,17.021307833345716,0.0,0.0,5.559266895052008,0.0,14.877197513320066,4.39041504767482,5.098681808301038,0.0,17.667306958694127,17.696185628620217,17.146519277774868,22.252878320586923,4.39041504767482,39.22465253222966,0.0,20.16532065849649,0.0,0.0,5.733667477162185,51.786446582522025,11.126902983393991,11.292934372214193,10.077801322358383,0.0,11.600939890232516,20.16532065849649,0.0,5.817220841045895,0.0,35.38732553268281,5.022633313741326,33.06322935070757,100.44999999999999,11.376487736097904,9.184952231746642,0.0,11.204086992299825,32.56916194683264,0.0,18.460054211687762,12.13273413692322,0.0,20.16532065849649,17.3346073673947,13.858459336979358,5.927169547290398,19.034188791257243,7.357071523053667,7.671725648078162,-0.43984150604686323,4.427176302105204,2.941828135060608,0.0,0.0,0.0,23,4,6,0,0,0,0,1,3,4,0,4,3,8,3,1,0,0,0,0,0,2.853648299470955,4,2.8411,86.83180000000003,0,0,1,4,2,0,0,0,0,2,2,1,0,0,2,0,0,0,1,0,1,2,0,0,2,0,0,0,0,0,0,0,0,0,0,0,2,0,0,0,0,0,0,0
Nc1c(-c2cccc(O)c2)c2cc(Cl)ccc2[nH]c1=O,7.330683119,11.920931594860166,11.920931594860166,0.10219135802469137,-0.36280990173847294,0.6428222136620395,10.85,286.718,275.63,286.050905272,100,0.27171051530070883,-0.5079438829807187,0.5079438829807187,0.27171051530070883,1.15,1.95,2.7,35.49569135157322,9.992001473950365,2.124297791162848,-2.102110706247218,2.33189003610934,-2.1291809729280824,6.311334958979891,0.4753695555967261,2.4069437097599966,2.4671925041901406,871.3667791553739,14.27565640300939,10.352228512490056,11.108157458508511,9.558550648063802,5.964789390839842,6.342753863849069,4.483033354585692,4.919469135057677,3.147945156517402,3.383042259305141,2.25299821788292,2.425101241835787,-2.4599999999999995,39936.010032337865,12.56757485629038,4.577375620493699,1.9989979042180683,118.98872261437687,15.824173392950097,11.436898107967467,0.0,0.0,5.559266895052008,0.0,4.794537184071822,0.0,0.0,0.0,23.733674027155736,35.89528683400505,21.489009737519382,0.0,5.106527394840706,28.191251096997135,0.0,4.9839785209472085,0.0,0.0,5.733667477162185,57.84100687209642,16.876414816677897,11.292934372214193,5.687386274683562,5.749511833283905,11.600939890232516,10.090505915787915,0.0,0.0,0.0,47.25910666330309,5.022633313741326,22.029827915475046,79.11,0.0,9.901064578912528,0.0,16.996165003019474,21.66623701475158,5.386224214464796,0.0,42.46456947923127,0.0,4.9839785209472085,17.3346073673947,0.0,6.019298504381176,14.629199577979339,10.891341079127127,7.535994583018393,0.10866638321995525,11.759944316718457,0.0,0.0,0.0,0.0,20,4,4,0,0,0,0,2,1,3,0,3,3,5,1,1,0,0,0,0,0,2.876325537795659,3,3.136300000000001,81.09190000000002,0,0,1,1,1,1,0,0,0,0,1,1,0,0,1,0,0,0,1,0,2,1,0,0,1,0,0,0,0,0,0,0,1,1,0,0,1,0,0,0,0,0,0,0
Nc1c(-c2cccc(O)c2)c2ncc(Cl)cc2[nH]c1=O,7.769551079,11.909428382464096,11.909428382464096,0.05363189720332584,-0.41675044091710745,0.641105864171667,10.85,287.706,277.626,287.04615423999996,100,0.27181380439988856,-0.5079438751032824,0.5079438751032824,0.27181380439988856,1.3,2.1,2.85,35.4956913733458,10.024851676622994,2.135189712596519,-2.091612436153809,2.314976835015404,-2.1346265170090506,6.306678901464774,0.47536857417311473,2.402113591751026,2.447398306870843,873.9122816785317,14.27565640300939,10.222091838800388,10.978020784818844,9.558550648063802,5.8245866104088355,6.202551083418063,4.342830574154687,4.779266354626671,2.988120939495215,3.1948198919080646,2.1181534534634445,2.276057402228867,-2.53,39723.75246678672,12.50109916643123,4.538516878148961,1.9777025210754113,118.20837059532336,15.824173392950097,11.436898107967467,0.0,0.0,5.559266895052008,0.0,9.77851570501903,0.0,0.0,0.0,23.733674027155736,23.762552697081826,11.760295063310071,16.05603474897385,5.106527394840706,28.3217276001486,0.0,9.967957041894417,0.0,0.0,5.733667477162185,51.905116306786276,16.876414816677897,11.292934372214193,5.687386274683562,5.749511833283905,11.600939890232516,15.074484436735123,0.0,0.0,0.0,41.32321609799295,5.022633313741326,22.160304418626517,92.0,5.559266895052008,9.901064578912528,0.0,11.436898107967467,27.18293773236784,0.0,12.263210640074686,24.26546827384644,0.0,9.967957041894417,17.3346073673947,0.0,5.878593246969569,18.767975718065003,9.998953792936927,7.629460663895188,0.08731033565689716,8.102049275986115,1.4801014109347443,0.0,0.0,0.0,20,4,5,0,0,0,0,1,2,3,0,4,3,6,2,1,0,0,0,0,0,2.836822478113102,3,2.5313,78.88690000000003,0,0,1,2,1,1,0,0,0,1,1,1,0,0,1,0,0,0,1,0,1,1,0,0,1,0,0,0,0,0,0,0,1,1,0,0,2,0,0,0,0,0,0,0
Nc1c(-c2cccc3[nH]ncc23)cc(-c2cnn(C3COC3)c2)c2nc(-c3ccncc3)[nH]c(=O)c12,9.0,13.496195975507845,13.496195975507845,0.19600600764742127,-0.3133651685983032,0.3305561496388181,13.88888888888889,476.5000000000002,456.34000000000026,476.17092188000004,176,0.26067794435142055,-0.3975104355999686,0.3975104355999686,0.26067794435142055,1.0277777777777777,1.8888888888888888,2.6944444444444446,16.50098112332755,9.93323826651518,2.236266590441058,-2.2545259126881705,2.398569630428541,-2.3030934177802824,6.092732192846898,-0.02858102642625125,3.5350946760039,1.5383387476805217,1815.28223025438,24.22503939238571,18.972331620265752,18.972331620265752,17.669836433395453,11.488069406363653,11.488069406363653,8.796506992105884,8.796506992105884,6.6585202197548705,6.6585202197548705,4.688328078597657,4.688328078597657,-4.83,351147388.0397777,20.535359039016036,7.85437774110822,3.1174388058862093,203.3334073875493,15.454508951909443,5.824404497999927,0.0,0.0,5.559266895052008,0.0,19.55900044846525,4.9839785209472085,10.197363616602075,0.0,12.13273413692322,29.828919765543436,46.230560896092,53.756303825780826,4.736862953800049,27.49323613884568,0.0,34.929783922889925,0.0,6.041840829147961,18.94743140618802,77.73622434795888,33.6416619564849,11.292934372214193,5.687386274683562,0.0,0.0,48.14354785191577,4.736862953800049,0.0,6.041840829147961,72.17695745290688,0.0,55.44751182064702,140.39000000000001,0.0,4.794537184071822,0.0,11.601107724199968,35.628479633790384,38.72018239056604,0.0,36.920108423375524,35.1441147806047,25.26400246679753,15.454508951909443,7.228976795199011,0.0,25.34438303849445,12.98681271131661,12.091890722799226,0.44446376081296735,11.640854082244289,8.84307242289583,1.2528797995709553,0.0,0.11538461538461539,36,4,10,0,1,1,0,2,4,6,0,7,3,10,5,4,0,1,1,0,0,4.480346303936473,7,3.5454000000000008,136.17179999999993,0,0,1,7,2,0,0,0,0,5,2,1,0,0,2,0,0,0,1,0,2,2,0,1,0,0,0,0,0,0,0,0,0,0,0,0,1,0,0,0,0,0,0,0
Nc1c(-c2cccc3c2CC(=O)N3)c2ncc(Cl)cc2[nH]c1=O,5.263922363,12.168953373015874,12.168953373015874,0.06951058201058213,-0.41069223985890635,0.6384321848637651,13.173913043478262,326.74300000000005,315.65500000000003,326.057053272,114,0.2718139775215851,-0.3936912922020274,0.3936912922020274,0.2718139775215851,1.2608695652173914,2.0869565217391304,2.9130434782608696,35.4956915344599,9.95632720409658,2.2389254381812,-2.1209699189115074,2.3750290958167377,-2.1396945312469575,6.306953127736229,-0.11462230230467077,2.8906546569474494,2.1162885313401505,1042.1650619795723,16.13746372257519,11.812883045761215,12.56881199177967,11.041713895658194,6.93486046988771,7.312824942896937,5.349142339471519,5.785578119943504,3.9100729124904174,4.116771864903266,2.9207303511183533,3.0786342998837766,-2.86,262668.0073675008,13.778965852886007,4.822144302011884,2.068338018868383,134.84957420204316,16.034434602115724,5.687386274683562,0.0,5.907179729351506,5.559266895052008,0.0,14.573052889090853,0.0,0.0,0.0,23.733674027155736,23.259637120317212,17.447681337993636,22.476856371899856,4.794537184071822,39.91629360418367,0.0,9.967957041894417,0.0,6.4208216229260096,11.050456081168516,51.40220073002166,11.126902983393991,16.609722976220525,11.374772549367124,0.0,11.600939890232516,15.875136771245923,11.21535880699783,0.0,5.563451491696996,35.25684902953134,5.022633313741326,22.160304418626517,100.87,5.559266895052008,9.589074368143644,0.0,18.015387626961076,21.619486240670845,16.814289258077554,6.196843571613076,6.06636706846161,18.19910120538483,15.284745645900749,17.3346073673947,0.0,5.951606849606488,30.860780270364955,3.2073223209036703,9.518511834775063,-0.08687854308389986,7.0858171488760116,1.740617896335489,0.0,0.0,0.0625,23,4,6,0,1,1,1,1,2,3,0,4,3,7,3,1,0,0,0,0,0,2.888876594570025,4,2.3202999999999996,89.55580000000002,0,0,1,2,1,0,1,1,0,1,2,1,0,0,1,0,0,1,2,0,1,2,0,0,1,0,0,0,0,0,0,0,0,0,0,0,2,0,0,0,0,0,0,0
O=C(Nc1cccc(-c2nn3ncccc3c2-c2ccnc(Nc3cccnc3)n2)c1)c1c(F)cccc1F,4.922738107,14.13570664674422,14.13570664674422,0.3312399942986717,-0.9473841307922493,0.2974765363028523,10.923076923076923,520.5030000000002,502.35900000000026,520.1571636360001,190,0.26113465524127377,-0.32277616702369955,0.32277616702369955,0.26113465524127377,0.8461538461538461,1.641025641025641,2.4615384615384617,19.14553865932543,10.030088648509699,2.2054697356167514,-2.094941005412583,2.348876795594679,-2.153600186607798,6.04734587831315,0.10142639995959696,3.336602592033525,1.3983242047913247,1803.8332484847958,26.769009466755723,20.085063116516086,20.085063116516086,19.063683283512802,11.76966951192783,11.76966951192783,8.385723676387288,8.385723676387288,5.832435448909956,5.832435448909956,4.124875052974231,4.124875052974231,-5.579999999999999,1266841592.4571376,23.796755339285426,10.054470593956477,4.756326556910556,219.7703467680163,10.633577208012662,22.891821168637247,0.0,5.948339280986494,5.907179729351506,0.0,9.77851570501903,18.748787137244058,9.72878298927049,5.098681808301038,18.19910120538483,54.59730361615449,29.84136848121979,28.658310050458358,13.575367279421462,28.746992277321386,0.0,29.779400360413153,0.0,0.0,10.633577208012662,114.78167228178043,22.514758973090913,10.633577208012662,26.10394192570326,0.0,0.0,35.68658008976466,0.0,11.63444168209179,10.357988675768818,97.58377910799165,0.0,28.031459690707177,109.99000000000001,23.10507290314029,13.575367279421462,0.0,0.0,39.66718524637723,17.820120411606784,10.696468249431064,67.25194376568358,12.13273413692322,30.79889786650915,4.9839785209472085,29.758486170440463,0.0,25.773147239504205,14.681773632774089,3.524654275217359,-2.432565797765526,19.12049418045913,6.574010299370283,0.0,0.0,0.0,39,2,9,0,0,0,1,2,4,6,0,7,2,11,4,6,0,0,0,0,0,6.134968635651849,6,5.522400000000003,141.27989999999986,0,0,0,6,0,0,1,1,0,6,2,0,0,0,0,0,0,1,3,0,2,1,0,0,2,0,0,0,0,0,0,0,0,0,0,0,1,0,0,0,0,0,0,0
O=C(O[C@@H]1Cc2c(O)cc(O)cc2O[C@@H]1c1cc(O)c(O)c(O)c1)c1cc(O)c(O)c(O)c1,6.863279433,12.721634175275048,12.721634175275048,0.05257026433162815,-1.181149166456706,0.2115032367203034,17.09090909090909,458.37500000000017,440.2310000000003,458.0849113959999,172,0.33833915638013096,-0.5076790312068091,0.5076790312068091,0.33833915638013096,0.7575757575757576,1.303030303030303,1.878787878787879,16.57570635591575,9.929766073926617,2.370722557499164,-2.3366530137592982,2.455861733319205,-2.3440486606713193,5.908959727526188,-0.018899619920691647,2.7458148502738218,1.7472605732203803,1221.4274042533714,24.02421506852332,16.62836257009481,16.62836257009481,15.544621651056174,9.4705431026097,9.4705431026097,7.398788707989219,7.398788707989219,5.15145508456535,5.15145508456535,3.5510570821658263,3.5510570821658263,-4.67,17548920.071957238,21.557830262348368,7.786084613077349,3.8680562614814904,184.74201141230785,50.32594506632574,23.352501887600017,40.60103738745173,0.0,0.0,5.969305287951849,0.0,4.794537184071822,0.0,0.0,0.0,24.26546827384644,29.680458743243218,5.563451491696996,55.12048225039756,5.969305287951849,0.0,0.0,0.0,18.628754398422615,0.0,53.08855688586065,51.745606499555144,4.736862953800049,0.0,51.745606499555144,0.0,52.92549083442579,11.157684576726059,0.0,27.58885804691111,36.39820241076966,0.0,0.0,197.36999999999998,52.67430906315188,45.64675634279746,0.0,40.35971159786871,0.0,30.33183534230805,6.06636706846161,0.0,0.0,0.0,9.473725907600098,11.28482258335433,0.0,12.721634175275048,78.2144187769535,-0.018859651885444695,-6.060846151520301,6.1808019021556175,-2.488638300999412,0.0,0.0,0.13636363636363635,33,8,11,0,1,1,0,3,0,3,2,11,8,11,1,3,0,0,0,0,0,5.086396681727389,4,2.233199999999999,108.92089999999999,0,0,0,0,0,8,1,1,0,0,0,0,0,0,0,0,0,0,0,0,3,1,1,2,0,0,0,0,0,0,0,0,8,8,0,0,0,0,0,0,0,0,0,0
O=C(O[C@@H]1Cc2c(O)cc(O)cc2O[C@H]1c1cc(O)c(O)c(O)c1)c1cc(O)c(O)c(O)c1,6.798602876,12.721634175275048,12.721634175275048,0.05257026433162815,-1.181149166456706,0.2115032367203034,17.09090909090909,458.37500000000017,440.2310000000003,458.0849113959999,172,0.33833915638013096,-0.5076790312068091,0.5076790312068091,0.33833915638013096,0.7575757575757576,1.303030303030303,1.878787878787879,16.57570635591575,9.929766073926617,2.370722557499164,-2.3366530137592982,2.455861733319205,-2.3440486606713193,5.908959727526188,-0.018899619920691647,2.7458148502738218,1.7472605732203803,1221.4274042533714,24.02421506852332,16.62836257009481,16.62836257009481,15.544621651056174,9.4705431026097,9.4705431026097,7.398788707989219,7.398788707989219,5.15145508456535,5.15145508456535,3.5510570821658263,3.5510570821658263,-4.67,17548920.071957238,21.557830262348368,7.786084613077349,3.8680562614814904,184.74201141230785,50.32594506632574,23.352501887600017,40.60103738745173,0.0,0.0,5.969305287951849,0.0,4.794537184071822,0.0,0.0,0.0,24.26546827384644,29.680458743243218,5.563451491696996,55.12048225039756,5.969305287951849,0.0,0.0,0.0,18.628754398422615,0.0,53.08855688586065,51.745606499555144,4.736862953800049,0.0,51.745606499555144,0.0,52.92549083442579,11.157684576726059,0.0,27.58885804691111,36.39820241076966,0.0,0.0,197.36999999999998,52.67430906315188,45.64675634279746,0.0,40.35971159786871,0.0,30.33183534230805,6.06636706846161,0.0,0.0,0.0,9.473725907600098,11.28482258335433,0.0,12.721634175275048,78.2144187769535,-0.018859651885444695,-6.060846151520301,6.1808019021556175,-2.488638300999412,0.0,0.0,0.13636363636363635,33,8,11,0,1,1,0,3,0,3,2,11,8,11,1,3,0,0,0,0,0,5.086396681727389,4,2.233199999999999,108.92089999999999,0,0,0,0,0,8,1,1,0,0,0,0,0,0,0,0,0,0,0,0,3,1,1,2,0,0,0,0,0,0,0,0,8,8,0,0,0,0,0,0,0,0,0,0
O=c1c(-c2ccc(O)cc2)coc2cc(O)cc(O)c12,4.107905397,12.381821145124716,12.381821145124716,0.007754629629629806,-0.4079261148904003,0.6318329361180623,10.8,270.24,260.15999999999997,270.05282342000004,100,0.20375050286477933,-0.507966244667516,0.507966244667516,0.20375050286477933,0.9,1.6,2.3,16.33208835537461,10.049727933492944,2.1323732280705325,-2.04635073274188,2.293427126721613,-2.043987274826853,5.8748228713752075,0.4517337453101897,2.3942210013479484,2.314178645953313,846.5071386809369,14.27565640300939,10.199589251754983,10.199589251754983,9.558550648063804,5.8295138221293,5.8295138221293,4.363407436729982,4.363407436729982,3.0198596175272594,3.0198596175272594,2.058504878392015,2.058504878392015,-2.9499999999999997,39600.41536229507,12.102762105524212,4.307802293511395,1.8521839118081178,112.51920203793705,19.736733121575465,34.48094285159781,0.0,5.428790391900541,0.0,0.0,4.794537184071822,0.0,0.0,0.0,12.13273413692322,17.696185628620217,12.13273413692322,5.563451491696996,19.736733121575465,10.969244356107037,0.0,0.0,0.0,0.0,0.0,52.884692982381075,28.375438483245706,5.428790391900541,0.0,17.248535499851716,0.0,15.319582184522117,0.0,0.0,0.0,51.873053527533884,0.0,22.09614733950103,90.9,5.428790391900541,20.11411936859394,0.0,33.78123134765575,5.563451491696996,6.06636706846161,24.462264201023885,12.13273413692322,0.0,0.0,4.417150937053347,5.287426540060468,0.0,12.381821145124716,28.415057647829563,0.522113830099942,-0.4336960800543048,8.400761421852692,1.2598488284202571,0.0,0.0,0.0,20,3,5,0,0,0,0,2,1,3,0,5,3,5,1,1,0,0,0,0,0,2.6068153178,3,2.576800000000001,72.91440000000001,0,0,0,0,0,3,0,0,0,0,0,0,0,0,0,0,0,0,0,0,2,1,0,0,0,0,0,0,0,0,0,0,3,3,0,0,0,0,0,0,0,0,0,0
O=c1cc(-c2ccc(O)c(O)c2)oc2cc(O)cc(O)c12,5.823908741,12.043337270093222,12.043337270093222,0.016263699924414787,-0.48952333711262264,0.5106223467843569,10.857142857142858,286.23900000000003,276.159,286.04773804,106,0.19657917391887414,-0.5076781658604214,0.5076781658604214,0.19657917391887414,0.8095238095238095,1.5714285714285714,2.2857142857142856,16.341529074884875,10.100121224154137,2.1261938140543033,-2.058357717350511,2.33061920249368,-2.0018865578362273,5.855955459621057,0.40355281096876805,2.400453972613347,2.2943459565950697,909.9162849554009,15.14589989101247,10.569452578065315,10.569452578065315,9.952397498181154,5.976884305977174,5.976884305977174,4.5164265762855536,4.5164265762855536,3.0545529549351516,3.0545529549351516,2.072890025324916,2.072890025324916,-3.15,56060.202076412104,12.862251838410245,4.447829199162572,2.1215920915712805,117.31343579013306,24.843260516416166,28.22851544154929,16.92781405846835,0.0,0.0,0.0,4.794537184071822,0.0,0.0,0.0,0.0,18.19910120538483,23.762552697081826,0.0,24.843260516416166,10.969244356107037,0.0,0.0,0.0,0.0,0.0,46.62152998674202,34.321746243707054,5.428790391900541,0.0,22.99804733313562,0.0,20.426109579362823,0.0,0.0,0.0,45.60989053189483,0.0,22.292943266678478,111.13000000000001,5.428790391900541,25.220646763434644,0.0,39.7275391081171,5.563451491696996,12.13273413692322,24.26546827384644,0.0,0.0,0.0,4.417150937053347,5.472451814058957,0.0,12.043337270093222,37.85225637941637,-0.10554421768707423,-1.1327002498530265,7.3701990039715515,0.0,0.0,0.0,0.0,21,4,6,0,0,0,0,2,1,3,0,6,4,6,1,1,0,0,0,0,0,2.7242428235173124,3,2.2824000000000004,74.5792,0,0,0,0,0,4,0,0,0,0,0,0,0,0,0,0,0,0,0,0,2,1,0,0,0,0,0,0,0,0,0,0,4,4,0,0,0,0,0,0,0,0,0,0
Oc1cccc(Nc2ccnc3cc(-c4ccncc4)ccc23)c1,6.3150286075,9.609349717226632,9.609349717226632,0.23456944367284094,0.23456944367284094,0.5730427469612739,10.666666666666666,313.36000000000007,298.24,313.1215121,116,0.11714875857668644,-0.5078861463271697,0.5078861463271697,0.11714875857668644,0.7916666666666666,1.6666666666666667,2.5,16.254726745831245,10.040368341909522,2.0521999287196517,-2.1060114583337244,2.2927505560723684,-1.9244976971943937,5.947320663610902,0.47541879527193903,2.6228328759078243,1.7531355430245956,999.796549630581,16.355160383312146,12.847194285965013,12.847194285965013,11.79282633568371,7.647236745284385,7.647236745284385,5.501657770298753,5.501657770298753,3.881541144742283,3.881541144742283,2.7201931480710755,2.7201931480710755,-3.399999999999999,533505.1896226588,14.208733122665903,6.006250000000001,2.770821791320407,139.01064796105732,10.423315998847038,5.749511833283905,0.0,0.0,0.0,0.0,9.967957041894417,0.0,0.0,0.0,18.19910120538483,47.52510539416365,41.41789454713276,5.516700717616262,5.106527394840706,22.277697481448183,0.0,9.967957041894417,0.0,0.0,5.316788604006331,79.25420139945534,16.876414816677897,5.316788604006331,11.374772549367124,5.749511833283905,0.0,15.074484436735123,0.0,0.0,0.0,79.25420139945534,0.0,22.02982791547505,58.04,0.0,5.106527394840706,0.0,5.749511833283905,0.0,33.40460046484217,0.0,30.723264851762448,30.33183534230805,33.48384685128558,0.0,0.0,0.0,8.537410131542318,13.972844772656211,4.911114281341555,0.23456944367284094,19.16010928129469,5.350618756159049,0.0,0.0,0.0,24,2,4,0,0,0,0,2,2,4,0,4,2,4,2,3,0,0,0,0,0,3.555883471583838,4,4.746000000000003,96.36350000000002,0,0,0,2,0,1,0,0,0,2,1,0,0,0,0,0,0,0,2,0,2,1,0,0,0,0,0,0,0,0,0,0,1,1,0,0,2,0,0,0,0,0,0,0
Oc1cccc(Nc2nc(Nc3ccc(N4CCOCC4)cc3)ncc2Cl)c1,5.714998091,9.597915474979674,9.597915474979674,0.16100442514817281,0.16100442514817281,0.5958337713191639,13.964285714285714,397.8660000000001,377.7060000000002,397.13055256,144,0.2287364374526497,-0.5078861404570011,0.5078861404570011,0.2287364374526497,1.0,1.7857142857142858,2.5357142857142856,35.495692070646676,10.21943558850002,2.11222900772457,-2.2845855714738597,2.266555891128072,-2.3560819060191256,6.324743170222115,0.1224655153306244,2.7177724566448687,1.4695956685848615,945.5810130369581,19.346724214874865,15.099646692925749,15.855575638944204,13.669836433395455,8.956430460911621,9.33439493392085,6.336776482130285,6.743976608870892,4.352677558999718,4.629274110019731,2.941631304787907,3.0799295802979136,-3.03,3362558.5364389503,18.338747786234524,8.327779409478442,4.440198749227522,167.5094280435793,25.376877287503895,10.772145147025231,5.817862777835028,5.948339280986494,0.0,0.0,0.0,4.9839785209472085,4.9839785209472085,0.0,17.667306958694127,36.39820241076966,36.21803870433745,19.41060750063891,9.843390348640755,40.42930077310472,0.0,9.967957041894417,0.0,0.0,41.836763679714124,59.75041343304728,5.749511833283905,15.53348693886314,28.828360882872207,5.749511833283905,11.600939890232516,41.377761177586116,4.736862953800049,0.0,0.0,54.727780119305955,5.022633313741326,0.0,82.54,0.0,5.106527394840706,0.0,5.749511833283905,22.476221647246412,37.67804929021811,6.196843571613076,18.19910120538483,18.19910120538483,37.63417811768078,16.337802844032566,5.392718130258771,6.2021744880794625,10.961130740292482,16.258750314560835,2.7233027451511402,1.036818423459466,14.856092751343661,1.5318650234045257,3.314925161227435,0.0,0.2,28,3,7,0,1,1,0,2,1,3,0,7,3,8,2,5,0,1,1,0,0,5.454323078922222,4,4.1594000000000015,111.18820000000001,0,0,0,2,0,1,0,0,0,3,2,0,0,0,0,0,0,0,5,0,2,0,0,1,1,0,0,0,0,1,0,0,1,1,0,0,0,0,0,0,0,0,0,0
